# Resource object code (Python 3)
# Created by: object code
# Created by: The Resource Compiler for Qt version 6.8.2
# WARNING! All changes made in this file will be lost!

from PySide6 import QtCore

qt_resource_data = b"\
\x00\x00\x00\xe8\
\x89\
PNG\x0d\x0a\x1a\x0a\x00\x00\x00\x0dIHDR\x00\
\x00\x00Q\x00\x00\x00:\x08\x06\x00\x00\x00\xc8\xbc\xb5\xaf\
\x00\x00\x00\x01sRGB\x00\xae\xce\x1c\xe9\x00\x00\x00\
\x04gAMA\x00\x00\xb1\x8f\x0b\xfca\x05\x00\x00\x00\
\x09pHYs\x00\x00\x0e\xc3\x00\x00\x0e\xc3\x01\xc7o\
\xa8d\x00\x00\x00}IDATx^\xed\xd9\xb1\x0d\
\x800\x0c\x00\xc1\xc0\xfe;C\x8a\xf4\x14\xbc\x04\x91\xee\
\x1a\xbb~\xb9\xf31~\xe4\x9a\xd6\xfa\xe8\x98\xd6\xfa\xb9\
sM^\x101 b@\xc4\x80\x88\x01\x11\x03\x22\x06\
D\x0c\x88\x18\x101 b@\xc4\x80\x88\x01\x11\x03\x22\
\x06D\x0c\x88\x18\x101 b@\xc4\x80\x88\x01\x11\x03\
\xdb\xbeL\xff\xc4%\x06D\x0c\x88\x18\x101 b@\
\xc4\x80\x88\x01\x11\x03\x22\x02\x00\x00\x00\x00\x00\x00\x00\xbb\
\x1b\xe3\x06\xce\xa3\x08=P6\xaeC\x00\x00\x00\x00I\
END\xaeB`\x82\
\x00\x00\x00\xe8\
\x89\
PNG\x0d\x0a\x1a\x0a\x00\x00\x00\x0dIHDR\x00\
\x00\x00Q\x00\x00\x00:\x08\x06\x00\x00\x00\xc8\xbc\xb5\xaf\
\x00\x00\x00\x01sRGB\x00\xae\xce\x1c\xe9\x00\x00\x00\
\x04gAMA\x00\x00\xb1\x8f\x0b\xfca\x05\x00\x00\x00\
\x09pHYs\x00\x00\x0e\xc3\x00\x00\x0e\xc3\x01\xc7o\
\xa8d\x00\x00\x00}IDATx^\xed\xd9\xb1\x0d\
\x800\x0c\x00\xc1\xc0\xfe;C\x8a\xf4\x14\xbc\x04\x91\xee\
\x1a\xbb~\xb9\xf31~\xe4\x9a\xd6\xfa\xe8\x98\xd6\xfa\xb9\
sM^\x101 b@\xc4\x80\x88\x01\x11\x03\x22\x06\
D\x0c\x88\x18\x101 b@\xc4\x80\x88\x01\x11\x03\x22\
\x06D\x0c\x88\x18\x101 b@\xc4\x80\x88\x01\x11\x03\
\xdb\xbeL\xff\xc4%\x06D\x0c\x88\x18\x101 b@\
\xc4\x80\x88\x01\x11\x03\x22\x02\x00\x00\x00\x00\x00\x00\x00\xbb\
\x1b\xe3\x06\xce\xa3\x08=P6\xaeC\x00\x00\x00\x00I\
END\xaeB`\x82\
\x00\x00\x00\xe8\
\x89\
PNG\x0d\x0a\x1a\x0a\x00\x00\x00\x0dIHDR\x00\
\x00\x00Q\x00\x00\x00:\x08\x06\x00\x00\x00\xc8\xbc\xb5\xaf\
\x00\x00\x00\x01sRGB\x00\xae\xce\x1c\xe9\x00\x00\x00\
\x04gAMA\x00\x00\xb1\x8f\x0b\xfca\x05\x00\x00\x00\
\x09pHYs\x00\x00\x0e\xc3\x00\x00\x0e\xc3\x01\xc7o\
\xa8d\x00\x00\x00}IDATx^\xed\xd9\xb1\x0d\
\x800\x0c\x00\xc1\xc0\xfe;C\x8a\xf4\x14\xbc\x04\x91\xee\
\x1a\xbb~\xb9\xf31~\xe4\x9a\xd6\xfa\xe8\x98\xd6\xfa\xb9\
sM^\x101 b@\xc4\x80\x88\x01\x11\x03\x22\x06\
D\x0c\x88\x18\x101 b@\xc4\x80\x88\x01\x11\x03\x22\
\x06D\x0c\x88\x18\x101 b@\xc4\x80\x88\x01\x11\x03\
\xdb\xbeL\xff\xc4%\x06D\x0c\x88\x18\x101 b@\
\xc4\x80\x88\x01\x11\x03\x22\x02\x00\x00\x00\x00\x00\x00\x00\xbb\
\x1b\xe3\x06\xce\xa3\x08=P6\xaeC\x00\x00\x00\x00I\
END\xaeB`\x82\
\x00\x00\x00\xe8\
\x89\
PNG\x0d\x0a\x1a\x0a\x00\x00\x00\x0dIHDR\x00\
\x00\x00Q\x00\x00\x00:\x08\x06\x00\x00\x00\xc8\xbc\xb5\xaf\
\x00\x00\x00\x01sRGB\x00\xae\xce\x1c\xe9\x00\x00\x00\
\x04gAMA\x00\x00\xb1\x8f\x0b\xfca\x05\x00\x00\x00\
\x09pHYs\x00\x00\x0e\xc3\x00\x00\x0e\xc3\x01\xc7o\
\xa8d\x00\x00\x00}IDATx^\xed\xd9\xb1\x0d\
\x800\x0c\x00\xc1\xc0\xfe;C\x8a\xf4\x14\xbc\x04\x91\xee\
\x1a\xbb~\xb9\xf31~\xe4\x9a\xd6\xfa\xe8\x98\xd6\xfa\xb9\
sM^\x101 b@\xc4\x80\x88\x01\x11\x03\x22\x06\
D\x0c\x88\x18\x101 b@\xc4\x80\x88\x01\x11\x03\x22\
\x06D\x0c\x88\x18\x101 b@\xc4\x80\x88\x01\x11\x03\
\xdb\xbeL\xff\xc4%\x06D\x0c\x88\x18\x101 b@\
\xc4\x80\x88\x01\x11\x03\x22\x02\x00\x00\x00\x00\x00\x00\x00\xbb\
\x1b\xe3\x06\xce\xa3\x08=P6\xaeC\x00\x00\x00\x00I\
END\xaeB`\x82\
\x00\x00\x02\xd6\
\x89\
PNG\x0d\x0a\x1a\x0a\x00\x00\x00\x0dIHDR\x00\
\x00\x00\x14\x00\x00\x00\x14\x08\x06\x00\x00\x00\x8d\x89\x1d\x0d\
\x00\x00\x00\x09pHYs\x00\x00\x0e\xc4\x00\x00\x0e\xc4\
\x01\x95+\x0e\x1b\x00\x00\x02\x88IDAT8\x8d\xad\
\x94=O\xdbP\x14\x86\x9f{\x14B`\x08\x8b;\x10\
U\x96\x05,\x10\xa9SU$h\xcb\x00\x83\x03T\xa2\
\xa8\x05\x86\xf2\x07\xe0\xf7\xc0\x1f\x88\xd4\xd2.t\xc9G\
%\x18\x18(\x1f\xeaT!\x18\xf8\x90eS:\x90\x05\
*\x91(\xa0{;\x10[\xa6\x84\xc2\xc0\xbbY\xd7\xe7\
\xf1{\xfd\x9es\xe0\x91\xa5\xee:(\x14\x0a\xfd\x222\
\xab\xb5\x1eVJ=\x050\xc6\x1c\x8b\xc8\xaa\xd6:?\
66\xb6\xf5 `\xb9\x5c\xee\xd4Z/\x02\x13\xf7\x98\
\xf9*\x22s\xae\xeb\xfe\xbe\x13X*\x95\x9e\x01%c\
L&\x95J\xe18\x0e\x96e\xd1\xde\xde\x0e\xc0\xc5\xc5\
\x05\x95J\x05\xcf\xf3\xa8\xd5j(\xa5N\x80\x5c.\x97\
\xfby\x0bX.\x97;\x8d1?\x8c1\x19\xdb\xb6\xe9\
\xed\xedED\x9aZ\xd3Z\xb3\xb7\xb7\x87\xef\xfb(\xa5\
N\x94R\xcfC\xa7\x89\xd8K\x8b@\xc6\xb6m\xb2\xd9\
lT\xecy\x1e\x87GG\x00tw\xf5\xe086\x22\
B6\x9b\xc5\x18C\x10\x04\x19c\xcc\x020\x199,\
\x14\x0a\xfdJ\xa9\xcdT*\xc5\xd0\xd0P\xe4\xec\xe3\xa7\
%66\xb78;;\x03\xa0#\x9dfpp\x80\x99\
\xe9\xa9\xc8\xe9\xda\xda\x1a\xb5Z\x0d\x11\xe9w]w[\
\x00Dd\x16\xc0q\x9c\x1b\xb0b\xe9\x1b\xa7\xa7\xa7\xd4\
\xebu\xea\xf5:\xa7\x95\x0a\x85b\x91\xa5\xcf_h\xd4\
\xe18N\x08\x9f\x05\x90\xc6\xc30\x80eY\xd157\
6\xb7\xb8\xba\xba\xbc\xf5\xff./\xafX_\xff\x8e\xef\
\xfb\xc4k\x8c1#\x110\xec\xb30\xcd\xc3\xa3\xa3\xe8\
\x9a\xcdt\xfe\xe7\x9c\xfd\x83C\x00\xda\xda\xda\x883\x9a\
\xc7x\x8f\x8c\x01\xa5\x9a\xcf\x844\xec\x1e\xc3u\x9f\xc1\
u\x9a\x1d\xe9\xf4\x9d\xc0t:MOw\x17\x00\xd5j\
\x958#\x0ce\x15\xa0R\xa9\x00\xe086\x83\x83\x03\
$\x12-\xb7`--\x09^\xbfz\x89m\xdb\xc4k\
\x94R+\x11Pk\x9d\x87\xeb0\xb4\xd6\x00\xccLO\
1>\x96\xe3\x89e\xd1\xda\x9a$\x99LbY\x16o\
\xc6\xc7\x99z\xff\x8eF\x1d\x9e\xe7\xd10\x95\x87\xd8\xa4\
\x14\x8b\xc5e`\xe2\xdf\xc6\xf6}\x9f\xfd\x83C\x94R\
\xf4twE\xce\x00vvv\x08\x82\x00`ytt\
t\x12b\x93\x22\x22s\xc6\x98\x17\xbe\xefg\x8c1\xf4\
\xf5\xf5!\x22\xd8\xb6}\x03\x12:\xdb\xdd\xdd%\x08\x82\
p\xf4\xe6\xc3\xb3\x07-\x87\xb05\xaa\xd5\xea\x8d\xe5\x00\
\xfcRJ\x8d6]\x0e\xa1\x1a\xebk\x01x{+\x91\
\x9bZ\x16\x91\xf9\xff\xae\xaf\xb8\x1a\xf3\xfd\xc1\x183\x12\
_\xb0J\xa9\x15\x11\xc9\xbb\xae\xbb}\xcf\x07\x1fG\x7f\
\x01\x88F&\xfe[S\x9b\x98\x00\x00\x00\x00IEN\
D\xaeB`\x82\
\x00\x00\x01\x0e\
\x89\
PNG\x0d\x0a\x1a\x0a\x00\x00\x00\x0dIHDR\x00\
\x00\x00Q\x00\x00\x00:\x08\x06\x00\x00\x00\xc8\xbc\xb5\xaf\
\x00\x00\x00\x01sRGB\x00\xae\xce\x1c\xe9\x00\x00\x00\
\x04gAMA\x00\x00\xb1\x8f\x0b\xfca\x05\x00\x00\x00\
\x09pHYs\x00\x00\x0e\xc3\x00\x00\x0e\xc3\x01\xc7o\
\xa8d\x00\x00\x00\xa3IDATx^\xed\xd0\xa1\x11\
\xc0 \x00\x04AH\xff='\x08&\x0dp\x02\xb1k\
\xfe\xf5\xcdq\xa9w\xd9\xf77\x97}\xaf\xf2\xec\xe5\x80\
\x88\x01\x11\x03\x22\x06D\x0c\x88\x18\x101 b@\xc4\
\x80\x88\x01\x11\x03\x22\x06D\x0c\x88\x18\x101 b@\
\xc4\x80\x88\x01\x11\x03\x22\x06D\x0c\x88\x18\x101 b\
@\xc4\x80\x88\x01\x11\x03\x22\x06D\x0c\x88\x18\x101 \
b@\xc4\x80\x88\x01\x11\x03\x22\x06D\x0c\x88\x18\x101\
 b@\xc4\x80\x88\x01\x11\x03\x22\x06D\x0c\x88\x18\x10\
1 b@\xc4\x80\x88\x01\x11\x03\x22\x06D\x0c\x88\x18\
\x101 b@\xc4cc|(!\x04t\xf2\x0e\x83\
\x82\x00\x00\x00\x00IEND\xaeB`\x82\
\x00\x00\x00\x89\
\x89\
PNG\x0d\x0a\x1a\x0a\x00\x00\x00\x0dIHDR\x00\
\x00\x00\x14\x00\x00\x00\x14\x08\x06\x00\x00\x00\x8d\x89\x1d\x0d\
\x00\x00\x00\x09pHYs\x00\x00\x0e\xc4\x00\x00\x0e\xc4\
\x01\x95+\x0e\x1b\x00\x00\x00;IDAT8\x8dc\
\xbct\xe9\xd2b\x06*\x02\x16\x06\x06\x06\x06]]\xdd\
\xc3\xd40\xec\xf2\xe5\xcb\xb6L\xd40\x08\x19\x8c\x1a8\
j\xe0\xa8\x81\xa3\x06\x8e\x1a\x08\x01,\x0c\x0c\x90\x92\x96\
Z\x06\x02\x00 \x84\x09\xfbY\xf7\xd8\xa5\x00\x00\x00\x00\
IEND\xaeB`\x82\
\x00\x00\x00\xc0\
\x89\
PNG\x0d\x0a\x1a\x0a\x00\x00\x00\x0dIHDR\x00\
\x00\x00\x14\x00\x00\x00\x14\x08\x06\x00\x00\x00\x8d\x89\x1d\x0d\
\x00\x00\x00\x01sRGB\x00\xae\xce\x1c\xe9\x00\x00\x00\
\x04gAMA\x00\x00\xb1\x8f\x0b\xfca\x05\x00\x00\x00\
\x09pHYs\x00\x00\x0e\xc3\x00\x00\x0e\xc3\x01\xc7o\
\xa8d\x00\x00\x00UIDAT8Oc\x18\x05#\
\x000Bi0\xf8\xff\xff\xffS(\x93$\xc0\xc8\xc8\
(\x0deB@hh(\x1b\xd00\x8a\x00\xd4(\x88\
\x0b\xff\xfd\xfb\xf7\x12h\x8b\x18X\x84L\x00\xd4\x0f6\
\x8b\x09\xcc\xa3\x22\x00\x1b\x18\x1e\x1e.\x0b\xe6Q\x01\xd0\
&RF\xc1(\x18P\xc0\xc0\x00\x00\xbc\xb3M\xef\x1b\
'\xb5\xbd\x00\x00\x00\x00IEND\xaeB`\x82\
\x00\x00\x00\xc0\
\x89\
PNG\x0d\x0a\x1a\x0a\x00\x00\x00\x0dIHDR\x00\
\x00\x00\x14\x00\x00\x00\x14\x08\x06\x00\x00\x00\x8d\x89\x1d\x0d\
\x00\x00\x00\x01sRGB\x00\xae\xce\x1c\xe9\x00\x00\x00\
\x04gAMA\x00\x00\xb1\x8f\x0b\xfca\x05\x00\x00\x00\
\x09pHYs\x00\x00\x0e\xc3\x00\x00\x0e\xc3\x01\xc7o\
\xa8d\x00\x00\x00UIDAT8Oc\x18\x05#\
\x000Bi0\xf8\xff\xff\xffS(\x93$\xc0\xc8\xc8\
(\x0deB@hh(\x1b\xd00\x8a\x00\xd4(\x88\
\x0b\xff\xfd\xfb\xf7\x12h\x8b\x18X\x84L\x00\xd4\x0f6\
\x8b\x09\xcc\xa3\x22\x00\x1b\x18\x1e\x1e.\x0b\xe6Q\x01\xd0\
&RF\xc1(\x18P\xc0\xc0\x00\x00\xbc\xb3M\xef\x1b\
'\xb5\xbd\x00\x00\x00\x00IEND\xaeB`\x82\
\x00\x00\x00\xdb\
\x89\
PNG\x0d\x0a\x1a\x0a\x00\x00\x00\x0dIHDR\x00\
\x00\x00\x14\x00\x00\x00\x14\x08\x06\x00\x00\x00\x8d\x89\x1d\x0d\
\x00\x00\x00\x09pHYs\x00\x00\x0e\xc4\x00\x00\x0e\xc4\
\x01\x95+\x0e\x1b\x00\x00\x00\x8dIDAT8\x8d\xcd\
\xd21\x0e\x80 \x0c\x05\xd0\xaf$N$\xae\x0e^\xc4\
\xd5M\x0e\xc0!\xb9\x80\x9b\xa7\xf1\x02\x1a&\x13\x12W\
C\x04\xdb\xe2\xc0_K_RZ\xa0\xf64\xdc\x06\xe7\
\x5c\xa7\xb5^\x01\x0c\x00&c\xcc\xf9\xac\xb7Bl\x06\
0*\xa5\xfa\xf8\x0d\x19\x8c\xb0dH \x15#\x81\x1c\
\xec\x13\xe4bYP\x82%A)\x96\x04K\xf2\x0aZ\
k/\xef\xfd\x02`\xfb\x05,A\xb3#K\xd0\xcf?\
\xe4\xa2\xa4\xa5pP\xf2\x96\xa9(\xebl\x22t\x0f!\
\x1c\x9c\xfe:r\x03\x18\xc4I \xe97$\xf9\x00\x00\
\x00\x00IEND\xaeB`\x82\
\x00\x00\x031\
\x89\
PNG\x0d\x0a\x1a\x0a\x00\x00\x00\x0dIHDR\x00\
\x00\x00\x14\x00\x00\x00\x14\x08\x06\x00\x00\x00\x8d\x89\x1d\x0d\
\x00\x00\x00\x09pHYs\x00\x00\x0e\xc4\x00\x00\x0e\xc4\
\x01\x95+\x0e\x1b\x00\x00\x02\xe3IDAT8\x8d\xad\
\x94\xd1O\xdbV\x14\xc6?\x8ec7!\xb5e\xe3A\
\x12\xa2\xabHC\x99*\xa1(E\xda\xd4>\xf4\x916\
\x88\x8a\x97\xec\xef\x1c/\xd1\x10\x9e\xf6\xc8K\x05\x9a\xda\
\x00R+V\xa6\xc8rh`\x8e-\xbb7\x98\x9b\xf8\
n\x0f\xb3\xdb\xac\x83\xa9\x0f\x9c\xc7{\xcf\xfd\xdds\xf5\
}\xf7\x03\xee\xb9\x16\xee\xdap\x1cg%M\xd3&\x11\
\xd5\x01\x94\xb3e.\xa5\xf4\x14E9\xebt:\x97_\
\x05\xec\xf5z\x8b\x8a\xa2<+\x16\x8b\xeb\xe5r\xb9\xaa\
i\x9aED\x0f\x00@Jy#\x84\x088\xe7\x1f\x92\
$9M\xd3\xf4`gggr'p\x7f\x7f\x7f\x09\
\xc0K\xcb\xb2Z\xba\xae/\x19\x8614M3\xd04\
-\x01\x00!D1\x0cC+\x8a\xa2\xd58\x8e\xc7A\
\x10\x1c\x03\xf8ykkk\xfc\x1f`\xaf\xd7[TU\
\xf5\xc7\xe5\xe5\xe5'\xb6mO\x18c\xe7D$o{\
\x96\x94\x92\x5c\xd7\xfd\xd6\xf7\xfd\xc5\xab\xab\xabW\xd3\xe9\
\xf4\xa7|\xd2B\xde\xa4(\xca3\xcb\xb2Z\xb6mO\
\x1a\x8d\xc6\xef\xf9\xba\xebz\x0f/.<\x1d\x00*\x95\
\xca\xc7F\xa3\x11\x13\x91\xccz\x9a\xb3\xd9\xac\xe5\xfb\xfe\
\x08\xc0/\x9f\x80\x8e\xe3\xac\xa8\xaa\xba\xae\xeb\xfa\x12c\
\xechN\x98\xb5\x93\x93\x93\xef\xa6\xd3T\x05\x00\xa2\xc2\
\xb4\xddn\xbd\xebt\x9e\x9f\x03\x00c\xec\xfdd2\xf9\
\x9es\xbe\xbe\xbb\xbb\xfb\xba\xdb\xed^\x16\x00 M\xd3\
\xa6i\x9aU\xc30\x86\xf93\x1d\xc7Y;<<z\
l\xdb\xdf\xfcK\xcd\xc3\xc3\xa3\x0d\x00\xe8t\x9e\x9f\x13\
\x914\x0cc\x18\xc7q5I\x92&\x80K\xfa\xe7f\
\xaak\x9af\x99\xa6\x19\x00\xc0`\xe0\xea\xc7\xc7\xa7\xcd\
/a\x00`\xdbK\x97\xfd\xfe\x9bG\x9e\xe7\x95\x01 \
\x13\xcd\xca\xec\x05\xca\xfa\xcaD\xf4 Ws4\xbax\
8\x9b\xcd\xb4\xdb\x04\x01\x00!\xa6\xeap8\xd4\x01\xa0\
T*%\x99\xad\xca\xf3\xc0{\xab\x1c\xc83\xd3\x16\x01\
\xa0V\xab\xc5D\x85\xe9]\x874M\x13\xd5\xeaj\x0c\
\x00\xd7\xd7\xd7E)\xe5\x0d\x00\xfe\x09(\xa5\xf4\x84\x10\
A\x18\x86\x16\x000\xc6>\xb6\xdb\xadw\xbe\xff\xe7\xca\
\x970\xdf\x1f\xafll\xb4\xdf2V\xe7\x00\x10\x86\xa1\
%\x84\x08\xa4\x94\x1e\x90\xd9FQ\x943\xce\xf9\x87(\
\x8a\xd6k\xb5\xda\x90\x88dn\x8d~\xff\xf8\x91\x107\
*\x00\x14\x8b\x9ax\xfa\xf4\x87\xdf677\xff\xc8\x06\
\xa1(\x8aV9\xe7\xa7I\x92\x9c\x01s?eoo\
\xef\x85m\xdb\x9b\x95J\x05\xf3\xc6\xf6<\xaf\x9c\x0bP\
\xad\xae\xc6\xf9d\x000\x18\x0c\x9a\xa3\xd1\xe8/\xdf\xf7\
\x7f\xdd\xde\xde\xfell\x00H\xd3\xf4 \x08\x82J\xa1\
Px\x02\xa0\xc9\x18{OD\xb2^\xaf\xf3z\xfd3\
$\x9f\xccu\xdd5\xdf\xf7KA\x10\xbcJ\xd3\xf4 \
\xdf\xfb\xaap(\x95JI.\xc0|8\x8c\xc7\xe3\xfe\
\xc2\xc2\xc2\xde\xad\xe1\x90\xd7\xbd\xc6\xd7|\xfd_\xc0&\
Ir\xd6\xedvo\x0d\xd8{\xaf\xbf\x01\xff\xd3\x89@\
$/\x19\xb7\x00\x00\x00\x00IEND\xaeB`\x82\
\
\x00\x00\x00\xed\
\x89\
PNG\x0d\x0a\x1a\x0a\x00\x00\x00\x0dIHDR\x00\
\x00\x00\x14\x00\x00\x00\x14\x08\x06\x00\x00\x00\x8d\x89\x1d\x0d\
\x00\x00\x00\x09pHYs\x00\x00\x0e\xc4\x00\x00\x0e\xc4\
\x01\x95+\x0e\x1b\x00\x00\x00\x9fIDAT8\x8dc\
\xbct\xe9\xd2b\x06*\x02\x16\x06\x06\x06\x06]]\xdd\
\xc3\xd40\xec\xf2\xe5\xcb\xb6L\xd40\x08\x19P\xdd@\
\x16l\x82\xfb\xf7\x1f\x94'F\xb3\xa3\xa3\xfdC\x82\x06\
\xee\xdf\x7fP~\xcf\x9e=\xf6<<\xdc\x1f\xf1\x19\xf6\
\xf9\xf3W~&&\x86\x83\xf6\xf6\xa8\x86bu!\x0f\
\x0f\xf7G\x01\x01\xc1w\xf8\x0c\xfc\xf7\x0f\xbb\xf8\xe0\x8f\
\x94Q\x03\x07\xa1\x81X\xd3\xe1\xe7\xcf_\xf9q\xa53\
\x18\xf8\xf2\xe5+?Q\x06::\xda?dbb8\
H\x8ck\xd0s\x09N\x17bSH,\x18\x22\x91r\
\xf9\xf2e[j\x19\x08\x00\x92\x9d*\xddU\xe7\x9b0\
\x00\x00\x00\x00IEND\xaeB`\x82\
\x00\x00\x01\x06\
\x89\
PNG\x0d\x0a\x1a\x0a\x00\x00\x00\x0dIHDR\x00\
\x00\x00\x14\x00\x00\x00\x14\x08\x06\x00\x00\x00\x8d\x89\x1d\x0d\
\x00\x00\x00\x01sRGB\x00\xae\xce\x1c\xe9\x00\x00\x00\
\x04gAMA\x00\x00\xb1\x8f\x0b\xfca\x05\x00\x00\x00\
\x09pHYs\x00\x00\x0e\xc3\x00\x00\x0e\xc3\x01\xc7o\
\xa8d\x00\x00\x00\x9bIDAT8Ocd \x00\
\xfe\xff\xff\xff\x14\xcad`dd\x94\x862\xc9\x03\xff\
\xfe\xfd{\x094\x10\x05DGG\xf3A\xa5I\x07\x7f\
\xff\xfe\xfd\x0e5\x07\x0e\x80b\xef\xa0\xd2X\x01\x13\x94\
\xa6\x1a\x18\xfc\x06\xa2\xc420\x88\xe01\x0a\x02\xc0H\
\x11bbb\xe2\x80r\xc1\x00(\xf6\x1e(\xf6\x1d\xca\
\x05\x03\x8c\xd8\x0f\x0d\x0de\x83\x049\xf9\x00j\x14\x04\
`K\x1e\xa4\x02Xr\xa2z\x18\x82\x015\xbdL\x9b\
H\xc1\x05Fs\x0aQ\x00\xaf\x81\xc0\xc0\xfe\x04e\xc2\
A\x5c\x5c\x9c\x02\x94\x89\x15\xd0\xb7\x80\x1d\x04\x80\x81\x01\
\x00r\x8a-\x17\xf9\xdeAt\x00\x00\x00\x00IEN\
D\xaeB`\x82\
\x00\x00\x01\x06\
\x89\
PNG\x0d\x0a\x1a\x0a\x00\x00\x00\x0dIHDR\x00\
\x00\x00\x14\x00\x00\x00\x14\x08\x06\x00\x00\x00\x8d\x89\x1d\x0d\
\x00\x00\x00\x01sRGB\x00\xae\xce\x1c\xe9\x00\x00\x00\
\x04gAMA\x00\x00\xb1\x8f\x0b\xfca\x05\x00\x00\x00\
\x09pHYs\x00\x00\x0e\xc3\x00\x00\x0e\xc3\x01\xc7o\
\xa8d\x00\x00\x00\x9bIDAT8Ocd \x00\
\xfe\xff\xff\xff\x14\xcad`dd\x94\x862\xc9\x03\xff\
\xfe\xfd{\x094\x10\x05DGG\xf3A\xa5I\x07\x7f\
\xff\xfe\xfd\x0e5\x07\x0e\x80b\xef\xa0\xd2X\x01\x13\x94\
\xa6\x1a\x18\xfc\x06\xa2\xc420\x88\xe01\x0a\x02\xc0H\
\x11bbb\xe2\x80r\xc1\x00(\xf6\x1e(\xf6\x1d\xca\
\x05\x03\x8c\xd8\x0f\x0d\x0de\x83\x049\xf9\x00j\x14\x04\
`K\x1e\xa4\x02Xr\xa2z\x18\x82\x015\xbdL\x9b\
H\xc1\x05Fs\x0aQ\x00\xaf\x81\xc0\xc0\xfe\x04e\xc2\
A\x5c\x5c\x9c\x02\x94\x89\x15\xd0\xb7\x80\x1d\x04\x80\x81\x01\
\x00r\x8a-\x17\xf9\xdeAt\x00\x00\x00\x00IEN\
D\xaeB`\x82\
\x00\x00\x01f\
\x89\
PNG\x0d\x0a\x1a\x0a\x00\x00\x00\x0dIHDR\x00\
\x00\x00\x14\x00\x00\x00\x14\x08\x06\x00\x00\x00\x8d\x89\x1d\x0d\
\x00\x00\x00\x09pHYs\x00\x00\x0e\xc4\x00\x00\x0e\xc4\
\x01\x95+\x0e\x1b\x00\x00\x01\x18IDAT8\x8d\xcd\
\xd4?O\xc2@\x18\xc7\xf1\xefa\xd1\xc9\xe8\xebPZ\
VVM\x5c\xd9j\xff\x88\x0b\x81\xc1\xd17bH\x18\
H\xd00i\x08\xab\x8b\xd1\xc1\xd1\xd1\x81\xb6\x8e\xc6\xc5\
W\xe0\xa21\xf4X\xc0\x7f\xe5z\xbdN\xfe\xc6>O\
?\xbd\xbb\xe7R\xf8\xefY\xd35x~\xd8\xdfu\xec\
\xf7$\x8a^\x8a\x80BUp]w]X\xd5\x1b\x81\
\xd8_\xb4v'\xe3\xcb\x0b\x1dXQ\x16\xaa\x1b'\xdf\
\x18\x80<\xf7\x82V\xa7<(y\xca>\xd5\xa3\xca-\
\x03\x04A\xeb E\xde\xadxM\xb9\xfd\xdc\xa1\xc4\xf1\
\xf4\xd9\xb1\xeb\x0f\x12\x8e\xff\x94\x9a5\xdb\xd9N\xe2\xe8\
\xd6\x08\xd4\xa0\x8dU\xa8\x00\xf0\x83\xa3\xa1\x84\xae\x0eW\
\xa47\x19_\x9d~\xad\xb0\xd9noZ\xb3\xd9\x19\xb0\
U\x12l\xd4\xec\xfak\x12O\x1f!g\xcaeS\xb9\
\x1e\x8d\xde\x84$s\xb8\x06\xe9\xfd\x9cx\xee\xb5YF\
}}~\x9f_!\xd0\x04\xd3\x82\xa6X.X\x06\x03\
\xb0T\x85T\xb0\x83\xcc|_\xfb\xc7Q^\x9b\xf4\xf3\
c \x91\xf7&X\xa1x~\xd8?\x0c\xc3\xbd\xa2\xfd\
s\x83\xdcs\x050=^q\x00\x00\x00\x00IEN\
D\xaeB`\x82\
\x00\x00\x02\x0b\
\x89\
PNG\x0d\x0a\x1a\x0a\x00\x00\x00\x0dIHDR\x00\
\x00\x00\x14\x00\x00\x00\x14\x08\x06\x00\x00\x00\x8d\x89\x1d\x0d\
\x00\x00\x00\x09pHYs\x00\x00\x0e\xc4\x00\x00\x0e\xc4\
\x01\x95+\x0e\x1b\x00\x00\x01\xbdIDAT8\x8d\xb5\
\x94\xbdr\xdaP\x10\x85\xbf\xddJP\xd3\x98\x09\x8cZ\
\xd0L\xaaL\xfc\x00v!Bc\xf7\xe1\x05\xec\xe7\xb1\
_\x80\x07\xb0\x1b\x06\x15\xf6\x03$\x93*\xa3A\xad\x06\
\x12\xd2P#U{S\xc0\x95\xc9\x84\x1f1\x93\x9cv\
u?\x9d\xbd\xbb\xf7\xc0?\x96\x1c*L&\x93KU\
\x1d\x99\xd9\x95\x88\xbc\x03p\xce\xfdP\xd5W3\x1b\x0f\
\x87\xc3/\xb5\x80I\x92\x5c\x98\xd9#ps\xc2\xcc\xb3\
\xaa\xde\xc5q\xfc\xeb p:\x9d\xbe\x07\xa6\xce\xb9v\
\x10\x04\x84aH\xab\xd5\xa2\xd9l\x02\xb0^\xafY\xad\
V\xe4yNY\x96\x88\xc8\x12\x18\x0c\x06\x83\xef\x7f\x01\
\x93$\xb9p\xce}s\xce\xb5\xbb\xdd.\xbd^\x0fU\
\xddk\xcd\xcc\xc8\xb2\x8c\xf9|\x8e\x88,E\xe4\x83w\
\xaa;\x1f=zX\x14E\x07a\x00\xaaJ\x14Et\
:\x1d\x9csm3{\xa8j\xb0\x19\x00p\x13\x04\x01\
\xbd^\xef\xc4\xd5\xbd\xa9\xdf\xef\x13\x04\x01\xc0m\x92$\
\x1f+\xa0\xaa\x8e\x00\xc20<\xeal\x9f\xd30\x0c}\
\x87\xa3\x0ahfW\x00\xadV\xab6\xcc\xcb\x9fq\xce\
]W@\xbfg~\x9a\xe7\xa8\xd1h\xb0\xcb\xa8\xdf_\
M)l^\x00l\xf6\xec\x5c\x15E\xc1.\xc3\x0f\xe5\
\x15`\xb5Z\x9d\x0d\xf4gD\xe4\xa5\x02\x9a\xd9\x18 \
\xcfs\xcc\xac6\xcc\xcc\xc8\xf3\x9c\xad\xa9q\x05\xdc>\
\xf4\xe7\xb2,\xc9\xb2\xac6p6\x9bQ\x96%\xc0S\
\x1c\xc7_+\xe0\xf6\x0fw\x22\xb2\x9c\xcf\xe7\xa4iz\
\xd4\xa9\x99\x91\xa6)\x8b\xc5\x02\x11Y\xaa\xea\xbd\xaf\xd5\
\x0a\x07\xbf\x1aEQ\xfc\x11\x0e\xc0O\x11\xf9\xb47\x1c\
\xbc\xb6\xf1\xf5\x00\xdc\x9e\xe8\xf8IU\xef\x8f\xc6\xd7\xae\
&\x93\xc9\xa5\x88|v\xce]\xef\x06\xac\x88\xbc\xa8\xea\
\xd8\xdf\xd9\x7f\xd7oX\x9a\xd6\x18\xa1\x1b[I\x00\x00\
\x00\x00IEND\xaeB`\x82\
\x00\x00\x02Q\
\x89\
PNG\x0d\x0a\x1a\x0a\x00\x00\x00\x0dIHDR\x00\
\x00\x00\x14\x00\x00\x00\x14\x08\x06\x00\x00\x00\x8d\x89\x1d\x0d\
\x00\x00\x00\x09pHYs\x00\x00\x0e\xc4\x00\x00\x0e\xc4\
\x01\x95+\x0e\x1b\x00\x00\x02\x03IDAT8\x8d\xb5\
\x94\xc1\x8b\xda@\x14\xc6\x9f3\x98\x9d\x18\x12\x1c\x83\x8b\
\xb8\x04a\x8b'\xf1\xdc\x8b\xf7\x08\xc5\x8b\xfd;\xebE\
Z\xf4\xee\xa5\xd7\x8a'\xb7\x0b\x12\x94EI&$D\
g#\xf3\xe8aM\x90VE\xc1~\xc7y\xc3\x8f7\
\xef{\xf3\x01\xdcY\x85s\x85\xf1x\xfc\xa8\x94j\x12\
B\x9e\x00\xc08\x1c'\x88\xb8\xa4\x94\xce]\xd7]_\
\x05\x1c\x0e\x87%Ji\x871\xd62\x0c\xa3\xa6i\x1a\
'\x84<\x00\x00 \xe2{\x9a\xa6\x22I\x927)\xe5\
L)5\xe9\xf5z\xdb\xb3\xc0\xd1hT\x01\x80/\x9c\
\xf3\xb6i\x9a\x15\xcb\xb2V\xe5rYh\x9a&\x01\x00\
\xd24ea\x18\xf2(\x8a\xeaq\x1c\x07B\x88)\x00\
|\xefv\xbb\xc1?\xc0\xe1pX*\x16\x8b_\xab\xd5\
\xeag\xdb\xb6\xb7\x8e\xe3\xbc\x12B\xf0\xd4\xb3\x10\x91x\
\x9e\xf7\xec\xfb~i\xb3\xd9\xfc\xdc\xef\xf7\xdf\xb2NI\
v\x89R\xda\xe1\x9c\xb7m\xdb\xde6\x1a\x8d\x97s0\
\x00\x00B\x086\x1a\x8d\x17\xdb\xb6w\x9c\xf36\xa5\xb4\
\x93\xd7\x00>\x0c`\x8c\xb5L\xd3\xac8\x8e\xf3z\x0e\
\xf4\xb7\x1c\xc7\xf9m\x9af\x851\xd6\x1a\x0c\x06\x8f9\
P)\xd54\x0c\xa3fY\xd6\xeaRg\xa7:\xb5,\
ke\x18F\x8d1\xd6\xcc\x81\x84\x90'M\xd3x\xb9\
\x5c\x16\xd7\xc22\x1dL\xe3\x87\xf5\xcagh\x10B\x1e\
27o\x91\xae\xeb\xf2\xb0V\xc61\xf0n\xca\x80\xc9\
ai\xd9\xad\x80\xddn\xc7\x10\xf1\x1d\x00\x92\x1c\x88\x88\
\xcb4ME\x18\x86\xfcV`\x18\x86<MS\x81\x88\
\xcb\x1cH)\x9d'I\xf2\x16EQ\x1d\x11\xaf\x1e\x03\
\x22\x92(\x8a\xea\x87\xaf8\xcf\x81\xae\xeb\xae\xa5\x94\xb3\
8\x8e\x03\xcf\xf3\x9e\xaf\x05z\x9e\xf7)\x8e\xe3@J\
9\xeb\xf7\xfb\xeb\x1c\x08\x00\xa0\x94\x9a\x08!\xa6\xbe\xef\
\x97\x16\x8bE\xf3R\xa7\x88H\x16\x8bE\xd3\xf7}]\
\x081UJM\xb2\xdaU\xe1\xa0\xeb\xba\x04\xf80\xe0\
8\x1c\x82 \xf8U(\x14~\x9c\x0c\x87Lw\x8d\xaf\
c]\x0aX)\xe5<\x9b\xd9\x7f\xd7\x1f+\x9b)/\
n\x0b\xbb\xd0\x00\x00\x00\x00IEND\xaeB`\x82\
\
\x00\x00\x00\xac\
\x89\
PNG\x0d\x0a\x1a\x0a\x00\x00\x00\x0dIHDR\x00\
\x00\x00\x14\x00\x00\x00\x14\x08\x06\x00\x00\x00\x8d\x89\x1d\x0d\
\x00\x00\x00\x09pHYs\x00\x00\x0e\xc4\x00\x00\x0e\xc4\
\x01\x95+\x0e\x1b\x00\x00\x00^IDAT8\x8dc\
\xdc\xb6m\xdb\x7f\x06*\x02\x16\x06\x06\x06\x06OOO\
\xaa\x18\xb6}\xfbv\x06&\xaa\x98\x84\x04\xa8n \x0b\
6\xc15k\xd7\x11\xa59$8\x88\xb0\x81k\xd6\xae\
#\xda@l\x86\x0e\xfe0\x1c5p\xd4@2\x00F\
N\xc1\x96\x9dp\x01\xa2\xb2\x1e\xa9\x86\xa2\x83!\x12\x86\
\xdb\xb7o\xa7\x9a\x81\x00ob\x13l\x0bG\xd9\x0d\x00\
\x00\x00\x00IEND\xaeB`\x82\
\x00\x00\x01-\
\x89\
PNG\x0d\x0a\x1a\x0a\x00\x00\x00\x0dIHDR\x00\
\x00\x00\x14\x00\x00\x00\x14\x08\x06\x00\x00\x00\x8d\x89\x1d\x0d\
\x00\x00\x00\x09pHYs\x00\x00\x0e\xc4\x00\x00\x0e\xc4\
\x01\x95+\x0e\x1b\x00\x00\x00\xdfIDAT8\x8d\xb5\
\xd41\x0e\x820\x14\x06\xe0\x1f\xc3\x06\x8b\x01Wg\x18\
`7\x84\x18.@z\x008\x9dG1\x84\x89\xe5u\
\x80\x89\xa8\xb3\xab\xcc.B\xaa\x16iI\xfd\xa76y\
\xfd\xf2^\x93\xd6\x22\xa2\x13\x0c\xc6\x06\x80(\x8a\xce&\
0\xcey\xba1\x01\x891\x0e\xdak\x0f\x12\x91_U\
u\x08\x00A\x10\xdc\xb2\xecx]\x0d\x8a\x18\x00t]\
\xb7\xf7\xbc\xed\xc3\xb2,\xfd\x91?\xb11}\x7f\xd9\x01\
\x9aw8\x87\xb9\xae30\x96\xb7\x800\xb2X\x9c$\
\x876\x8e\xe3\xbb*V\x96E3\xee7\xb2\xe2\xaa\xaa\
C\x22\xf2u\xb1\xa9\xc3q~1/\xa0\x15\xd6\x8b\xd8\
\xd4!cy\xeb\xba\xce Cu\xb0\x09\x04\x80\xb2,\
\x1a\x19\xaa\x83\xbd\x81*\xe8\x12\xf6\x05\xfeBU0)\
(CU\xb1YPDu0`\xe1-\xeb@c\xfe\
\xf3}q\xceSS\xe0\x13B\xe0\x82~Yn\x94\xe2\
\x00\x00\x00\x00IEND\xaeB`\x82\
\x00\x00\x01U\
\x89\
PNG\x0d\x0a\x1a\x0a\x00\x00\x00\x0dIHDR\x00\
\x00\x00\x14\x00\x00\x00\x14\x08\x06\x00\x00\x00\x8d\x89\x1d\x0d\
\x00\x00\x00\x09pHYs\x00\x00\x0e\xc4\x00\x00\x0e\xc4\
\x01\x95+\x0e\x1b\x00\x00\x01\x07IDAT8\x8d\xcd\
\xd41N\xc3@\x10@\xd1?\x93PP\x10\xb8\x03\x15\
(\x09E\x1a8@(\xe9 \xb2\x944\x11\x17\xe0&\
\x1c\x80\x0eV\xb6\x95\x13\x00=T4`L\x05\x0d7\
p\x83\x10\xca.E(\x00\xc7Kb\x07)\xd3\xadf\
\xe6iW3ZX\xf6\x90Y\x8a\x0e\x86\xc3\xb5\xd5\xb7\
\xf7Q]92\xc6d\x95\xc0^o\xb0\x85\xda[`\
\x1d\xc8\xc4\x8d\x9bQ\x14\xbd\x16\xd5\xab\x0f\x0b\x82~\x17\
\xb5\xe9\x17\x06\xd0pZ;\xf3\xf5\x14\x82A\xd0\xefZ\
\xdcU.\xe1H}\xe0\xd4'\x17bp\x1a\x87\xe6d\
.\xb0\x0a\x96\x03\xabb?@\x0f6K\xa4ue\xcf\
\x18\x93)LV\xc3\xe2F%1@6?\x9c\xeb\xc0\
\x1fkS&\x14 \x8e\xcf\x9f\x149,\xcf\xb8\xe7\x15\
\x91;\xf8\x87\xa1\xd4\xbe\x1f\x92\xe4\xfe\xa5\xdd\xda\xb9q\
0\xf8U\xb7\xdbl\xb57\x1e\x93\x87\xcb\xb9\xc0E\xa0\
9\xb0*Z8\xe50\xbc\xb8Vd?\x97\x10\xb6}\
7\xf4\xae\xcd\x144\x13;>\xf6\xf5,\xfc\x83\xfd\x04\
\xb5\x8azf\x9a]>\xa6\x00\x00\x00\x00IEND\
\xaeB`\x82\
\x00\x00\x00\x85\
\x89\
PNG\x0d\x0a\x1a\x0a\x00\x00\x00\x0dIHDR\x00\
\x00\x00\x14\x00\x00\x00\x14\x08\x06\x00\x00\x00\x8d\x89\x1d\x0d\
\x00\x00\x00\x09pHYs\x00\x00\x0e\xc4\x00\x00\x0e\xc4\
\x01\x95+\x0e\x1b\x00\x00\x007IDAT8\x8d\xed\
\xd41\x15\x000\x08\xc4\xd0\xb4\x0fs\x18\x06yt`\
\xa9\x80\x1b/\x02\xfe\x98SU\x83\xb0\x00\xc8L\x09\xd6\
\xdd\x5c\x89\xf4e\xd0\xa0A\x83\x06\xb7\x80=\xad\xaa\x07\
U\xc9\x08r\xf5<\x89\xa0\x00\x00\x00\x00IEND\
\xaeB`\x82\
\x00\x00\x00\xb9\
\x89\
PNG\x0d\x0a\x1a\x0a\x00\x00\x00\x0dIHDR\x00\
\x00\x00\x08\x00\x00\x00\x0c\x08\x06\x00\x00\x00_\x9e\xfc\x9d\
\x00\x00\x00\x01sRGB\x00\xae\xce\x1c\xe9\x00\x00\x00\
\x04gAMA\x00\x00\xb1\x8f\x0b\xfca\x05\x00\x00\x00\
\x09pHYs\x00\x00\x0e\xc3\x00\x00\x0e\xc3\x01\xc7o\
\xa8d\x00\x00\x00NIDAT(S}\x8e\xc1\x0d\
\x00!\x08\x04G?\xd7\xc8\xf5\xdf\xa2f\x0d\x98\x80\xe8\
|\xc0\xec\x002\x0c.t\xabK\xb46\xb0\x05QI\
A\x10\x92~\xf8\xecI\xab\xa6\x9c&^\x828Nd\
\x9e\x82.\x5c\x05\x85\xab\xe6?x\xe0\x84\x0d9\x14[\
\xa8B\x80\x09VA 7|\xdc\x01=\x00\x00\x00\x00\
IEND\xaeB`\x82\
\x00\x00\x00\xd6\
\x89\
PNG\x0d\x0a\x1a\x0a\x00\x00\x00\x0dIHDR\x00\
\x00\x00\x14\x00\x00\x00\x14\x08\x06\x00\x00\x00\x8d\x89\x1d\x0d\
\x00\x00\x00\x09pHYs\x00\x00\x0e\xc4\x00\x00\x0e\xc4\
\x01\x95+\x0e\x1b\x00\x00\x00\x88IDAT8\x8d\xd5\
\xd2\xa1\x15\x830\x18E\xe1[NCL\x0e\xba\x03T\
\xb1\x01+d\xd4\x0c\x10F`\x03T\xa7\xe8\xa9\x89\xab\
\x8fH\xfe\x07\x06\xae|\xe2S\x0f\xae\xde\xa3\x1eRJ\
c\x08a\x05^\xc0\x12c\xfc*\xe0P\x0f\xde{\x0f\
\xbc\x81\x19\xd8r\xce\xd3)\xb0JF{\xa0\x8cZ@\
\x09\xb5\x82fT\x01M\xa8\x0av\xd1#`\xb3#\xe0\
N\xe3\xf0*\xd8\xc4T\xb0\x8b)\xa0\x09\xb3\x82f\xcc\
\x02J\x18\xc0\xb3\x1eJ)\xc59\xf7\x01~*v\x8f\
\xfe\xd7\xcc4O&\x01*\xa1\x00\x00\x00\x00IEN\
D\xaeB`\x82\
\x00\x00\x00\xa4\
\x89\
PNG\x0d\x0a\x1a\x0a\x00\x00\x00\x0dIHDR\x00\
\x00\x00\x18\x00\x00\x00\x11\x08\x06\x00\x00\x00\xc7xl0\
\x00\x00\x00\x01sRGB\x00\xae\xce\x1c\xe9\x00\x00\x00\
\x04gAMA\x00\x00\xb1\x8f\x0b\xfca\x05\x00\x00\x00\
\x09pHYs\x00\x00\x0e\xc3\x00\x00\x0e\xc3\x01\xc7o\
\xa8d\x00\x00\x009IDAT8Ocd \x12\
\xfc\x07\x02(\x13\x0c\x18\x81\x00\xca\xc4\x0b\x98\xa04\xcd\
\xc0\xa8\x05\x04\x01\xcd- ;\x15\x11\x0bF\xe3\x80 \
\x18\xcd\xc9\x04\xc1\xa8\x05\x04\x01\x8d-``\x00\x00m\
\x9b\x0c\x1c\xe5_\xdf\xf7\x00\x00\x00\x00IEND\xae\
B`\x82\
\x00\x00\x00\xb2\
\x89\
PNG\x0d\x0a\x1a\x0a\x00\x00\x00\x0dIHDR\x00\
\x00\x00\x14\x00\x00\x00\x14\x08\x06\x00\x00\x00\x8d\x89\x1d\x0d\
\x00\x00\x00\x09pHYs\x00\x00\x0e\xc4\x00\x00\x0e\xc4\
\x01\x95+\x0e\x1b\x00\x00\x00dIDAT8\x8dc\
`\x18\x05\xa3\x80d\xc0HH\xc1\xaaU\xab\xd8xx\
x\xb6300H000Xzyy}\x22\xdb\
@$\xc3\x9c\xa0B\xd7\x08\x19\x8a\xd3@,\x86\xc1\x00\
^C\xb1\x1a\x88\xc70\x82\x86b\x18H\x84ax\x0d\
E1\x90\x04\xc3p\x1a\x0a7\x90\x0c\xc3\xb0\x1a\xcaH\
\xa1a\x18\x862\x91i\xc0(\xa0!\x00\x00\xaef/\
\x0bv, \xda\x00\x00\x00\x00IEND\xaeB`\
\x82\
\x00\x00\x00\xb5\
\x89\
PNG\x0d\x0a\x1a\x0a\x00\x00\x00\x0dIHDR\x00\
\x00\x00\x14\x00\x00\x00\x14\x08\x06\x00\x00\x00\x8d\x89\x1d\x0d\
\x00\x00\x00\x09pHYs\x00\x00\x0e\xc4\x00\x00\x0e\xc4\
\x01\x95+\x0e\x1b\x00\x00\x00gIDAT8\x8dc\
`\x18\x05\xc3\x1f02000\xacZ\xb5\x8a\x8d\x87\
\x87g;\x03\x03\x83\x13\x99\xe6\x5cc``\xb0\xf4\xf2\
\xf2\xfa\xc4D5\xa7A\x01#\x8cA\x81+\xe1\xaeC\
1\x90LCQ\x0c\xc30\x90DC1\x0c\xc3j \
\x91\x86b5\x0c\xa7\x81\x04\x0c\xc5i\x18^\x03q\x18\
\x8a\xd70\x82\x06\xa2\x19*A\xc8\xb0Q0H\x01\x00\
\xd1\x03/\x0b\xac\xd7k\x11\x00\x00\x00\x00IEND\
\xaeB`\x82\
\x00\x00\x01!\
\x89\
PNG\x0d\x0a\x1a\x0a\x00\x00\x00\x0dIHDR\x00\
\x00\x00\x14\x00\x00\x00\x14\x08\x06\x00\x00\x00\x8d\x89\x1d\x0d\
\x00\x00\x00\x09pHYs\x00\x00\x0e\xc4\x00\x00\x0e\xc4\
\x01\x95+\x0e\x1b\x00\x00\x00\xd3IDAT8\x8d\xad\
\xd4\xb1\x0d\x82@\x14\xc6\xf1\xbf\x84)\xaea\x08\xe3\x10\
4\xd0\x99\x93\xb0\x01\xbd+\x10)\xa8\x0c\x13X8\x01\
,@L\x888\x84\x93h\xa1\x10r\x1er\x5c\xee\xeb\
^r\xef\x97/W\xbcM]\xd7/\x1c\xc6\x07\x08\xc3\
\xd0\x09\xd64\x0d\x9e\x13i\x12\xe7\xa0o\xbd\xd9W\xc8\
\xf2\x06@ \x0bN\x91\x00l\x1bN0\x80\xe7\xf5\xc8\
\xb9\xc7\x12T\xb0!m\xf7\xb0\x00g0\x82=e\xb6\
U\xc0\xbeB&)2I\xc7\xfa\xc6X\x1e!\xbe\xa3\
\xa7{\xdc\x96\x0aj\x88\x8d\xe0\xbd\xd3\xfc\xc9\x80\xae\xc0\
Fp\x97\x15\x1c\x82\xdf\x9d\xb6LWa#\x08\x828\
\xd7\xa3k\xb0\x09h\x88.`\x0a\xb8\x80\x1a`\x1ap\
\x065\xc4f@\x05]\x81\xc1\xdf\xe3 \x88\xf3\x0b\xb1\
!\xb4\xd0\xd0>>|.\xad\xab\xbc\x01-\xc4Y\xa1\
JR\xf3W\x00\x00\x00\x00IEND\xaeB`\x82\
\
\x00\x00\x00\xb2\
\x89\
PNG\x0d\x0a\x1a\x0a\x00\x00\x00\x0dIHDR\x00\
\x00\x00\x0c\x00\x00\x00\x08\x08\x06\x00\x00\x00\xcd\xe4\x1e\xf1\
\x00\x00\x00\x01sRGB\x00\xae\xce\x1c\xe9\x00\x00\x00\
\x04gAMA\x00\x00\xb1\x8f\x0b\xfca\x05\x00\x00\x00\
\x09pHYs\x00\x00\x0e\xc3\x00\x00\x0e\xc3\x01\xc7o\
\xa8d\x00\x00\x00GIDAT(Sc\xfc\x0f\x04\
\x0c$\x00&(M4`\x04\x11\xc4\xda\xc2\x08\x02P\
6AM0\xb5p\x0d \x80K\x13\xb2\xc1(~P\
ed\xe4\x802\xe1\x00]\x0c\xc5\x06\x10@\xb7\x05\xd9\
t\x9c\x00\xa4\x09\x04\xa0\x5c$\xc0\xc0\x00\x00E\xfa\x1c\
\x5c\xba*\x5c\xb1\x00\x00\x00\x00IEND\xaeB`\
\x82\
\x00\x00\x03\xa2\
\x89\
PNG\x0d\x0a\x1a\x0a\x00\x00\x00\x0dIHDR\x00\
\x00\x00b\x00\x00\x00Z\x08\x06\x00\x00\x00C\x8c\x83\xce\
\x00\x00\x00\x01sRGB\x00\xae\xce\x1c\xe9\x00\x00\x00\
\x04gAMA\x00\x00\xb1\x8f\x0b\xfca\x05\x00\x00\x00\
\x09pHYs\x00\x00\x0e\xc3\x00\x00\x0e\xc3\x01\xc7o\
\xa8d\x00\x00\x03\x0fIDATx^\xed\x9aAn\
\x13A\x10E\xdb\x9c\x00\xc9(\x9b8\xbbY\x06\x09\x89\
\x159C\xb6\xe4\x1e\x5c\x84-\x12G\x80\x0dR\x16\xdc\
\x00V\xdc \xbb$\xab`\x89\x1b8\xbfq)(\x82\
\xd8\xe3RW\xf7/\xf4\x9f\x14Mw,9\xf6\xbc\xe9\
\x9a\xfa\xe9)B4a}<\xbd\xad?6M\xcb\xc2\
\x8e)\x81\x80\xd5fQ\xae\xebx\xb1)'\xcb\xdb\xab\
\x9b\xdf/$\xe4\x99\x1dS\x02\x09_mX6\xa5|\
\xb1aJ\xd2\x8a\xc0jx\x87\xc3\xe9v\x06\x16\xe5\xb5\
\xfd.%)K\x13N\xf8\x1b\xac\x86o6}D\xd6\
\x12\x95rE@\xc2\xa5\x0d\xff\x02\xaf\xfd\xb0a*\xd2\
\x89\xb8;\x99\xde\xe3\xb0\xdc\xce\xfe\xc9\xd1z5}\xb4\
q\x1aR\x95\xa6\xda\xa6\xe2\x8a\xffd\xd3\x9d\xa0D]\
\xa0D}\xb6)=\xa9D\xfc\x5cMh\x8ef\xb3\x86\
\x8cWY\xee\x17iJ\x13$<y_x\x82%V\
\xcf\x07\x1b\xd3\x93B\x84\xb5\xa5\xe7\xdb\xd9A\x9c\xd7r\
fcj\xe8K\x13N\xe4Cz\xf6\x92\xa1\xa5\xa5_\
\x11\x90\xf0\x90\x9e\xbd\xb4x\x8fh\xa8EX\xab\xfa'\
=\xfb9\xb5\xf7\xa2\x85\xb64\xedJ\xcf^P\xa2\xce\
P\xa2\xbe\xdb\x94\x0a\xda\x15\x01\x09\x87vI{\x89x\
\xcfVP\x8a\xb8[M5\xb4\xedJ\xcf^\x96\x8e6\
\xb8\x0bt\x22j\xbb\x89z\x19\xd9rR\xb6\xb4T\xf7\
\x88\x16\xad\xeaL~\xe1~\xf1\x92\xa9\xa5\xa5Z\x11\x90\
\xd0+\x09?g\xdbH\xa2\x11\x81\xd5\xe0M\xcf>\xc8\
6\x92(J\x13NH\xf3Vu.,\xa9\x9bbE\
@\xc2\xb0\xfd\x03\xfcm\x8a\x8d\xa4\xe1\x22\x1a\xa6g/\
G\x0c\xa9{hi\xaam$\xae\xc8Y\x1b=\xd1\x8c\
N\xddCWD\xc7.i/\xf8,\x97\xb5}\xb6i\
w\x86\x89\xb0\x84\x1b\x91\x9e\xbd\x0c\xddH\x1a\x22\xa2\x96\
$\x1c\xfa\xb5\xaa\xf3\x19\x96\xba\xbb\xdf#\xea\xf2\xc7\x95\
\xd7#=\xbb\x19\xd1\xd2v_\x11\x90@\xbfI3\x22\
uw\x15\x81\xd5\xf0\xf81IV\x06\xa4\xeen\xa5\x09\
_lXz\xf6\xd2\xb3\xa5\xed\xb6\x22j{h\xc34\
\xf4\xfc\xcc]D\xccxL\x92\x95n\x1bI\xe1\xa5\xa9\
\xb6\x83\xb8\xb2(\xd2\xb3\x17\x94\xa8\xf0\xc77\xc3E\x1c\
\xf8\x98$+\xe1\x8fo\x86\x96&\xd6\xfda\x07\xe1\xa9\
;L\x84\xb5\x7f\x8c\xe9\xd9KM\xdda-mHi\
\xc2\x07\xa6O\xcf^\xa2Rw\xc8\x8a\x80\x04\xfa\xf4\xec\
\x05\xdf-d#\xa9\xb9\x08\x82\x8d\x9ehB6\x92\x9a\
\x96\xa6\x8c\xe9\xd9K\xeb\xd4\xddtE@\xc2\xff\xd2%\
\xed\xa5\xf5wm&\x82p\xa3'\x9a\xa6\xa9\xbb\xdb?\
\xfd\xf612\xf8\xbd\xb8\xb9\x1a~\x1e\xc2r\x848\x0c\
\x89 A\x22H\x90\x08\x12$\x82\x04\x89 A\x22H\
\x90\x08\x12$\x82\x04\x89 A\x22H\x90\x08\x12$\x82\
\x04\x89 A\x22H\x90\x08\x12$\x82\x04\x89 A\x22\
H\x90\x08\x12$\x82\x04\x89 A\x22H\x90\x08\x12$\
\x82\x04\x89 A\x22H\x90\x08\x12$\x82\x04\x89 A\
\x22H\x90\x08\x12$\x82\x04\x89 A\x22H\x90\x08\x12\
$\x82\x04\x89 A\x22H\x90\x08\x12$\x82\x04\x89\x10\
B\xd0Q\xca=\x84P\xd7\x1f\xa5|\xbd\xd4\x00\x00\x00\
\x00IEND\xaeB`\x82\xd77\xb1\x1a\xe8\xbb\xe7\
Y\x83\xfe\xe2\x95\xfdx(\xc4\x14\x86\xe1'`n\xec\
q^\xe9R[\x00\x00\x00\x00IEND\xaeB`\
\x82\
\x00\x002\xf8\
\x89\
PNG\x0d\x0a\x1a\x0a\x00\x00\x00\x0dIHDR\x00\
\x00\x02\x00\x00\x00\x02\x00\x08\x06\x00\x00\x00\xf4x\xd4\xfa\
\x00\x00\x00 cHRM\x00\x00z&\x00\x00\x80\x84\
\x00\x00\xfa\x00\x00\x00\x80\xe8\x00\x00u0\x00\x00\xea`\
\x00\x00:\x98\x00\x00\x17p\x9c\xbaQ<\x00\x00\x00\x04\
gAMA\x00\x00\xb1\x8e|\xfbQ\x93\x00\x00\x00\x01\
sRGB\x00\xae\xce\x1c\xe9\x00\x00\x00\x06bKG\
D\x00\xff\x00\xff\x00\xff\xa0\xbd\xa7\x93\x00\x00\x00\x09p\
HYs\x00\x00\x0e\xc4\x00\x00\x0e\xc4\x01\x95+\x0e\x1b\
\x00\x00 \x00IDATx\xda\xed\xdd\x0f\x90\x9dU\
\x99\xe7\xf1\x07:\xe5\xa6\xdc^7\x85)\xa7\x97MQ\
]\x98\xd5\x0cF\xcchF#\x13\xb5G\xa3\x135J\
\xd8\x09\x8a\x124\xd1 d\xc4!\x08\x0cR\xc8\x02\x83\
\x14\xb8\x91\x05\x17(`\x90\x22\x0ea\x84\x0a\xaca\x0d\
k\xb2$K\xa3A\xa3\x841NE'\xeb\x06\xa7q\
\x22F7b\xcb\xf40\x11[v\xcf\x8fs\x9a4I\
:}\xbb\xef\xfb\xbe\xf7\xfc\xf9~\xaa\x9e\x8a\xa0B\xf7\
s\xdf\xfb\x9e\xe7\xfc7\x03\x00\x00\x00\x00\x00\x00\x00\x00\
\x00\x00\x00\x00\x00\x00\x00\x00\x00\x00\x00\x00\x00\x00\x00\x00\
\x00\x00\x00\x00\x00\x00\x00\x00\x00\x00\x00\x00\x00\x00\x00\x00\
\x00\x00\x00\x00\x00\x00\x00\x00\x00\x00\x00\x00\x00\x00\x00\x00\
\x00\x00\x00\x00\x00\x00\x00\x00\x00\x00\x00\x00\x00\x00\x00\x00\
\x00\x00\x00\x00\x00\x00\x00\x00\x00\x00\x00\x00\x00\x00\x00\x00\
\x00\x00\x00\x00\x00\x00`|G\x91\x02 \x09S\x5c\xf4\
\x84\x98\x1ebj\xf8k\xfdw\xff>\xfc\xa9\xbf\xdf=\
\xea\xcf\x11#\x7f\xaf\x15\x83!F\xecw\xb1\xd7\xc5\xb0\
\x8b=\xe1\xef\xe9\xcf\xdf\x85?\x87\xc3\x7f?\x18\xfe\x1c\
\xf9{\x00(\x00\x00\xb4`\x86\x8b\xde\xd0\xa8\xbfn\xd4\
_\xcf\x9e@\xe3\x1d\x0b\x15\x03\xbb\x5c\xec\x0eE\xc1\xf7\
Ca0\x10\x02\x00\x05\x00P\x5c#?\xc7\xc5,\x17\
\xbf\x17\xfe\x9c\x19\x1a\xfdi\x85\xe4`\xc8\xc5\xbeP\x1c\
\xecp\xf1\xcbP,\xec\x0c\x7f\x0f\x00\x05\x00\x90\xac\xee\
\xd0\xb8\xcf\x09\xbd\xf9\xd9\x89\xf6\xe4;Q\x1c\xec\x0c\x85\
\xc1\x0f\xc2\x9f;\xc2\xdf\x07@\x01\x00D\xa5'4\xf4\
\xa3\x1b{\xf5\xea\xa7\x92\x9a\xca\xec\x0e\x85\x81\xe2\xb1P\
\x14\x0c\x90\x16\x80\x02\x00h\x92\x1a\xf7\x85.^\xe3b\
A\xf8k4O\x05\xc0V\xf3\xeb\x0b6\x87\xe2\x80\xc5\
\x87\x00\x05\x00P\x99\xde\xd0\xe0\xbf-4\xf8\x0c\xe3\xc7\
i(\x14\x02[\xc2\x9f\xbbH\x09@\x01\x00L\xc4\xf4\
\xd0\xd0\xff\x89\x8by\xe6\xe7\xf2\x91\xe6\x08\xc16\x17\x9b\
\x5cl0\xbf\xf0\x10\x00\x05\x00\xf0\x02\xed\x9f\x9f\x13z\
\xf9\xef\x0d\xff\x99\xf9\xfb\xfcl\x0f#\x03\x9bBa\xb0\
\x9f\x94\x80\x02\x00(\x93\x1a\xfc\x93],2\xbf=\x0f\
\xe5\xd8\x17F\x05\xee\x0f\x7f\xb2v\x00\x14\x00@\xc6\xb4\
\xcf~\xbe\x8b\xd3C\xa3\xdfMJ`\x07\xd6\x0e\xdc\xe3\
b\xa3\xbd\xf8\x14D\x80\x02\x00HT\xb7\x1d\x18\xda_\
B\xa3\x8fqh$\xe0^c\xdd\x00(\x00\x80$M\
\x0d=\xfc\xf7\x86?Y\xb5\x8f\xc9\xd0\x1a\x81\xf5.\x1e\
\x08E\x01k\x06@\x01\x00DJ\x8b\xf7>\xeeb\xa9\
\x95s\xac.\x9a1\x14\x8a\x80\x9b\xcc/&\x04(\x00\
\x80\x0e\xd3\x16\xbd\xd3Bo\x7f.\xe9@\x03t\xe0\x90\
\xa6\x07\xee\x0a\xff\x19\xa0\x00\x00\x1a\xa2!~\xcd\xe7\x7f\
\xd4E\x9f\xf9m|@'h;\xe1\xadat\x80\xfb\
\x0a@\x01\x00\xd4D[\xf5\xce\x0f=\xfe\x1e\xd2\x81\x88\
\xa8\xf1_\xe3\xe2Z\xe3\x8e\x02P\x00\x00\x95\xd1\xd6\xbd\
\x8f\x1b\xab\xf8\x11\xbf\x91]\x04\x1a\x15\xe8'\x1d\xa0\x00\
\x00&N\xc3\xfa\x8b]\x5cf\xfev= 5\xba\x8b\
\xe0\x0a\xf3;\x09\xd8A\x00\x0a\x00`\x1c\xea\xe1\xafp\
q\xae\xf9Kx\x80\xd4\xe9,\x81/\xba\xb8\xdeX'\
\x00\x0a\x00\xe0\x10\x9a\xd3\xbf\xc4\xd8\xc2\x87|\xa9\xf1\xbf\
\xdb\xc5U\xc6:\x01P\x00\x00\xcfo\xe3S\xc3\xaf\xf9\
}.\xe0A\x09\xb4N@\xd3\x02\x97\x1aW\x16\x83\x02\
\x00\x05\xd2\x9e\xfdO\x86\x1e?\xdb\xf8P*\x8d\x08h\
z`\x1b\xa9\x00\x05\x00r\xa7\x05}W\x9b?\x9f\x9f\
\x86\x1f\xf0t\x09\xd1\xc5.v\x90\x0aP\x00 7=\
\xa1\xe1\xa7\xc7\x0f\x1cyD@\x85\xc0\x00\xa9\x00\x05\x00\
rh\xf8/rq\xb61\xc7\x0f\xb4Bk\x04\xd6\x18\
\x8b\x05A\x01\x80Du\x87F_\x8d?\xb7\xf1\x01\x13\
7\x14\x8a\x80[\x5c\x0c\x92\x0eP\x00 \x05\xcb\x5c\x5c\
i\xfe\xe8^\x00\xed\xd19\x02W\x84B`\x98t\x80\
\x02\x001Z\xe0\xe2:\xe3\xe4>\xa0\x0e\xda2x\x9e\
\xf9\x05\x83\x00\x05\x00\xa2\xd0\xeb\xe2\x06ce?\xd0\x84\
\x8d\xa1\x10\xe0\x0c\x01P\x00\xa0ctb\xdf*\xf37\
\xf4qI\x0f\xd0\x1cM\x05|\xc1\xfc\xed\x83\xfbH\x07\
(\x00\xd0$\x9d\xdc\xb7\xda8\xaf\x1f\xe8\xa4}a4\
\xe0nc}\x00(\x00P\xb39v\xe0 \x1f\x00q\
\xd8l\xfehaN\x14\x04\x05\x00*\xa7\xb9\xfd\xcf\x9a\
\xdf\xd6\xc7~~ >\x1a\x01\xb8>\x14\x02\x5c?\x0c\
\x0a\x00Tb\x9e\x8b\x9bC\xef\x1f@\xdc\xb48p\xa5\
\x8b~R\x01\x0a\x00\xb4\xd3\xeb\xd7p\xff*cu?\
\x90\x9a\x1b\xcd\x1f+<D*@\x01\x80\x89\xf6\xfa\xef\
0\x7f]/\x804\x0d\xb8X\xceh\x00(\x00\xd0\x0a\
\xcd\xef_I\xaf\x1f`4\x00\x14\x00(\xab\xd7\x7f\x9b\
q\x92\x1f\x90\xebh\xc0\x19.\xb6\x92\x0aP\x00\xe0\xe0\
^\xff9\xc6\x0a\x7f w#;\x05\x18\x0d\xa0\x00\x00\
\xbd~\xe6\xfa\x81\xc2\xecvq\xa6\xb16\xa0h]\xa4\
\xa0h\x9fqq\xa7\x8bW\x90\x0a\xa0(\xc7\x98\xbf\xb5\
\xf3w.\xbe\xe5\xe29RB\x01\x802\xe8\x9a\xde\xbb\
\x5c\xfc\x99\x8b\xa3I\x07P\xac\xb7\xbb8\xc9\xc5C.\
\x9e&\x1d\x14\x00\xc8\x9b\x86\xfc\x1fp\xf1FR\x01\xc0\
9\xde\xc5\x07\x5c|\xcf\xfcBAP\x00 C#C\
\xfe\xc7\x90\x0a\x00\xa3\xbc\xcc\xfc\x94\x80\xd6\x85\xf5\x93\x0e\
\x0a\x00\xe4\xa3\xc7\xc5:\x17g\x1bC\xfe\x00\xc6\xd6\xe7\
b\xbe\x8b\x07\x8d]\x02\x14\x00H\xde\xbc\xf0e~=\
\xa9\x00\xd0\x02M\x09,u\xf1\x981%@\x01\x80d\
-\x0b=\x7f\x86\xfc\x01LD\xb7\x8b\xd3\x5c\xfc\xda\xc5\
\xdf\x1a\xbb\x04(\x00\x90\x0c\x1d\xe1{\xab\x8b\xbf4\x8e\
\xf3\x050\xf9\xf7\xc8{\xc2\x88\xc0\xd7\xcd_7\x0c\x0a\
\x00DL\xf3\xfdZ\xe5\xbf\x98T\x00\xa8\xc0\x89.\x16\
\xb8\xd8\xe2b\x90tP\x00 Ns]<\xec\xe2\x04\
R\x01\xa0B:;d\x99\x8bG\x5c\xfc\x84tP\x00\
 .Z\xe1\x7f\x9f\xf9\xed<\x00P5\xdd\x13\xf21\
\x17?w\xb1\x9dtP\x00 \x0e\x97\xbbXml\xf1\
\x03P\xbfE\xc6y\x01\x14\x00\x88\xc2\xcd.. \x0d\
\x00\x1a\xd4g~\xbd\xd1&c\x87\x00\x05\x00\x1a7\xcd\
\xc5W\xcdo\xd5\x01\x80\xa6i\xcd\xd1[C\x11\xc0\xa1\
A\x14\x00h\x88\x16\xe4h1\x0e\xe7\xf9\x03\xe8\xa4\xde\
\xd0\x09\xf9\x9a\x8b\xa7H\x07\x05\x00\xea5'T\xdc\xc7\
\x93\x0a\x00\x11\xd0\xc2c]&\xa4\x1dHO\x92\x0e\x0a\
\x00\xd4C\xc7\xfa\xea@\x8ecI\x05\x80\x88t\x87\x22\
\xe0;\xc6\xf1\xc1\x14\x00\xa8\xdc\x82\xd0\xf3g\x9b\x1f\x80\
\x18i\x9b\xa0\xa6\x03\xbe\xef\xe2G\xa4\x83\x02\x00\xd5X\
\xe6\xe2\xae\xf0\x05\x03\x80XM\x09#\x01?3\x7f\x87\
\x00(\x00\xd0\x86U.np\xf1\x12R\x01 \x01:\
\x8f\xe4\xfd.~\xe3b+\xe9\xa0\x00\xc0\xe4\x5c\xee\xe2\
j\xe3\x80\x1f\x00\xe9\xd1\xb4\xa5F-\xb58\x90\xb3\x02\
(\x000\x01\x1c\xf0\x03 u\xf3]\xbc\xc2\xfc\x05e\
\xa0\x00@\x0b\xd4\xeb_E\x1a\x00d`.#\x01\x14\
\x00h\xcdm.\xfe\x9c4\x00\xc8l$\xe0\xb80\x12\
@\x11@\x01\x801\x1a\xff\x15\xa4\x01@\x86\xe6P\x04\
P\x00\x80\xc6\x1f\x00E\x00E\x00\x05\x00\xcc/\xf8\xfb\
\x04i\x00PP\x11p?\xa9\xa0\x00(\xdd\xe5\xc6j\
\x7f\x00\xe5\x15\x01:4\xe8!RA\x01P\xaa\xcf\xba\
\xb8\x824\x00(\x90\xae\x12>\xcaE?\xa9\xa0\x00(\
\xcd2\x17\xd7\x1a\x87\xfc\x00(W\x9f\x8b'\x5c\xec \
\x15\x14\x00\xa5X\xea\xe2v\xf3C`\x00P\xb2\xc5.\
~j\xdc\x1d@\x01P\x80\x85\xe6/\xf6\xe1l\x7f\x00\
\xf0\xde\xe3\xe2Q\x17\xbbI\x05\x05@\xae\xe6\xb9\xf8\xba\
q\xab\x1f\x00\x8c\xa6\xa9\xd0%.\xb6\xb8\xd8C:(\
\x00r\xd3k~\xc5\xeb\xcbH\x05\x00\x1cbJ(\x02\
\xees\xf1\x14\xe9\xa0\x00\xc8\xc5\x0c\xf3\xe7`\x1fK*\
\x00`L\x1a\x1d\xd5U\xc2:#`\x90tP\x00\xa4\
\xae\xdb\xfc\xb0\xff\x09\xa4\x02\x00\xc65\xcd\xfcU\xc2\xeb\
\x5c<C:(\x00R\xa6\xe1\xac>\xd2\x00\x00-\xd3\
\x15\xc2'\xba\xb8\xc782\x98\x02 Q:\xdf\xff4\
\xd2\x00\x00\x136\xd3\xb87\x80\x02 Q\x97\xbb\xf84\
i\x00\x80I\xd3\x91\xc1\xda2\xbd\x85TP\x00\xa4B\
\xbd\xfe\xeb\x8cS\xfe\x00\xa0]\xf3]<\xee\xe2\xefH\
\x05\x05@\x0a\x15\xab\x16\xaf\xbc\x94T\x00@%tP\
\x90\xa6\x02\xf6\x92\x0a\x0a\x80X\xf5\xb8\xf8\xa6\x8b\xe9\xa4\
\x02\x00*\xa33\x02td\xb0\x16\x05>M:\xaa\xc1\
\x10u\xb5\x0f\xe8\x9d\xa1\x08\x00\x00T\xdf\xc1Zg\xdc\
\xa1\xc2\x08@\x84\xaer\xf1\x11\xd2\x00\x00\xb5\xd1\xa1j\
:Mu\x13\xa9\xa0\x00\x88\xc5\x22\x17\xff\xd5\x18Q\x01\
\x80\xba\xe9N\x95\xef\xbb\xd8E*\xdaC\x83\xd5>\xed\
U\xd5\xd0?\xc3R\x00\xd0\x0c\xbdsg\x91\x06\x0a\x80\
N\xd21\xbf_3\x7ft%\x00\xa0\xb9w\xef\x83\xe1\
OL\x12S\x00\xed\xb9\xdd\xc5\xdbI\x03\x004Nk\
\x01\x8e7\x7fq\x10'\x05R\x004\xea3\xc6I\x7f\
\x00\xd0I\xb3]\xfc\xd6\xc57H\xc5\xc41\x0509\
:\xec\xe7\x12\xd2\x00\x00\x1dw\x99\xf9\x85\x81\xa0\x00\xa8\
\xdd\xc8\xbc?sO\x00\xd0yS\xc2;\x99\x03\xd8&\
\x88)\x80\x89\xbb\xd5\xc5[I\x03\x00DCG\xafk\
=\xc0:RA\x01P\x17]\xf2s\xb91r\x02\x00\
\xb19\xc1\xb84hB\xd8\xbb\xde\xba^\x177\x933\
\xdb\x13b\xff\xa8\xbf\xa7\xd3\xb94\xfc\xc6vH\xa0~\
\xfbB\x8c\xbe\x18GS\x92=\xe1\xbbX\xb2\xdb\x5cl\
s\xb1\x9b\xc7d|G\x91\x82\x96i\xcf\xe9\x82\x82\x7f\
\xffw\xbb\xd8\xecb\xf8\x08\xff\x9bi\xe1\x05\xa4\xd0\xea\
\xdc7\xb8\x98k\xfe\xb0$\x00\x13\xa3Fl\x87\xf9S\
\xef\xb6\xbb\x18\x08\xc5\xf7\xd0\x11\xfe?S\xcd\x8fT\xde\
Qp\xdeT\x00\xbc\x99\xc7\x87\x11\x80\xaa\x9cSx\xe3\
\xbf\xd5\xc5\xc6\x16\xfew\x83!v\x1e\xf4\xbfWa\xb0\
\xd0\xc5\xdb\xcc\xdf\xed=\x9bG\x0a8\x84\xbe7\xfd.\
\xb6\x84b{h\x12\xff\x0c\x8d\xcc\xadu\xb1\xda\xca]\
\x14\xa7\x1d\x01\x17\xb8\xf8\x02\x8f\x14\x05@\x15\x0f\xd3\xea\
\xc2s\xf0\xe56\xff\xff*\x0a\xee\x0eaa\x84`\x89\
\x8b\x93CA\xc0s\x88\x12\x0d\x87\x86^\x17\xdb\xdc\x1b\
z\xf7U\xfdsoq\xf1\xd9\x82s{\xb5\xf9Q\x93\
~\x1e\xb3\xb11\x05pd\x1aN{\xb4\xf0\x1e\xab^\
&\xff\xce\xfc\x9cc\x1d\xd4K\xd1\xe8\xca\xe9a\x94\x80\
b\x00\xb9\x7f\x9f\xd4\xd8\xdf\x17\x1a\xff\xc1\x9a\xfe=:\
'\xff\xef\x0b\xcf\xf5\x80\x8b\xd7\xda\xe4FR\x8a\xc0.\
\x80\xf1\xab\xc8\xc5\x85\xe7\xe0\x7f\x9a_XS\x97g\xcc\
\x0f}~%\xfc{~\xee\xe28cO/\xf2\xa2\xb9\
\xfck]|\xc8\xc5].~h/^H[5\x15\
\xec\x1ae{E\xc19\xd7\xd4\xa3\x8e\x0b\xfe:\x8f\x1f\
\x05\xc0Di\xe8\xff\xaf\x8c-\x7f\x97\x86\x06\xba\x09\xaa\
\xd4\xbf\xe5\xe2&\xf3\xe7{\xcb\x1c>\x03$J\xbd\xfb\
\xeb]\x9c\xe1\xe2\xf3\xe1\xd9\xde\xdf\xe0\xbf\xff\xdfZ\xd9\
k\x97\xe4\x8d.\x1e\x0e\xa3\x01\xa0\x00h\x89\x86\xa17\
\x15^=[xY\xadl\xf8\xa55B[\x9c\x1e0\
\xbf\xf5\xf2\x9f\xc2\xa8\xc01<\x9aH\xc0\xb6P8/\
\x0f\xef\x91\xc1\x0e\xfe,\x1f\xe3\xe3\xb0>\xf3\x17\xb7=\
K*(\x00Z\xa1j\xfd\xfd\xa4\xe1\xf9E47u\
\xf8g\xd0\x14\xc17B!\xf0\x0f\xe6\xd7cP\x08 \
F\xfd\xa1\xd1W\xe3\xaf!\xff\xe1\x0e\xff<?q\xb1\
\xc2\xfc0x\xc9\x98\x0a\xa0\x00h\x19C\xff/.\x84\
\xbe\x1b\xc9\xcf\xf2\x5cx\xa9\xde`~_\xb4\xce\x168\
\x96\x8f\x08\x11\xd0\x96\xd73]\x5ca\xf1\x0d5\xebx\
\xdc7\xf2\x111\x15@\x010>\x0d\xfd\xdfO\xc3\xf2\
\x82\xf3\xad\xbe\xd5\xff\xed\xd8e~\xc1\xe0#\xe6\xa7\x06\
z\xf9\xa8\xd0\x01w\x87\x1e\xff\xea\x88\x1b\x96\x7fe\xfe\
` \xf8\xce\x9d\xa6\x02\x86I\x05\x05\xc0\xe1\xfc'\xbe\
,/\xd0\x0b\xed\xd2\xc8\x7f\xc6\x1f\x9b?\xa3\xe01\x17\
\xaf\xa2pC\x83=~5\xfc\xd7\xb9x2\xf2\x9fU\
kit(\x0e#\x9a~g\x91\xb6v?H*\x0e\
\xf4x\xe1\xa9\x17y\x11ixA\x7fB?\xeb\x86\x10\
\x8b\xcco\xdd\xe4\xa4A\xd4A\x8b\xfb.N\xec\xbb\xa1\
\x05\x88\xdbC\xef\x17f\xab\xcc\xdf\xe8\xca]\x01\x8c\x00\
\xbc\x88\x16\x99\xcd!\x0d/\xb8\xca\xfc^\xe5\x94\xfc\xc8\
\xfc\xd4\xc0\xaf\xcc\xdfA\xf0R>FT@\x8d\xc5\xb9\
\xa1\x83\x90b\xc3\xa1C\x81N\xe2c|\x9eFB4\
mx\x0f\xa9\xa0\x00\x18\xd1\xe7\xe2\x1ac\x98l\xb4O\
\x9a_\x81\x9f\x9a\xe7BO\xed\x86\xf0\xd7'\xf1\xb9b\
\x92t.\x85\xd6\xc1h\xb8?\x86U\xfd\xed\xbc\xe7\x97\
\xf2q\xbe\xa8 z,t\x18(\x00\x0a\xa7k4\xb5\
\xdf\x9c\x93\xe7^\xdc\xe3\xf9|\xe2\xbf\x83^\xd6\x0f\xb9\
\xf8\xaa\x8b\x13C\xd5\x0f\xb4J\x0b\xfctW\xc5\xe6P\
T\xa6^\xc8\xac\xa2\x10~\x91\xb7\x9b\x9f\x0a(\xfal\
\x00\x0a\x00\xb3?7\x16\xfe\x1d\xeco,\x9f=\xb3\xbf\
0\x7f5\xea\xe3a4\xa0\x9b\x8f\x17G\xa0S/?\
h\xfe\xd8\xde\xa73\xf9\x9dT\x00\xe8\x5c\x13\x16\xc9\xbe\
\xb8\xe3\xf7\x12+|A`\xe9\x8b\x00u+\x1d\x0b\xff\
\x0e\xf5\xfd\x0c\x7f']\x91\xba\xde\xc5\x95\xe6\xafwN\
\xfd\xd9\xd7\xe9\x8cZ\xe1\xad\x1b\xe4\x86\xc3\x7f\x1e\xf9{\
\xbf\x19\xf5\x9f\x0f\xfe\xdf\xb7bZ\x08\xe91\xbfr\xfa\
\xe5\xa3\x8a\xa7\x19!\x7f#\xff\xdd\x8c\x0c\xf2\xa9FR\
\xfb\xf8\xaf\xb7<\xb7\x89i\x0ac.\xaf\xb6\x179\xc7\
\x0a_\x10Xz\x01\xa0yb\x86\xfe\x0f\xff\xb2\xc8\x91\
^\xf2\xe7\x99\xdf\x0b\xacE\x9f\xf3#\xfd9\x07\xcc\x9f\
u0\xd2\xc0\xff<\xbc\xa4\xf6\x85\xbf\xb77\xc2Fj\
J(\x04zB\xe8{\xf5\xca\xf0\x9f\xf5\xf7g\x85?\
c\xa4\xe1\xfe\x0b\xad\xba\xebx)\xea\xd305\xb4\x01\
\xef\xa6\x00(\x8f\xaa\xe1\xc5|\x07\x0e\xa1\x86eg\xe6\
\xbf\xa3~\xbf\xb7\xb88\xdb\xfc\xb6\xc1i\x1dl\xe4\xd5\
\xb0?\x16\xfe\xdc3\xaa'\x9f\xe2s3`G>\x10\
g\xeaA\x05\xc1\x1b\xcco\xbf\x9d\xd5\xa1Q\x04\xfd\xac\
:\xc1o3E}\xb1t\x05\xb9\xb6Hn\xa3\x00(\
\xeb\xf7\xbe\x81g\xff\xb0v%\xda\x00M\xc6-\xe6\xef\
f\xd7\xb3P\xd7:\x90\xbd\xe1\xe5\xab\xa2\xe3\x07\xe1O\
5\xf6\x83\x05>[\xfbG\x15\x09[]|i\xd4\x7f\
\xa7\x11\x83\x99\xa10\x7f\xb5\xf9\xb3\x1cf[=#t\
*V\xb4\xebG\x0b]K\xb9+~d\x17\x03g\xbf\
\x1c\xea\x86\xd0!\xd8_\xda/^\xea\xc3\xb0\xc28\x18\
\xe3H\xbd\xe3\x92hX]w\xb4\xdf\x13^\x04\xed\x0c\
S\x0f\x86\x17\xed\x96\xf0\xe7\x0e\xcb{X\xb9\xea\xcfa\
\xdfazb\x1a!\x98\x13F\x0b\xfa\xc2\x7fng!\
\xa7>\x93\xe5\x05\xf6\x88\x87B1:\x83G\xed\x10s\
C\x9bp#\x05@\xfe4\x0c\xc9\xc2\xbf#\xf7XK\
\xa4\x05\x82\x1a\x0a\xd6\x8e\x81%-\xfe\x7fv\x87\x9e\xec\
wB\xc3U\xd2\xe8ISFF\x0c\xd6\x8fzg\xcd\
\x0e\xc5\x80\x8a\x02\xddw\xdf\xd3b\xaf_\x87[}\xce\
\xca=\x0b~\x0f\x05\xc0\x98\xd4&\xac\xb1rF\x84\x8a\
-\x00\xce1.\x8f9\x92\xc7\x0a\xfe\xdd\xf5\xe5?\xd5\
\xfc\x91\xc27\x1f\xe6e\xa9\x17\xe8\xc6Q=\xfc]<\
.\x8d\x1b\xb6\x03\xa3+#4u\xa0\x05\x9d\xef\x0d\x05\
\xc1\xc1k:t\x14\xee\xca\xf0g\xc98\x12xl\xfa\
\xae\xaf\x0a\x05\x22\x05@\xc6\x1f\xf2%<\xeb\xe3\xf6\x12\
J\xb7!\xf4\xe8o\x0b\x7f\xbd)4\xfc{\x8c\x9b\xc4\
b\xb4;\xc4\x9aQ\x05\xc1\xa2P\x10\xa8P\xb8\xa2\xb4\
\x9e\xdd\x18~N\x0a\xc6\x1d\x05\xd0v\xe1\x01\x0a\x80|\
?\xe0i<\xe7G\xb4\x93\x14<O\xf3\xd1\xa7\x90\x86\
d\x0b\x82\xebC\x80\xefv\xab\xbaC\x1b\xb1\xb2\x94_\
\xb8\xa4\xa3!\xd5\xfb_\xc13~D\xfbC\xc3\x07 \
?\x8c\xee\x8dOmD/\x05@~4\xf4?\x95\xe7\
\xfb\x88\xf6\x92\x02\x80\xefw\xc14*~\x19\x05@^\
T\xd1q\xde?=\x04\x80\xef7\xc6\xb3\xb4\x94Q\x80\
R\x0a\x00\x9d\xff\xce\xdc\xff\xf8X(\x05\xf0\x1dg\x14\
\xc0l5\x05@\x1ef\xd2\xfbo\x19C\x84@\xdeX\
\xe3\xd3\x1a\x9d\x052\x9b\x02 }\x97\x19\xc7_\xb6j\
\x90\x14\x00\x14\x00x\xa1\xed\xa0\x00H\xd8,z\xff\x13\
\xf2kR\x00d\x8d)\x00F\x01\x8a)\x00.\xa1\xf7\
\x0f\x00`\x14\xa0\xac\x02`\x06\xbd\x7f\x00@\x9b\xa3\x00\
\xbd\x14\x00\xf4\xfe\x01\x00\x8c\x02P\x00Dn\x1a\xbd\x7f\
\x00@\x05\xd4\x96\xf4\xe4\xf8\x8b\xe5Z\x00p\xe6?\x00\
\xa0\x0a:A\xf6|\x0a\x80tz\xffg\xf3\xcc\x02\x00\
*rv\x8e\xa3\x00Gg\xfaA\xd1\xfb\x9f\x9c.R\
\x00\x00\x87\xe8\xce\xb1c\x99c\x01\xf0A\x9e\xd5I\xeb\
!\x05\x00\xdfq\x1c\xd6\xe9\x14\x00q\xd3\x96\x8d9<\
\xa7\x93\xc6m\x89\x00\xdfq\x1c\x9e\x8e\x95_J\x01\x10\
\xaf\xb3xF\xe9\x1d\x00\xe0;N\x1bSV\x010\xd7\
E\x1f\xcfg[\xa6\x93\x02\x80\x11\x00\x8ci~\x08\x0a\
\x80\xc8h\x9b\x06\x07\xffP\x00\x008\xbc\x19\xa4\xa0\xb2\
\xb6\x86\x02 \x22Z\xa1\xb9\x90\xe7\xb2\x92\x17\x04=\x04\
 O\xbd\xa4\xa0\x12\x0bs\xe9,\xe5R\x00,3\xb6\
\xfe\xf1\x92\x00p$\xcc\xffWC\x9d\xa4,\x16\x03\xe6\
R\x00|\x9cg\xb22\xb3H\x01\x90\xa5\x99\xa4\xa0\xd2\
6'\xf9)\xe7\x1c\x0a\x80y\xc6\xd6?^\x12\x00\xc6\
\xf3jRP\x99\xd9\x96\xc1b\xc0\x1c\x0a\x00\x0e\xfe\xe1\
%\x01`|\x8c\xee\xd1\xf6dU\x00d3\x17\x13\x91\
y\xa4\x00\xa0\x00\xc0\xb8\xd4\xf6$\xbd\xf6,\xf5\x02@\
'\xff\xb1u\xad\xfa\x97\x04\xdb)\x81\xbc\xcc4\x16J\
W\xad;\xb4A\x14\x00\x1d\xf2Q\x9e\xc1\xcaMa\x14\
\x00\xc8\x0e\xeb\xa4h\x83\xb2*\x00z\x8d\x93\xff\xea2\
\x9b\x14\x00Yy\x13)\xa8\x85\x16\x02&;\xb5\x92r\
\x01\xb0\xcc\x18\xaa\xae\xcb\xdbH\x01\x90\x15:K\x8c\x02\
dU\x00\x9c\xcesW\xeb\xcb\x82\xe2\x0a\xc8\x83\xe6\xfe\
\x99\x02\xa8\xcf\xd2T\xdf\x97\xa9\x16\x00j\xa0\xd8\xaf^\
\x1f\x9d\x18\xc64\x00@A\x8f\xf1\xe9\x08\xf5\x05\x14\x00\
\xcd\xe1\xda\xdf\xfa- \x05@\x16\xdeK\x0ah\x93r\
)\x00\xb8\xf8\xa7\x19'\x93\x02 \x0b\x8bHA\xed\x92\
\xbc (\xc5\x02@=S\xf6\xb3\xd6o\xbeq\xc6\x02\
\x90\xc3\xf7\x98K\x80\xea\xa7C\xe9\xfa(\x00\xea\xc7\xd1\
\xbf\xcd\xe1\x94E m,\x96\xa6m\xca\xa6\x00P\xcf\
\x7f1\xcf\x19\x0f4\x80q%\x7fR]b\xd46%\
5jzt\x82\x09\x9e\xcas\xd6\x98\xbd\xa4\x00H\x96\
V\xfe\x0f\x90\x86F\xf3\x9dT\xc1\x95Z\x01\xc0j\xd6\
\xe6\xecp\xb1\x9c4\x00\xc9\x1at\xf1>\x8a\x00\xda\xa8\
\x1c\x0a\x00\x0dg\xb15\xad\x19\xbb\x5c\xbc3\xbc@\x00\
\xa4ko(\x02\xf6\x93\x8aF\xa8\x8dJf\x1a\xe0\xe8\
\xc4\x12\xcb\xea\xfffz\x0d\xa7\xb8\xd8G*\x80,\xec\
tq\x1eihDR\xbb\x01R*\x00\xde\xc1\xb3\xd5\
\x88\x0f\x85\x11\x00\x00\xf9\xb8\xc5\xc5\x8d\xa4\x81\xb6*\xc5\
\x02@\x8b+X\xfd_\xbf+\x5cl$\x0d@\x964\
\x0a\xb0\x9d4\xd4n\x89%\xb2X=\x95\x02@\x17Y\
\xcc\xe0\xb9\xaa\x95\x1a\xfe\xcf\x91\x06 [\xc3\xe6\xd7\x03\
\xb0\xbb\xa7^\xd3-\x91\xcb\x97R)\x00\xfe\x94g\xaa\
V{\xcc\xaf\xf8\x1f&\x15@\xd6\xd4\xf8\x9f\xcaw\xbd\
vI\x9c\xa1\x92J\x01\xc0\xea\xffz\xad\xa4W\x00\x14\
c\xab\x8b/\x90\x86Z%q_M\x0a\x05\x80\xce\xb1\
\xe6.\xeb\xfa|\xc9\xc5\x06\xd2\x00\x14\xe5R\xf3g}\
\xa0\x1e\xb3\x5c\xf4R\x00T\xd3\xfb\xe7.\xebz\xa8\xd7\
\xcf\xf6 \xa0<\x9a\x02XI\x1ajo\xbb(\x00\xda\
\xc4\xf6\xbf\xfa\x9c\xe1b\x884\x00E\xda\xe6\xe2\x1a\xd2\
Pn\xdb\x95B\x01\xb0\x90\xe7\xa8\x16w\xbb\xd8L\x1a\
\x80\xa2i*`\x804\xd4\xd6vE=z\x1d{\x01\
0\xdb\xb8\xcb\xba\x0e:\x16\xf4B\xd2\x00\x14OS\x01\
L\x03\xd6C'\xd7F\xbd~-\xf6\x02\x80\xde\x7f=\
\xb4\x02x\x0fi\x00\xe0\xac7F\x03\xeb\x12\xf5:\x80\
\xd8\x0b\x00\xe6\xff\xab\xa7s\xc1?O\x1a\x00\x8c\xa2\x05\
\x81\xac\x07\xaa\xde\x9fP\x00LNR\x97*$\xe4B\
\xbe\xe8\x00\x0e\xb2\xdb\xb8+\xa0\x0e\xf3\xcd\xdfdK\x01\
0A}\x96\xc8y\xca\x09\xd1\xaa_\x86\xfa\x00\x1c\xce\
Mt\x0e*7%\xe6\x8el\xcc\x05\xc0\x1f\xf1\xecT\
N\x8b}8\x02\x14\xc0\xe1h]\x10\xd3\x83\xd5{\x1b\
\x05\xc0\xc4\xcd\xe7\xb9\xa9\xd4\xdda\x04\x00\x00\xc6\xc2\x02\
\xe1\x82\xda\xb2X\x0b\x00\x0d\x9b\xcc\xe3\xb9\xa9\xd4\xb5\xa4\
\x00\xc08\xb4E\xf8&\xd2P\xa9\xb9\x16\xe9tv\xac\
\x05\xc0,c\xfe\xbfJ:\xeb\x9f{\xc0\x01\xb4\xe2F\
F\x01*\xef\xd0\xce\xa6\x00h\x1d\xfb\xff\xe9\xfd\x03\xe8\
\x0c-\x04\x5cC\x1a\xf2o\xd3b-\x00\xde\xc0\xf3R\
\x19\xdd\xf8\xd5O\x1a\x00L\xc0\x17\x8d\x05\xc3Uz\x13\
\x05@\xeb\xb8\xfe\xb7:\xac\xea\x050Q\xfb\xcc_\x15\
\x8ejh\x0a \xba{\x01b,\x00f\x85@5_\
\xe2\x0d\xa4\x01\xc0$\xdcJ\x0a*\xd3\x1bc\xbb\x16c\
\x010\x9bg\xa52k\x8d\x83=\x00L\x8e\xa6\x0fY\
<\x5c\x9d\xe8F\xb6c,\x00^\xc7sB\x05\x0f \
\x0a\xb7\x93\x82|\xdb\xb6X\xa7\x00\xd0>\x1d\xfa\xb3\x8b\
4\x00h\x83\x0e\x10\xdbO\x1a*\x11\xdd\xe8v\x8c\x05\
\x00\x0b\x00\xe9\xfd\x03\x88\xc3\xa0\xf9\xeb\x82A\x01P;\
\xdd\x9a\xd4\xcbs\xd26\xcd\xfb\xdfK\x1a\x00T\xe0\xcb\
\xa4\xa0\x123\x5cL\xa7\x00\x18\x9b\x86\xff\xa7\xf0\x9c\xb4\
m\xb3\xb1\xf8\x0f@5\xfa\xc3H\x00\xaai\xe3(\x00\
\xc60\x97\xe7\xa3\x12\xf7\x91\x02\x00\x15\xd1\x1a\x00\xa6\x01\
\xaa\x11\xd5\x14wl\x05\xc0kx>*\xf9\xb2n&\
\x0d\x00*\xb4\x89\x14\xe4\xd7\xc6\xc5V\x00\xb0\x00\xb0}\
[]\xec%\x0d\x00*\xb4\xde\xd8\x0dP\x85\xa8F\xb9\
c\x5c\x03\x80\xf6<L\x0a\x00TL\x8d\xff6\xd2\xd0\
\xb6\x99\x16\xd1:\xb7\x98\x0a\x80\xe9\x16\xd9\x0a\xc9D\xf5\
\x93\x02\x00t.\xa24-\xa6v.\xa6\x02\xa0\x87g\
\xa3\x92*\x9d\xa3;\x01\xd4a#)\xa8\xac\xb3K\x01\
p\x10\x86\xff\xdb\xb7\xcd\x98\xa7\x03P\xdf\xfbe\x804\
\xb4-\x9a\x03\x81(\x00\xf2\xc2\x10\x1d\x80:\xf5\x93\x82\
\xb6E\xb3\x13 \xa6\x02\x80K\x80\xda\xb7\x95\x14\x00\xa8\
\xd1#\xa4\xa0m\xd1\xecvc\x04 \x1f\xc3\xc6\xfc?\
\x00:\x19\xb1\x9bI\x01p(\x16\x01\xb6G{\xff9\
\xae\x13@\x9dv\x85\xce\x06&\x8fE\x80\x87I\x08[\
\x00\xdb\xb3\x83\x14\x00\xe0]\x93D\x01\x10E\x877\x96\
\x02`&\xcfD\xdbX\x00\x08\x80\x02 \x0dQ\xb4y\
\xb1\x14\x00\x0c\xff\xb7o\x80\x14\x00h\xc0\xe3\xa4 \x8f\
6\x8f\x11\x80|\xb0\x00\x10\x00\x9d\x8d4D\xb1\xe8=\
\x96\x02\xe0\xd5<\x0fm\xd9\xcf\x97\x12@C\x98\x02h\
\xdf+)\x00\x0e`\x01`{\xf6\x90\x02\x00\xbco\x92\
\x11E\x9bG\x01\x90\x87\x9d\xa4\x00@C\x86\x8c-\xc7\
\x14\x00\x15b\x0d@{\x06H\x01\x00F\x01\x92\xc1.\
\x80Q\xd8\x05\xd0\x9e_\x93\x02\x00\x14\x00I\x8d\x00L\
\xa1\x000\x9b\xc1\xb3\xd0\xb6\xbd\xa4\x00\x00\xef\x9c\xa4t\
\xbc\xed\x8b\xa1\x00`\xfe\x9fj\x1c@Z\xf6\x91\x82\xb6\
M\xa3\x00\x88 \x09\x19\x18\x22\x05\x00\x1a\xc4\xb4#\x05\
@%\xa6\xf2\x1c0\x02\x00 )L\x01\xb4\xaf\x9b\x02\
\x80)\x80*p;\x17\x00\xde9i\xe9\xf8\xe2w\x16\
\x01\x02\x00(\x00(\x00:\x82)\x80\xf61\x05\x00\x80\
wNZ\xd8\x06\xe8\xbc\x9c\xe7\x80j\x1c\x00\x0a\xd3\xf1\
\xb6\x8f5\x00\x00\x004\x8f)\x00\x0a\x00\x00@\x81:\
\xde\xf6\xc5P\x00L\xe19\x00\x00\xa0\xbc\x02\x80E\x80\
\x00\x80\xd2p\x0e\x801\x05\x00\x00(\x0fS\x00\xc6\x14\
\x00\x00\x00E\x16\x00\x00\x00\x80\x02\x00\x93\xc0(\x0a\x00\
\xf0\xdeN\xae\x00\xe8\xe19h\x1b\xc7)\x03\xe0\x9d\x93\
\x16\xce\x010v\x01\x00\x00\xbdWrXd\x01\x00\xbe\
\x8c\x00\x00\x0a\x00L\x02\xc3q\x00x\xe7\x80\x02\x00\x00\
P+F\x1d)\x00\x10\x09\x0eS\x02\xd0\xa4.R@\
\x01\x808t\x93\x02\x00\x0db\xf7\x16\x05\x00\xf82\x02\
(\x10S\x00\x14\x00\x88\xc4\xcbI\x01\x80\x061\xedH\
\x01\x00F\x00\x00\x14\x88iG\x0a\x00D\x82-9\x00\
\xe8t \xb9\x02`/\x1fC\xdb\xa6\x91\x02\x00\x0d\xea\
%\x05m\xdbG\x01`\xb6\x9f\xe7\x80j\x1c@R\x1d\
\x0e\x8epo\xdf\x10\x05\x00(\x00\x00\xa4\x84\x05\x80\x99\
`\x04 \x1f\xac\x03\x00\xd0\x84\x99\xa4\x80\x02\xa0*\xac\
\x01\xa8F/)\x00\xd0\x00F\x1c\xab1H\x01\x80\xaa\
0,\x07\xa0\x09\x8c6R\x00T\x86)\x80j0,\
\x07\xa0\x09\xaf$\x05\x95\x18\xa6\x00`\x0a\xa0*\xaf&\
\x05\x00\x1a\xd0K\x0a\xf2h\xfbb(\x00\x86y\x0e\x18\
\x01\x00\x90\x0c\xd6\x000\x02\xc0\x08@df\x91\x02\x00\
5\x9bBg\x83\x11\x80*\xfd\x86\xe7\xa0\xb2\xaa\x9c\xf3\
\xb9\x01\xd4\xa9\xd7\xb8\x090\x9b\xb6/\x86\x02`\x0f\xcf\
Ae\xa8\xcc\x01\xd4\x89\x91\xc6\x8c\xda\xbe\x18\x0a\x80!\
\x9e\x03\xbe\x9c\x00\xe8d\x14\x86m\x80\x16\xc1\x85\x08\x19\
y\x0d)\x00P\xa3\xd7\x91\x82|\xda>\x0a\x00F\x00\
\x00\xa0U\x0bH\x01\x05@\x95X\x03P\x9d9\xa4\x00\
@M\xb4\xc8\x98-\x80\xd5a\x17\x80E0\x0f\x92\x91\
\x99|A\x01\xd4d\xbe\xb1\x03\x80\x11\x80\x1c+\xa1\x8c\
\xcc&\x05\x00j\xc0\x08cF\x8d\x7fL\x05\x00\xd3\x00\
\xd5y\x1b)\x00P\x03\x16\x00f\xd6\xe6\xc5R\x000\
\x0dP\x1d\x16\x02\x02\xa8C\x1f)\xc8\xab\xcdc\x0a \
?\xcc\xd3\x01\xa8\xa3c\xc1\xfa\xa2\xcc\xda<\xa6\x00\xf2\
\xa3/)\x87u\x00\xa8\xd2<R\x90_\x9b\x17K\x01\
\xf0\x04\xcfC\xa5\xfaH\x01\x80\x0a\xb1\xb6\xa8Z?\xa5\
\x008`'\xcfC\xa5\xfe\x88\x14\x00\xa8\xd0|R\x90\
_\x9b\xc7\x1a\x00\xbe\xac\x00p$L+V\x8f)\x80\
\x83\x0a\x80a\x9e\x89\xca\xf4\x1a{v\x01Tc1)\
\xa0\x00\xa8\x93n\x04\x1c\xe0\x99\xa8\x14gv\x03\xa8\xc2\
;HA\xe5\x8d\x7f\x14\xb7\xe0\x1e\x1dQRv\xf1\x5c\
\xf0\xa5\x05\x10\x15m)\xee#\x0d\x95\x8af\xcd[L\
\x05\x00[\x01\xab\x1f\x01\x98N\x1a\x00\xf0\x1e\x89\xca\x00\
\x05\xc0\xa1~\xc0sQy\xe5~\x1ai\x00\xd0\x86?\
%\x05\xf9\xb6u\x8c\x00\xe4\x8d\xed\x80\x00\xda\xc1\x8e\xa2\
\x8c\xdb:\x0a\x80\xbc-r1\x8d4\x00\x98\x84\xb9\xc6\
\xdd\x22\x14\x00\x0d\xd1\xc2\x88\xfd<\x1b\x95\xeav\xb1\x90\
4\x00\x98\x04\x86\xff\xab\xb7\xdfX\x048fb\x18\x05\
\xa8\xdeGI\x01\x80IXJ\x0aj\xe9\xfdG\xd3\xd1\
=:\xb2\xe4\xec\xe0\xf9\xa8\x9cV\xf1r\x8b\x17\x80\x89\
\xe8s1\x834T.\xaa\xed\xee\xb1\x15\x00\xdf\xe1\xf9\
\xa8\x9cv\x03\x9cO\x1a\x00L\xc0Y\xa4\xa0\x16\x8fP\
\x00\x8c\x8d)\x80z\x9c\x16\x0a\x01\x00\x18\x0fk\x87\xea\
3@\x010\xb6m<\x1f\xb5\xd0P\xde\x22\xd2\x00\xa0\
\x05+\x8c\xddCu\x89j\x9a;\xb6\x02@\xd5\x117\
\x03\xd6\xe3tR\x00\xa0\x05\xe7\x92\x82Z\x0c\xba\xd8M\
\x01\xc0(@',q1\x9b4\x008\x02\x0d\xfd\xf7\
\x92\x86\xda\xda\xb6\xa8n\xbd\x8d\xb1\x00`\x1d@}\xd8\
\x12\x08\xe0HX\xfcW\x9f\x81\xd8~\xa0\x18\x0b\x80\xc7\
xNj\xa3\xb9\xbdn\xd2\x00\xe004B\xc8Z\xa1\
\x82\xda6\xa6\x00\xca\xa2\x85=g\x93\x06\x00\x87q\x91\
\xb1[\xa8N\xdb)\x00\xc6\xa7\x83\x12\xf6\xf1\xac\xd4\xe6\
\x5cF\x01\x00\x1cD;\x85\xb8=\xb4>Z\x00\xb83\
\xb6\x1f\xea\xe8H\x93\xb5\x95\xe7\xa5\xd6/\xfa9\xa4\x01\
\xc0(\x97\xd0\xfb\xafUt\x0b\x00c.\x00X\x07P\
\xaf\xf3\x19\x05\x00\x10\xf4\xd2\xfb\xaf]\x94\xa7\xdc2\x02\
P\xa6\xe9.V\x91\x06\x00\xce\x95\xc6\xc1?E\xb6i\
\xb1\x16\x00Z,1\xcc3S\xfb(\x00_z\xa0l\
\xf3\xe8\xfd7\xd6\xa6Q\x00\xb4h\xc8\xb8\x19\xb0nj\
\xfc/#\x0d@\xf1\xbd\x7f\xe6\xfe\xeb\xa5\xc5\x7f\x83\x14\
\x00\x13\xc34@\xfd\xb4\x18p\x16i\x00\x8a\xb4\xd8\xfc\
u\xe1(\xb4-\x8b\xb9\x00\xe0j\xe0\xfa\xa9\xf2_M\
\x1a\x80\xe2Luq\x03i(\xbb-\x8b}\x04\x80u\
\x00\xf5[D/\x00(\x8e\xb6\xfd\xcd \x0d\x8d\xe8\xa7\
\x00\x988\xdd\x09\xb0\x9dg\xa7\x11w\x9a\xdf\x19\x00 \
\x7fs\x5c\x5c@\x1a\x1a\xa1\xb5l\x03\x14\x00\x93\x1f\x05\
@\xfdz\x8c\xe1@\xa0\x147\x9b\x9f\x02@\xe1mX\
\xec\x05\xc0\xc3<?\x8d\xd1V\xa0>\xd2\x00dM\x0b\
\x7f\xe7\x91\x06\xda\xb0\x14\x0a\x00\xce\x03h\x16S\x01@\
\xbe\xe6\x1a\x8b~\x19\x01H\xa8\x00\xd8k\xdc\x0e\xd8$\
-\x0a\xba\x834\x00\xd9\xe9\x0e\x05>C\xff\xcd\xd9\x15\
\xda0\x0a\x806l\xe19j\x94v\x05\xb0@\x08\xc8\
\x8b\xd6\xf8p\xe6G\xb3\xee\x8d\xfd\x07L\xa1\x00`!\
`\xf3\xae6\xe6\x09\x81\x5c,q\xb1\x9444.\xfa\
\xb3lR)\x00\xf6\xf1,5J\x07\x04\xad3\x7fK\
\x18\x80t\xcdwq\x9bq\xdco\xd3\x86R\xe8\xbc\xa6\
P\x00\xec\xb7\x88\x0fR\xc8\xd8\x8cP\x040g\x08\xa4\
\xfb\x1d\xfe\xaaq\xe9W'\xa8\xcd\x1a\x8c\xfd\x87<:\
\x91d\xde\xcf\xf3\xd4\x11s\xe9=\x00I\x9a\x1a\x0ax\
v\xf5t\xc6=)\xfc\x90\xa9\x14\x00\xaa\xa6\xd8\x0e\xd8\
\x19\x9a;d\xeb\x10\x90\x0e\x15\xec_1\xd6\xf1tR\
\x12k\xd7R)\x00\xf6\x18\x8b\x01;i\x95\x8b\xb3I\
\x03\x90\x04-\xe2]L\x1a:F[\xd7\x07(\x00\xaa\
\xc5\xa9\x80\x9d\xa5\xe3CO#\x0d@\xd4\xae4\xb6\xf1\
v\xda\x03\xa9\xfc\xa0)\x15\x00w\xf3\x5cu\xdc\x9d\x14\
\x01@\xb4>\x1b\x02\x9d\xb5\x9e\x02\xa0z:Ui7\
\xcfVG\x8d\xcc-2\xbc\x08\xc4\xd7\xf8_I\x1a:\
nwh\xab(\x00J\xae\xac2\xb7\x8e\x91\x00\x80\xc6\
\x1f\x87\xd8h\x09-X\xefJ,\xb9\xbfr\xf1\x09\x9e\
\xb1(\x0aG\x8d\x02\xfc\x8b\x8bo\x91\x0e\xa0#4\x22\
w\xbb\x8bO\x93\x8ah\x9c\xef\xe2'\x14\x00\xf5x2\
\xf4<\xd9\xdb\x1aG\x11\xf0.\x17\xbf\x0bE\xc0s\xa4\
\x04h\xb4\xf1\xd7t\xdc\x87IE44\xfc\x7fqJ\
\xef\xc2\xae\x04\x93\xdc\xe3\xe2\xad<k\xd1x\xbb\x8b\x13\
\x5c|\xcd8\xab\x01h\x82N\xf8{\xd0\xc5\x02R\x11\
\x95\xbf\x0a\x9fK2R,\x00~\xe6\xe2\x1c\x9e\xb5\xa8\
\x9c\x10^F\xda\xfe2D:\x80\xda\xf4\xb9\xd8\xe4\xe2\
U\xa4\x22:gZb\xf7\xd6\xa4X\x00(\xc1\x8b\xc3\
H\x00\xe2\xea\x95\xe8\xd4\xc0\xc7,\x91C0\x80\xc4\xac\
p\xf1e\x17\xc7\x90\x8a\xe8\xecpqUj?tW\
\xa2\xc9\xfe7\xe6\xe7\x9f\x11\x97n\xf3k4~\x1a\xbe\
\x10\x00\xda\xa7\xf9\xfe\x9b\x5c\xfc\xa5\x8b\x97\x90\x8e(}\
\xd1\x12<\xad6\xd5\x02@\x8b\x015\x0dp4\xcf]\
\x94/+\x8d\xd0\xcct\xf1\x90\xf9\xdb\x1c\x01L\x8e.\
\xe4\xd2\x8d~\xef'\x15Q[\xee\xe2i\x0a\x80f\xe8\
\x9aE-\x04<\x9e\xe7.Z'\xbaX\xe2\xe2\xff\x18\
\x078\x01\x93\xa1\xfb7t\xab\xdcq\xa4\x22j[\xc3\
\x08@r\xba\x12Nz\x97q\x22]\xec4W\xa9u\
\x01\x9a\x1a\xf8\xb6\x8bgI\x090.\x8d\x9e\xdde\xfe\
\x12.\xae\xe2\x8e\xdfe\x96\xe8\x94g\xca\x05\x80\x8e[\
\xd44\xc0T\x9e\xbf\xe8\x9d\xe4\xe2\x03.\x1e5\x7f\xb3\
#\x80C\xa9\xb1\xff\x8b\xd0\xf8\x9f@:\x92\xa0\xd1\xe8\
3,\xd1sPR.\x00\xb4\xe7\xbc\xd7\xfc\x1c\x19\xd2\
\x18\x0d\xd0*f\xed\xdex\xc4X\x1b\x00\x8c6\xdf\xfc\
\x5c\xbfF\xccX\xe8\x97\x8e\xb5.\xeeO\xf5\x87\xefJ\
<\xf9\xbfv\xf11\x9e\xc1\xa4\xa8`[\xe6\xe2\x9f\xcd\
\x0f\x9bq\x82 J\xa6\xe1~\xad\xf0\xff\xcf.\x8e%\
\x1d\xc99\xcb\xfc\xa2t\x0a\x80\x0e\xd0\x99\xcb\x1c\x0d\x9c\
\x1e\xad\x09Xd~e\xf3\xf7\x8di\x01\x94g\x9a\x8b\
\xab]\xfc\xb5\xf9\x05\xb3\xechJ\x8f:0\x97\xa5\xfc\
\x0bte\xf0!\xfc.4&H\x8f\xa6\x03V\x84Q\
\x81\x7f\xa0\x10@\x014\xcf\xffg\xe6\x87\x8d\xfbh\xf8\
\x93v\xb1%~\xdeI\x0e\x05\xc0@\xf8B1o\x96\
\xaeW\x85B`V\x18\x11x\x8a\x94 3Z\xac\xac\
m}#Wi\xb3x9mZ\xfc\xb7\xd2\x12_\xcb\
\x94C\x01\xf0Lh@\xe6\xf0L&ov(\xe6N\
\x0c#\x02O\x92\x12$NC\xfd\x9f1\x7fs\x9f\xce\
\xc5x\x19)\xc9\xc2\x1a\x17\xf7\xa5\xfeK\xe4\xb2\xc7T\
\x870,K\xecg\xd6.\x86~\x17[\x5c\xec4\x7f\
X\x8e\x86\xc0G.\xd3\x99\x11z\xc4\x8a7\x99\x1f&\
\x9fi\xf9\xef\x0b\x9e\x12^\x94\x0a\x0d\xafi\x81\xd4Z\
c\xd7\x00\xd2\xa2\xe9-\xdd\x0d\xbf\x22\x14\x01\xc8\xcb\x17\
s\xf8%\x8e\xca\xe8\x03y\xd4\xd2\xd8\x12\xa8\xcb\x8c\xae\
\x08\x8d\xda\xe0\x04\xff\xbfZ\xec\xa8\xe1\xc3w\x98\xbf}\
\xaf\xbb\x90/\xdb^\x17\xd7\xba\xb8\xdbX'\x80\xb8\x8b\
\xd7>\x17\x17\x99\xdf\xd6\xc70\x7f\x9et\xf2\xdf[(\
\x00\xe2\xa2\x11\x80;\x22\xff\x19\x07\x5c\xbc94h\xed\
\x1a)\x06\xb4\x0dev!_<\x8d\x9a\xac7\x7f#\
\xda\xc6\xf0\xd7@\xa7\xe9\xfbwz\xe8\xed\xb3#)\x7f\
\x9a\xfb\xbf\x85\x02 .\xaa\xd5o\xf2b\x00\x00\x12C\
IDAT\xb65o\x1c\xf35\xc1\x1f\x0a\xbd\xd8\xaa\
-\x08\xbd\x8e\x05\x05}\x09UL\xddk~\x1en\x1b\
\xef$4LSt\x9a\xa6\xfa\xa0\xf9\x91G\x8e\xec-\
\x83:o\xff\xc1\x0eL\xd5R\x00Dd\xb5\x8b\x0b\x22\
\xfe\xf9\xf4\xe0\xd4y1\xce<\x17\xd7\x85?K\xb2'\
\x14\x03\xba8e;#\x03\xa8\xb1\xd1_\x1cz\xfb\xf3\
HG\x91\xae1\xbf\xfd/\x0b]\x99}8\x1a\x01\xd0\
*\xf2X\xf7\xd6~\xd3\xc5\x0fkn\x08ow\xf1\x84\
\xf99\xc8\x97\x16\xf2\xa5|Yx!k\x08\xf6#\xe1\
E\xdd\x15F\x098i\x10\xed\xd0\xc2\xdbO\xb8\xb8\xd2\
\xc5\x7f1\x7f\xe6\xc8\x0c\xd2R\xa4\xe1P\xfc=\x9d\xcb\
/tT\x86\x1f\xd2W-\xde[\x02\xb5x\xe4\x8f\x1b\
\xea\xa1jJD'\x8d\xad*\xf8\x0b\xabE\x96\x9b]\
<\xe0b\x83\xf9\x05\x98\xc0\x91\x8c,\xe4\xd3B[\xad\
\xb1\xe9%%\x08\xb4\xfe\xe8\x94\x9c~\xa1\x1c\x0b\x00}\
y\x1f\x8a\xf8\xe7[n~\x0fiS\x16\xba\xb8\x8d^\
\xcb\xf3E\xd7\xaeP\x84m\x09\x05\x01[\x0b\xa1BY\
s\xf8'\x9b\x1fE\xd2y\x22\xdd\xa4\x05\x87\xa1\xce[\
?\x05@\xfc\x1e\x0a\x85@\x8c\x86\xc2\x83\xb4\xbd\xc1\x7f\
\xa7\xf6!\xdfi\x1c\x99|pA\xa0\xf3\x17\xb4\x80\xf0\
;\xe1\xf3\xd8e\xac\x1f\xc8]oh\xe8\xdf`~\x9a\
l6\x0d>Z\xd0\x1f\xde\xdbY\xc9\xb5\x00\x88}\x14\
`Ox\x98v7\xf8\xef\x9c\x12F\x02\x96\xf1]\x1e\
\xd3`(\x04F\x8a\x82]\xe1\xb3b\xa4 =z\xde\
g\x85\x06^\x8d\xfe\xc8aZ\xcc\xdf\x83\xde\x7f\xe6\x05\
\x80|\xcf\xe2>\x1eX\xdbI\xde\xd7\xf0H\x80\x9cc\
~\xa7\x00\xdb\x96Z\xa3\xc6\x7fG\xf8\x9c\x9e\x08\x7f*\
\x86HM\x14\xa6\xd9\x81S3{C\xcf\xbe\x97\x9e=\
*\xa4\xef\xff\x1f\xe4\xf8\x8b\xe5\x5c\x00\xa8\xa7\x1b\xfb\xc1\
@\x1an\xd6\xd9\x00\xf76\xfc\xef\xd5\xe2\xa6;)\x02\
\xda\x1e-\xd0\x14\xc2\x80\x8b\xc7G\x8d\x16\xec\xa08\xa8\
\xbc'\xdf\x13\x1a\xf9\xde\xf0\xe7+C\x83?3\xfcw\
<\xc7\xa8S\xd3\xeb\xb6(\x00*zq\xfc}xI\
\xc4\xees\xe6\x8f\x07nr\xfeY\x87\x06}\xcd8\xae\
\xb4\x0e*\x00n\xb4\x8c\xf6\x0bw\xd0\x8c\xf0\x9cr\xd9\
\x17:A\xd3\xb4\xbfo\x99\xae\x0d\xea\xca\xf8\x83\xd3\xfe\
\xef\x7f\xb2x\xb7\x04\x8e\xf6V\x17\xefw\xb1\xc9&~\
?\xc0d\xfd\xd8\xc5\x0f\xcc\x9ff\xc6\x9d\xe4\xd5\xfao\
..t\xf1,\xa9h\x9b\xf6\x5c\xdf\x13\x0a\xd6cI\
\x07\x1a\xa6\x0b\x9d\xfe6\xd7_\xae+\xf3\x0fOC\xb4\
\x1fvqL\x02?\xab\x862W\x84\xcf\xe4\xbb\x0dU\
\x9c\x1a\xb6\xfeG\xf3\xbb\x03(\x02\xaa\xa1;\x0a4\xad\
\xf3\x0c\xa9\xa8\x8c\xd6a\xac3?u\xc5\xcdzh\xb2\
\xf7\x7f\x96e|\x98X\xee\x05@J\xa3\x00\xf2\x12\x17\
o\x0f\x0d\xb2V\xa1\xefm\xe0\xdf\xb9#\x14\x01\x8b\xf9\
\xbeW\x92\xcbw\xd3\xf8\xd7V\x04\xe8\xfc\x86\x8f\x84\xef\
\x09@\xef\x9f\x02 \xabQ\x80\x83G\x03~\xd6\xd0\x03\
\xa8\x86K+\xa6O\xe2;?i*\xd6tE\xe8S\
\xa4\xa26\xbf0\xbf\xae\x87i+\xd0\xfb\xa7\x00\xc8r\
\x14`\x84^pZ\x17\xa0\xd5\xce:\xca\xb6\xee)\x81\
\x07\xcdo\x9d:\x81\xef\xfe\xa4|(\xf7\xdeB$4\
m\xa5;.\xe6\x93\x0a\xd0\xfb\xa7\x00\xc8u\x14`\x84\
\x1ae\x9d\x5c\xa6;\x0e\xea^T\xf6\xf5\x90'\xe6Y\
'F\xbb8n%\x0d\x8dy\xd8\xc5{\x8cE\x81\xa0\
\xf7O\x01\xd0\xe2(\x80\x86\xd3?\x90\xe8\xcf\x7f|x\
\xe1\xddg\xf5\xce/?\x1b^\xae+\x8c!\xd6V\x0d\
\x98\xbf!\x8c\x15\xff\xcd~\x9f\xbfm\xfe\x96>\x9eS\
T\xed\x93.\xfe\xae\x84_\xb4\xab\xa0\x0fU\xd7\xf0.\
J\xb8\xd7\xd0\x13\x8a\x80u5\x17\x01\x9a\xcbf\x88\xb5\
u\xcbKyYDF\xeb\x01^\xe1\xe2\x8d\xa4\x02\x15\
\xd2z\xa8\xf3\xac\x90k\xc4K\xab\x9e\xafH\xfc\xe7\xd7\
t\x80\xe6\xea\xa7\xd7\xfc\xef\xb9\xd4\xfc\xady82\xdd\
(\xb8\x9e4t\x8c\x0eZ\x1a \x0d\xa8\xd0UV\xd0\
\x85`]\x85}\xb8?2?\x9f>3\xe1\xdfA#\
\x01\xef\xb2z\xa7\x03F\x86X\x97\x19[\xae\xc6\xa2\x97\
\x84\xee\x06\xdfG*:F\xd3.\xbft\xf1\x1fI\x05\
*\xb09t~\x9e+\xe5\x17.q\xfe\xec\xbc\x0c*\
<\x1d\x8b\xaaE\x81u\x1e\xe3\xab\xd5\xd6\xd7\xf3N\x18\
\xd3\x97B\x8e\xd0Yk\xf9\x1cPQA\x9fC\xdb\xc0\
\x08\xc08\xd4c;\xde\xd2?[\xfc8\xf3\x97\xa3|\
\xad\xc6\x8a\xf5Q\xf3\x07\xaf\xbc\x8c\xf7\xc3\x8b\xe8P\x9a\
S\xcd\x1fS\x8b\xce\xfb\x8d\xf9-\xb3\xc0d\xfd\xb5\xf9\
\xeb\xd2\x8bR\xea\x0aZ\xcd\x1d\x0ef\xf0{,uq\
A\x8d\xff|]j\xf3y\xde\x0d\x87Xc\xfe\xe6?\
\xc4\xf3y0\x15\x83vz\xffW\x95\xf8\x8bw\x15\xfa\
\x81\x0f\x85^\xc3\xc2\x0c~\x97>\xf3\x0b\x03\xebj\x90\
t/\x81v\x04\x1c\xcf{\xe2\x05+]<I\x1a\xa2\
\xa1\x11\xb0\xffg~m\x0c0Q\x97Y\xa1\x8byK\
\xdeC{\x8b\xe51w\xa8k\x8f\xef\xb4z\x0f\xef\xd1\
\xdc\xd8~\xde\x13\xcf\xdb\x1e\x02\xf1}\x9f\x07I\x03&\
H\xdb\x9e\x8b]\xeb\xd4U\xf0\x07\xafa\x9f\xc7\xcd\x0f\
\xa3\xa7N'\x1c\xea\xc8\xe0\xfb\xac\x9e\xf5\x00\xdas}\
\x94\xf9\x8b\x8a\xe8-p\xe4o\x8c\x9e\x0d\xdf\x819\xa4\
\x02\x13\xf0)\xf3\xa3\x9cE*\xfd\x14-]\xdd\x9a\xcb\
\xd0\x8f\xee:8\xbb\xc6\x7f\xbe\x8e\xbb-\xfdl\x00M\
\x1d\xdd\xcb;3Z_&\x05\x98\x80~\xf3\xebG\x8a\
\xc51\x9a~x;\x97\xa1\xc3+\xcd\x9f\x13P\x17]\
x\xb3\xb7\xe0ge\xa31\xcc\x1c\xfb\x0b\x9d\xc5\x99h\
\xc5\xfe\xf0\xee/Z\x17\xcf\xc1\xf3/\xf4\x7f6\x7f\xcc\
n\xeat.@\xaf\xf9\xe3\x82\xeb\xa0mo\x9a6)\
\xf5:V\x15X;\xf9\xcaDM\xc7\x03s\x8c5\xc6\
\xa35#w\x94\x9e\x04F\x00\x0e<\x0c;2\xf9]\
\x96\xd4\xfc\x02\xd4\x94\xc9\x17\x0a}N6\xf0U\x89\xde\
\xc3\xa4\x00\xe3\x18\xb0\xf4\x8f\x85\xa7\x00\xa8\xd0\xc8)P\
\xb9\xd0\xae\x80\xee\x1a\xff\xf9:G\xa1\xb4\xb9\xf0m\xe6\
\xd7\x00 n\xfd|Nh\xe1\xfd\xc5\xb9\x11\xc6\x14\xc0\
\xc1Ua\xaf\xe5\xb1\x8aX[\x02\x7f\x1b^\x86u\xd1\
Q\xc4\xda\x15p\x5c!\xcf\xc7\x17]|\x8b\xafI\x12\
\xc5\xfcI.^E*p\x18\x1a\xc5\xbb\x8440\x02\
0Ve\x98K\xef\xe1|\x173j~\xd1\xbe\xcf\xca\
\xd9\x13\xbf\x91\xafG2\x98\x06\xc0\xe1h\xe1\xdf\xa7H\
\x03\x05\xc0X\xf6\x86\x22 \x07\x9a\x02X]\xf3\xbfC\
\x0b(\xdfi~x<g*\x0a\xb9p&\x1d\xdbH\
\x01\x0eC7\xfd\x0d\x90\x06\x0a\x80#\xb9%\xa3^\xed\
i.\xe66P\x04\xbc\xc5\xf2^ \xa7\x95\xff\xc3|\
5\x92*\x008\xb9\x12\xa3\xe9\x0c\x13n7\xa5\x00\x18\
\x97^\xf4\xcb-\x9f\xa9\x80\xcb\x1a\xca\x99\xa6\x03r]\
\x18x?_\x8b\xe4\xbe\xc3;H\x03FuR\x96S\
\xc4S\x00L\xa4\xc7\x97K\xb5\xb8\xc8\x9a[\xd8\xa8\x83\
\x82n\xcc\xf0y\xe0\xec\xff\xf4\xf4\x93\x02\x04\xba\xe9o\
7i\xa0\x00\x98\x08\xed\x13\xcde.\xf1\xfc\x06{^\
Zds\x86\xe5\xb5\x15\x8b\xdedz~@\x0a`\x0c\
\xfdS\x00\xb4\xd1\x98\xe52\x15\xa0\xb5\x00\xbd\x0d\xfe\xfb\
\xd6\xbaxm&\x05\x94\x9e\x03\xf6\x0c\xa7\x87\x1e\x1f\xf4\
\xee>\xd3\x18\xfa\x1f\x13\xe7\x00\x1c\x99^\xfc\xff\xe2b\
a\x06\x85\x9e\xbe\x04\x0f6\xf8\xef\xd4\xbc\xdb\xed\xe6o\
\x11\xd4B\xc4\x97$\x9a\xbb\x1f\xba\xb8\x99\xafBr\xb4\
\x08\xf0/HC\xd1\xb4\xdf\xff\xbf\x93\x06\x0a\x80vh\
\xfeW\x07\x8b\x1c\x9f\xf8\xefq\x82\x8b[\xad\xf9\xd5\xd1\
\xfd\xe6O&<\xd6\xc5\xec\x84\xf25\xe0\xe2\xf3.\xce\
u\xf1\x0c_\x83\xe4\xe83;\xc7\xc5KIE\x914\
\xfax\x96\xd5s=:\x05@A\xf4\x00}\xdb\xc5\xc7\
\x12\xee\xc5\x8a.\x0az\xc2:\xb3\xa0M\x97\x08\xdd\xe7\
\xe2\x01\xf3'\x07\xce\x8c8O\x9a\xef\xd7Y\x10\x1a:\
\xfc\x06\x8d\x7f\xd2\xf4\x9d\x9dN\x1a\x8a\xa3\xd1\xc7w\x1b\
Sw\x14\x00\x15y\xca\xc5\xcf\x5c,N\xfc\xf7\x98\x19\
F\x01:U\x15?\xe9\xe2.\xf3\xdb\xea\xa6\x86\x9f'\
\x86\xa2J\x87\xfc|\xc9\xc5J\xf37\xfe\xed\xa0\xe7\x90\
\x05M\xddq$py\xf4=\xfe_\xa4\x81\x02\xa0\xea\
\x9e\xe1,Kk\x18\xfb`\xea\x0d}\xd3\xc5\x8f;\xfc\
s\xec\x0dE\xc0\x0d\xa1\xb0\xd2\x1a\x05\x1d[<\xa5\xa1\
\x7f\xbf\xa6A6\x9b?\xdf\xff\x22\xf3g%lq\xf1\
\x0b\x1e\xf3\xac\xe8\xae\x8a\xd7\x93\x86\xa2\xe8\xb6\xd2\x8bI\
Ck\xa6\x90\x82\x09\xd1\xb0\xf0|\xab\xf7\x8c\xfd\xba}\
<4~1\xd0*\xdd\x1bC\xa88Y\xe0\xe2d\xf3\
\x8b\x06\xab\x9c&\x180?'\xa8\xada:\xd3\x7f\xa7\
qR\x5c\x09~J\x0a\x8a\xb2\xc78\xeb\x9f\x02\xa0\xe6\
\x06K\x87\xdd<\x94p\xee4,\xdam\xf1mo\xd4\
|\xdd\xdd!D7\x1a\xce\x0e\x85\x80\x0a\xaeW\x8e\x1a\
%8\xdch\xc1\x9e0\xb2\xa0\x7f\x8e\xd6:\xec\x0e\x0d\
\xbf\xfe\x1c\xe4\xd1-\x12E^9\xb4\xcb\xe9\xd4\xf0\x1e\
\x00\x05@mt\xb0\xc4\x85.\xaeK\xf4\xe7W\xc3\xaa\
\xb5\x0ck#\xff9\x07C\xae\xb7\xf2\xc8a\x92\xf6\x92\
\x82b\xe8\xb4?.\x81\x9a \x0e\x02\x9a\x1c\x9d,\x95\
\xf2\xb9\xf7g\xf1\x11\x02\xc8\x84\xa6\xf5>G\x1a(\x00\
\x9a\xa4\xf5\x00\x03\x89\xfe\xecZ\xc70\x97\x8f\x10\x8c\x00\
 qz\x07\xeb\xe8qN\xfb\xa3\x00h\x94\x86\xa8u\
\x03^\xaaG\x05_\xc4G\x88\xcc\xb1\x06 o\xc3\xa1\
\xf1g\xbf?\x05@G\xec\x0c\x0f`\x8a\x96X\xda[\
\x1a\x01\x94Mk\xb1X#D\x01\xd0Q\xdawzK\
\xa2?\xfb\x95||\x00\x12\xa45X\xdc\xf2G\x01\x10\
\x85\xf3\x12\xadD\xb5\x1b`\x01\x1f\x1f\x80\x84hk\xef\
\x99\xa4\x81\x02 \x16\x9ak\xd4\xf9\x00)\xceE\xddf\
\xfe\x5c\x00\x00\x88\xdd\xc8\xda+\xce\xf6\xa0\x00\x88\x8a\x0e\
\xa08\xc5\xd2[\x8d\xdak\xfe(\x5c\x00\x88\x9d\xd6\x5c\
\xed\x22\x0d\x14\x001\xd24@\x8aCS\x17\x98\xdf\x1a\
\x08\x00\xb1\xd2T\xeb\x06\xd2@\x01\x10\xb35\x96\xe6\xe2\
\x94;\x8c\xa9\x00\x00q\xd2b\xeb\x1bI\x03\x05@\x0a\
\xb4=%\xb5c)u\xe6\xfe\xcd|t\x00\x22\xa3w\
\xe9r\xe3\xb0\x1f\x0a\x80D\xe8A\xd5B\x95\xdd\x89\xfd\
\xdcK],\xe3\xe3\x03\x10\x89\x91\xb5U,\xfa\xa3\x00\
H\xca>Ks\xb5\xaav\x05,\xe2\xe3\x03\xd0az\
w\xbe\xdb8\xd2\x99\x02 Q\xbbB\xf5\x9a\xd2\x91\xa4\
\xba!\xf2+\xe6\xa7\x04\x80\x94M'\x05\xc9\x1a\x19E\
\xddI*(\x00R\xd6o\xfe\x9e\xea\x94\xe6\xaf\xb4\x18\
\xf0A\x8a\x00$\x8eE\xad\xe9Zi\x1c\xf3[\xbb.\
R\xd0\x88\x1f\xb9\xf8\x95\x8b\xf7$\xf43Os\xf1~\
\x17\x0f\xb8x\x8a\x8f\x10\x09\x9ac\xfe\xb4K\xa4E\x8b\
\xa8Y\xf1O\x01\x90\x95\xef\xba\xe8\xb1\xb4\xae\xe1U\x11\
\xf0\xaeP\x04\xb0\x08\x07\x14\x00\xa8\xdb5\xc6\x1d%\x14\
\x00\x99RC\xda\x1b^L\xa9\x98\x1e^\xa2\x9b\x8ck\
7A\x01\x80\xfa\xacuq\xae\x8b\xe7H\x05\x05@\xce\
E\xc0\xeb]\xbc*\xb1\x91\x00m\x11|\xcc\xc5\x8f\xf9\
\x08A\x01\x80\x8ai\xbe_k\xa5\x9e%\x15\x14\x009\
Su\xbb.\xc1\x22`\xaa\x8b\x8f\xb8\xf8\xb5\x8b\xedT\
\xe9\xa0\x00@Ev\xb8x\xaf\x8b\xa7I\x05\x05@)\
E\xc0W\xcd_\xc5;#\xb1\x9f}\xa1\x8b\x13\xcc\xef\
\x12\xd8\xcfG\x09\x0a\x00\xb4a\xc0\xc5;\x8d\xbd\xfe\x14\
\x00\x85\xd1\xb6\xc0\xfbB\x11plb?\xbb\x0a\x80%\
.\x1e5\x7fR\x17@\x01\x80\x89\xd2I\xa9\xefp\xf1\
\x13RA\x01P\x22\xf5\xa0\xd7%Z\x04\x1c\xe3b\x85\
\xf9E\x8d\x8f\xb8x\x86\x8f\x13\x14\x00h\xd1\x8e\xd0\xf8\
\xd3\x81\xa0\x00\xa0\x08H\xb4\x08\x18y\xc9~\xcc\xc5\xff\
5\x7fj\x17k\x03@\x01\x80\xf1\x1a\x7f\x0d\xfb\xff\x82\
TP\x00\xe0@\x11\xa0\xf9\xf5\x9e\x04\x7f\xfe\x97\x86\x17\
\xad\x0e\x0e\xfa\xa9\xf9\x83\x8f\x00\x0a\x00\x1cL\xc7\xa3\xff\
\xb1\xb1\xa5\x98\x02\x00\x87\x14\x01\xf7\x9b\xbf\x88'\xd53\
\xccU\xbc|8\xfc\x0e\xffh\xe9\xdd\x86\x08\x0a\x00\xd4\
g \xf4\xfc\x9f$\x15\x14\x008\xd4\x90\x8b\xbb,\xdd\
\xe9\x80\x11\xfa\xd9\x97\x86\xf8\xd7\xe6\x87\xfc\xd8\xdf\x0b\x0a\
\x80ri\xae_s\xfe\x9c#B\x01\x80qF\x02R\
^\x130\xda1\xe1\xf7\xf8\xb4\x8bY.~k~\xc5\
\xef0\x1f3(\x00\x8a\xb13\xf4\xfci\xfc)\x000\
\x81\x22`\xbe\x8b\xe32\xf8}t\xc5\xf0\x89\xe6\xa7\x07\
V\xb98>\x8c\x0ch\x1ep(\xd2\x9fY\xd3\x19Z\
\x93\xf1\xb4q@\x09\x05\x00&kd\xb5?\xc3\xfe\x11\
:\x8a\x14D\xdfp\xea\xc0\xa0E\x19\xff\x8e[\xc3K\
\xe2\xe1\xd0S\xd8\xdd\x81\x11\x02]{<+\xc4\x9b\x5c\
\xf4\xd9\x81u\x18Z\xb0\xd4\xcf\xa3\x98\xa4e.\xee \
\x0d\x1dm\xfc\xdfi,\xf8\x8b\xba\x81A\xbc\xd4\x10\xea\
|\xec\xafd\xdc\x93\x99\x1f\xe2\x9c\xf0\xd7\x83\xa1\x08\x18\
\x89\xff\x1d\xfe\xdc\x1bb\xa2\xa7\x0fN\x1b\x15\xd3Cc\
\xff\x9aQ\xffY\x8d>\xf7\xc6\x03\xd5\xea\x0f\xef.\x1a\
\x7f\x0a\x00\xb4A\x0d\xde).n3\x7f\xf0N\xee\xd4\
P\xcf\xb5\xb1\xafM\x1e\x0c1\x1c\x0a\x82\xe11\x1a|\
\xd10\xfeT\x1e!\xa0Q\x9b]\xbc\xcf8*\x9c\x02\
\x00\x95934|\x17\x14\x9e\x87\xd1\x0d\xfcL\x1e\x0b\
 *\xf7\xbaXN\xe3O\x01\x80\xea]\xe8\xe2\x97.\
\xae&\x15\x00\x22s\x8b\x8bO\x19\xbb|(\x00P\x9b\
k\xcc/\xae\xd1\xe2@\x86\xb7\x01\xc4`e(\x00\x90\
\x90\xa3IA\x926\x9a_];H*\x00t\x90\x86\
\xfaO\xa5\xf1\xa7\x00@\xb3\xb4}N[\xd4\x06H\x05\
\x80\x0e\x18\x0c\x8d\xff\xbd\xa4\x82\x02\x00\xcd\xd3T\xc0\x1f\
\xb8\xd8N*\x004H\x97\xfa\xfc\xa1\x8b\x0d\xa4\x82\x02\
\x00\x9d\xad\xc2\xdfb\x0c\xc1\x01h\x86\xa6 \xdfl\x5c\
\xf6\x95<\x16\x01\xe6A\xf3pZ\x84\xf3\xb8\x8b\xd5\xa4\
\x03@Mn4\xbf\x1b\x89m~\x14\x00\x88\xcc\x17B\
U~\xa7q\xba\x1d\x80j}*\x14\x00\xc8\x04S\x00\
\xf9Yo~J\x80\xe19\x94n:)\xa8\x84\x8e\xf3\
=\x85\xc6\x9f\x02\x00i\x18Y\x1cx7\xa9@\xc1\x18\
\x05k_\xbf\x8b\xd7\x86\x8e\x052\xc3\x14@\xbet\xcd\
\xee\x87\xcco\x13\xfc\x0c\xe9\x000A\xea@p\xac/\
\x05\x00\x12v\xb1\x8b-\xe6\xd7\x05\xf4\x90\x0ez\x91\xc0\
8F\x16\x15\xaf!\x15yc\x0a\xa0\x0c\xba\x9dK\xdb\
v8/`\xe2\x98GFI\x06\xcc\x9f2J\xe3O\
\x01\x80\xcc\xbe\xd8Z\x1c\xc8B\x1e\x00\x87\xb3\xd6\xfc\xda\
\xa1\xad\xa4\xa2\x0cL\x01\x94EC{\xda\xca\xf3\x1d\x17\
7\xd8\x81ku\x01\x94\xfd^\xb8\x90\xce\x01\x05\x00\xca\
\xa9\xf4U\xe5k]\xc0|\xd2\x01\x14k\xa7\xf9\xf3\xfc\
w\x91\x8a\xf20\x05P\xae\x01\xf3\x97\x09]a\xdc\xdf\
\x0d\x94H=\xfe?\xa4\xf1g\x04\x00eR\xc3\x7f\xb9\
\xf9=\xbe\x1a\x0d\x98MJ\x80\xec\xedqq\x86\xf9=\
\xfe`\x04\x00\x85\xd3\xc1A\xda%p\x0b\xa3\x01@\xd6\
\xd6\x98?\xd8\x87\xc6\x1f\x8c\x00\xe0\x05:8H{\x7f\
7\xb9\xb8\xd983\x00\xc8\x89n\x0d=\xd3\xc5\xbd\xa4\
\x02\x14\x00\x18\x8b\xa6\x03\xb4@\xf0J\x17g\x93\x0e \
y:\xd1O\xab\xfc\xf7\x90\x0aP\x00`<\xfb\xc2h\
\xc0].\xeep1\x93\x94\x00\xc9\xd9k~\xae\x7f3\
\xa9\x00\x05\x00&J#\x01\xaf\x0d\xa3\x01\xabx^\x80\
$h\x1d\x8f\xd6\xf3\xe8\x18\xf0!\xd2\x01\x0a\x00L\xd6\
\xc8!!\x1a\x0d\xb8\xcd\xc5\x5c\xbe#@\xb4\xb4\xa0W\
\xa3w\xdbH\x05\xc6\xd3E\x0a\xd0\xa2\xbd\xa1\x00\xf8\x9d\
\x8b\xd7\xbb\x98Z\xc8\xef\xfd=c\xc5t\xaa\xfaB\x94\
@=}\x8d\xd4}\xd4\xc5O\xf8\xe8A\xef\x06u\xf8\
\x9c\xf9\x95\xc4z\xd9,\xe6\x19\x02:n\x83\xf9#\xbe\
\x07H\x05(\x00P7\x9d\x1cvj(\x00V\x1b\x8b\
\x04\x81N\xd8m~\xb8\x9fE~\xa0\x00@\xe3\xd6\x87\
\xde\xc7e\xe6\x17\x09v\x93\x12\xa0v\xda\xa5s\x95\xf9\
\xa3|9\xb8\x0b\x14\x00\xe8\x18\xbd\x80.uq\x93\x8b\
K\xcc\x9f\x1d\xc0s\x85\x18\xfc^\x86\xdf\xb5\xb5\xe1\xfb\
\xc6\x9e~P\x00 \x1aZ$\xa8y\xc8/\x9b\x9f\x16\
\xe8#%\xe8\xb0\x9c\x16\xaantq\x9eqq\x0f(\
\x00\x10\xb1\xed\xe6o\x19\x5ch~\xa1\xe0\x5cR\x02L\
\xda\xae\xd0\xe3_o\x0c\xf7\x83\x02\x00\x09\xf5X\x14\x8b\
\xcc\xaf\x11\xa0\x10\x00Z\xa7\x05~\x9a\xe7_K\xc3\x0f\
\x0a\x00\xa4jC\x88\xd3\xc2\x88\x00;\x06\x00\x1a~P\
\x00\xa0 \xba\x90D\xe7\x07,5\xbfX\x90B\x008\
@kh\xaep\xf1%\x1a~P\x00 Gz\xb1\xad\
\x09\xbd\x1b\xed\x16\xb8\xc8\xc5\x0c\xd2\x82\xc2\x1b\xfek\xcd\
\x9f\xdd\xcf\xb9\xfd\xa0\x00@\x11\x85\xc0\x8d\xa1\xb7\xb3\x22\
\xf2B\x80\xdeX\xba\xf6\xd3\xf0\x03\x14\x00\x88\xf7\x05=\
R\x08h\x8d\xc0'-\xbe\xc5\x82\xec\xb7N\xd7\x13\x11\
\xfeL\xba\xac\xe7V\xf3\xa3`4\xfc\xa0\x00\x00\x85\x80\
\xf9\xa9\x01El\xbb\x06\xb6\xf3\xf1$+\xa6\x1b\xf1\xb4\
\xb8O\xdb\xf9\xb4\x0e\x86Q%P\x00\x00\x871\xb2k\
`\x8e\xf9\xc5\x82*\x08:u\xa0\x8b\x86i9x%\
]\xdbCq\xd9\xc9\x03\x81\xfa\xcd\xaf\xea\xef\xa7\xe1G\
l\xb8\x0e\x18\xb1R\xe3\xbb\xce\xc5\xed\xe1\xaf\x8f\xb7\xe6\
\xef\x1aX\xe3\xe2\x01>\x8ad=k~\xb7\xc9\x9c\x86\
\xff\xbd\x1a\xda\xff\x1b\xf3\x17f]\xe7\xe2\xc7.\x9e\xe3\
\xe3@l\x8e\x22\x05H\x84zqM\xae\x13\x18t\xf1\
\xfb\xa1\x10A\xba\xe6\xb9\xf8vC\xff.\x0d\xf3\xdf\x14\
\x0a\xc7AR\x0fF\x00\x80jh\xf8T\x0b\xa8ns\
\xf1p\x18\x0d\xd0\xa8@]\xd3X:w\xbd\x9f\xb4'\
O\x8b8\xa7\xbbxc\x8d\xcf\xe5\xffpq\xbe\x8b\x0b\
]l\xb5\xb8w\x1f\x00\x8c\x00 \x0b=\xa3F\x05\xaa\
<XH\x87\x16\x9da\xcc\xd9\xe6B\xa3G\x9aNZ\
Tqa\xa1\xde\xfeZc\xa7\x08(\x00\x80\x8e\xd2P\
\xefGCA0\xad\x8d\x7f\x8e\xb6%^ll\xd1\xca\
\xb1\x08\xf8\x8a\x8b\xc5m\xfc3\x06Cq\xa8\x1b/\xb7\
\x91RP\x00\x00\xf1\xbd\xe8u\x13\xe1\x07C\x8f\xaf\xd5\
\x85\x83\xea\xc5\xe9:\xe3\xf5\xa40k:\x81\xf2\xea\x09\
\x14\x89\x1a\xce\xd7\xa5Vw\x99\xdf\x9d\xc2\xf0>(\x00\
\x80\x04L\x0bE\xc0\xc9\xe6\xa7\x08f\x8e*\x08\xb4\xb8\
o\x9f\xf9\xadb\x0f\x18\xd7\xad\x96\xf6\x5c,\x0c\xcf\x85\
v\x08L\x0f1\xd2\xcb\x1f\x08\xf1@h\xf4Y\x08\x0a\
\x00\x00\x00\x00\x00\x00\x00\x00\x00\x00\x00\x00\x00\x00\x00\x00\
\x00\x00\x00\x00\x00\x00\x00\x00\x00\x00\x00\x00\x00\x00\x00\x00\
\x00\x00\x00\x00\x00\x00\x00\x00\x00\x00\x00\x00\x00\x00\x00\x00\
\x00\x00\x00\x00\x00\x00\x00\x00\x00\x00\x00\x00\x00\x00\x00\x00\
\x00\x00\x00\x00\x00\x00\x00\x00\x00\x00\x00\x00\x00\x00\x00\x00\
\x00\x00\x00\x00\x00\x00\x00\x00\x00\x00\x00\x00\x00\x00\x00\x8a\
\xf5\xff\x01{\xef[nnL\xe0\xf3\x00\x00\x00\x00I\
END\xaeB`\x82\
\x00\x00\x0dS\
\x89\
PNG\x0d\x0a\x1a\x0a\x00\x00\x00\x0dIHDR\x00\
\x00\x02\x00\x00\x00\x02\x00\x08\x06\x00\x00\x00\xf4x\xd4\xfa\
\x00\x00\x00\x01sRGB\x00\xae\xce\x1c\xe9\x00\x00\x00\
\x04gAMA\x00\x00\xb1\x8f\x0b\xfca\x05\x00\x00\x00\
\x09pHYs\x00\x00\x0e\xc3\x00\x00\x0e\xc3\x01\xc7o\
\xa8d\x00\x00\x0c\xe8IDATx^\xed\xddMn\
\x1c\xc7\x01\x80Q\xd3R\x12\x05\x91v\xdaEK\x01\xb9\
Q\xce\x92\x9c 9$\x97\x5cj\x17\x1b\xb1\x01GL\
\x13l!\xb6BPCr~\xaa\xea{o3=;\
\xaa\xbb\xba\xea\xeb\x9a!u\xf5\x1dp\x14\x9f>|\xbc\
\xdd\x0f9\xa1\xf77\xd7\xe6-8\x027\x12<\x93\x05\
\x7f\x0c\x82\x00\x9e\xc7\x8d\x03O`\xd1\x1f\x9b\x18\x80\xc3\
\xb9Y\xe0\x1b,\xfas\x12\x03\xf087\x08<\xc0\xa2\
\xbf\x161\x00\xff\xcfM\x01_\xb1\xf8\xafI\x04\xc0o\
\xb9!`g\xe1o\x10\x02p\xcf\x8d@\x9e\x85\xbfI\
\x08P\xe7\x06 \xcb\xc2\xcf\x1d!@\xd5\xf7\xfb+\x94\
\xbc\xb6\xf8\xf3\xc5>\x16^\xdf\xbf\x83\x0e\xe5K\x8a\x85\
\x9f\xc7\xd8\x0d\xa0\xc4`'\xc1\xc2\xcfS\x08\x01\x0a\x0c\
r\x96g\xf1\xe79D\x00\xab3\xc0Y\x9a\xc5\x9f\x97\
\x10\x01\xac\xcc\xe0fY\x16\x7f\x8eA\x04\xb0*\xbf\x05\
\xc0\x8a^Y\xfc9\x96},\xbd\xba\x7f\x07\xeb\x10\x00\
\xac\xe6\xdd6a\xff\xb2\x1f\xc3Q\xecc\xea\xdd\xfd;\
X\x83\xad-\x96\xe1\xa9\x9fs\xf0\x91\x00\xab0\x90Y\
\x82\xc5\x9fs\x12\x01\xac\xc0 fz\x16\x7f.A\x04\
0;\x03\x98\xa9Y\xfc\xb9$\x11\xc0\xcc\x0c^\xa6e\
\xf1g\x04\x22\x80Y\x19\xb8L\xc9\xe2\xcfHD\x003\
\xf2k\x80\xcc\xe8\xf7\xfb+\x8c\xc2\x98d:\xaa\x95\xe9\
x\xfagDv\x01\x98\x8d\x01\xcbT,\xfe\x8cL\x04\
0\x13\x83\x95iX\xfc\x99\x81\x08`\x16\x06*S\xb0\
\xf83\x13\x11\xc0\x0c|\x09\x90\x19\xf8\x82\x15\xb31f\
\x19\x9eJex\x9e\xfe\x99\x91]\x00Fg\x8024\
\x8b?3\x13\x01\x8c\xcc\xe0dX\x16\x7fV \x02\x18\
\x95\xef\x00\x00@\x902eH\x9e\xfeY\x89]\x00F\
d\x07\x00\x00\x82T)\xc3\xf1\xf4\xcf\x8a\xec\x020\x1a\
;\x00\x00\x10\xa4H\x19\x8a\xa7\x7fVf\x17\x80\x91\xd8\
\x01\x00\x80 5\xca0<\xfdS`\x17\x80Q\xd8\x01\
\x00\x80 %\xca\x10JO\xff\x9e\x00\x1ff\x0c\xc0y\
\x19\x84\x0ca\xf5\xc9\xdf\x84\xff4\xc6\x03\x9c\x9eA\xc8\
\xc5\xad:\xd9\x9b\xe4\x8f\xc3\xf8\x80\xd30\x00\xb9\xb8\xd5\
&x\x13\xfbi\x18'p\x5c\x06 \x17\xb7\xca\xc4n\
B?\x0f\xe3\x05\x8e\xc3\x00\xe4\xa2L\xe6<\x87q\x03\
/\xe7\xd7\x00\xe1\x85L\xe2\xe7\xe7\x9c\xc3\xcb\x09\x00x\
\x01\x0b\xd1\xe58\xf7\xf02n .f\xe6m\xdcm\
\xf1y\xb7\xbd\xfcp\xff\x8e\x0b{\xbb\x8d\xa5\x7f\xed\xc7\
\xd3\x112\x5c\x8a\x1d\x00x\x1e\x8b\xff8\x5c\x0bx\x06\
\x01\x00O\xe4\x89m<\xae\x09<\x9d\x9b\x86\x8b\x98u\
\xfb\xdfB36\xe3\x0a\x0eg\x07\x00\x0ed\x92\x1e\x9f\
k\x04\x87\x13\x00\x00\x10$\x00\xe0\x00\x9e,\xe7\xe1Z\
\xc1a\x04\x00g\xb7\xca_q\x83cqOp\x09\x02\
\x00\xbe\xc1\x13\xe5|\x5c3\xf86\x01\x00\x00A\x02\x00\
\x1e\xe1Ir^\xae\x1d<N\x00\x00@\x90\x00\x00\x80\
 \x01\x00\x00A>#\xe3\xacf\xfau'\x9f!\xaf\
\xc1\x98\x83\x87\xd9\x01\x00\x80 \x01\x00\x00A\x02\x00\x00\
\x82\x04\x00\x00\x04\x09\x00x\x80/c\xad\xc3\xb5\x84\x87\
\x09\x00\x00\x08\x12\x00\x00\x10$\x00\x00 H\x00\x00@\
\x90\x00\x00\x80 \x01\x00\x00A\x02\x00\x00\x82\x04\x00\x00\
\x04\x09\x00\x00\x08\xf2\x17\xb2\x9e`\xa6\xffV\x14\xa0\xc8\
_~<\x9c\x13\xf5\x0d\x16}\x809\x89\x81\xc799\
\x0f\xbb\xda\x16\xfe\xcf\xfb1\x00\x13\xdbB\xe0\xee\xe3n\
\x0fs_\x11\x00_\xf1\xc4\x0f\xb0&;\x02\xbf\xe5K\
\x80\xff\xf3\xc6\xe2\x0f\xb0\xae}\x8e\x7fs\xff\x0e5\xb4\
\xb1\xf0\x03\xb4\xd8\x0d\x10\x00\x16\x7f\x80\xa8z\x04\xa4\xff\
\xf1\x16\x7f\x80\xb6r\x04\x94\xbf\x03\xf0z\x7f\x05\xa0+\
\xbb\x16d\xcb\xc7\xd3?\x00w\xaa\xbb\x00\xc9\x7f\xb4\xc5\
\x1f\x80_+F\x80_\x03\x04\x80\xa0\x5c\xf1x\xfa\x07\
\xe0!\xb5]\x00;\x00\x00\x10\x94\xaa\x1dO\xff\x00<\
\xa6\xb4\x0b`\x07\x00\x00\x82\x04\x00\x00\x04\x09\x00\x00\x08\
\x12\x00\x00\x10$\x00\x00 (\xf3mG\xbf\x01\x00\xc0\
!*\xbf\x09`\x07\x00\x00\x82\x04\x00\x00\x04\x09\x00\x00\
\x08\x12\x00\x00\x10$\x00\x00 H\x00\x00@\x90\x00\x00\
\x80 \x01\x00\x00A\x02\x00\x00\x82\x04\x00\x00\x04\x09\x00\
\x00\x08\x12\x00\x00\x10$\x00\x00 H\x00\x00@\x90\x00\
\x00\x80 \x01\x00\x00A\x02\x00\x00\x82\x04\x00\x00\x04\x09\
\x00\x00\x08\xba\xda_G\xf5\x8fO\x1f>\xfem?\x06\
\x80i\xbc\xbf\xb9\xfe\xe7\xf6\xf2\xf7\xfbw\xe3\x19:\x00\
\xb6\xc5\xffv?\x04\x80\xe9l\x110\xec:\xeb#\x00\
\x00\x08\x12\x00\x00\x10$\x00\x00 H\x00\x00@\x90\x00\
\x00\x80 \x01\x00\x00A\x02\x00\x00\x82\x04\x00\x00\x04\x09\
\x00\x00\x08\x12\x00\x00\x10$\x00\x00 H\x00\x00@\x90\
\x00\x00\x80 \x01\x00\x00A\x02\x00\x00\x82\x04\x00\x00\x04\
\x09\x00\x00\x08\x12\x00\x00\x10$\x00\x00 H\x00\x00@\
\x90\x00\x00\x80 \x01\x00\x00A\x02\x00\x00\x82\x04\x00\x00\
\x04\x09\x00\x00\x08\x12\x00\x00\x10$\x00\x00 H\x00\x00\
@\x90\x00\x00\x80 \x01\x00\x00A\x02\x00\x00\x82\x04\x00\
\x00\x04\x09\x00\x00\x08\x12\x00\x00\x10$\x00\x00 H\x00\
\x00@\x90\x00\x00\x80\xa0\xa1\x03\xe0\xfd\xcd\xf5_\xf7C\
\x00\x98\xca\xe8k\xd8\xd5\xfe\xca\x13}\xfa\xf0\xf1v?\
\x1c\xd66\xf8\x5c\xdf\x01\xcc0VFd\xfc\x8e\xc1\x5c\
\xb7.'\xed\x99\xdc\x14@\x81\xb9n]\xbe\x03\x00\x00\
A\x02\x00\x00\x82\x04\x00\x00\x04\x09\x00\x00\x08\x12\x00\x00\
\x10$\x00\x00 H\x00\x00@\x90\x00\x00\x80 \x01\x00\
\x00A\x02\x00\x00\x82\x04\x00\x00\x04\x09\x00\x00\x08\x12\x00\
\x00\x10$\x00\x00 H\x00\x00@\x90\x00\x00\x80 \x01\
\x00\x00A\x02\x00\x00\x82\x04\x00\x00\x04\x09\x00\x00\x08\x12\
\x00\x00\x10$\x00\x00 H\x00\x00@\x90\x00\x00\x80 \
\x01\x00\x00A\x02\x00\x00\x82\x04\x00\x00\x04\x09\x00\x00\x08\
\x12\x00\x00\x10$\x00\x00 H\x00\x00@\x90\x00\x00\x80\
 \x01\x00\x00A\x02\x00\x00\x82\x04\x00\x00\x04\x09\x00\x00\
\x08\xba\xda_y\xa2O\x1f>\xde\xee\x87\xc3z\x7fs\
=\xea\xf5\xfd\xc3v\xfe~\xda\x8f\x873\xf0y\xbb\xf3\
\xa7\xed\xdc\xfd\xb0\x1f\x0fe;oo\xb7\x97\x1f\xef\xdf\
\x8dg\xe4{v;wo\xb6\x97\x9f\xef\xdf\x8d\xc5\x5c\
\xb7.;\x00\x9c\xdd\xc8\x8b\xff\x9d\x91'\xbcQ\x17\xff\
;\x83\xfflC/b\xa3\xdf\x13\xacI\x00\x00@\x90\
\x00\x00\x80 \x01\x00\x00A\x02\x00\x00\x82\x04\x00\x00\x04\
\x09\x00\x00\x08\x12\x00\x00\x10$\x00\x00 H\x00\x00@\
\x90\x00\x00\x80 \x01\x00\x00A\x02\x00\x00\x82\x04\x00\x00\
\x04\x09\x00\x00\x08\x12\x00\x00\x10$\x00\x00 H\x00\x00\
@\x90\x00\x00\x80 \x01\x00\x00A\x02\x00\x00\x82\x04\x00\
\x00\x04\x09\x00\x00\x08\x12\x00\x00\x10$\x00\x00 H\x00\
\x00@\x90\x00\x00\x80 \x01\x00\x00A\x02\x00\x00\x82\x04\
\x00\x00\x04\x09\x00\x00\x08\x12\x00\x00\x10$\x00\x00 H\
\x00\x00@\x90\x00\x00\x80 \x01\x00\x00A\x02\x00\x00\x82\
\x04\x00\x00\x04\x09\x00\x00\x08\x12\x00\x00\x10$\x00\x00 \
H\x00\x00@\x90\x00\x00\x80 \x01\x00\x00A\x02\x00\x00\
\x82\x04\x00\x00\x04\x09\x00\x00\x08\x12\x00\x00\x10$\x00\x00\
 H\x00\x00@\x90\x00\x00\x80 \x01\x00\x00A\x02\x00\
\x00\x82\x04\x00\x00\x04\x09\x00\x00\x08\x12\x00\x00\x10$\x00\
\x00 H\x00\x00@\x90\x00\x00\x80 \x01\x00\x00A\x02\
\x00\x00\x82\x04\x00\x00\x04\x09\x00\x00\x08\x12\x00\x00\x10$\
\x00\x00 H\x00\x00@\x90\x00\x00\x80 \x01\x00\x00A\
\x02\x00\x00\x82\x04\x00\x00\x04\x09\x00\x00\x08\x12\x00\x00\x10\
$\x00\x00 H\x00\x00@\x90\x00\x00\x80 \x01\x00\x00\
A\x02\x00\x00\x82\x04\x00\x00\x04\x09\x00\x00\x08\x12\x00\x00\
\x10$\x00\x00 H\x00\x00@\x90\x00\x00\x80 \x01\x00\
\x00A\x02\x00\x00\x82\x04\x00\x00\x04\x09\x00\x00\x08\x12\x00\
\x00\x10$\x00\x00 H\x00\x00@\x90\x00\x00\x80 \x01\
\x00\x00A\x02\x00\x00\x82\x04\x00\x00\x04\x09\x00\x00\x08\x12\
\x00\x00\x10$\x00\x00 H\x00\x00@\x90\x00\x00\x80 \
\x01\x00\x00A\x02\x00\x00\x82\x04\x00\x00\x04\x09\x00\x00\x08\
\x12\x00\x00\x10$\x00\x00 H\x00\x00@\x90\x00\x00\x80\
 \x01\x00\x00A\x02\x00\x00\x82\x04\x00\x00\x04\x09\x00\x00\
\x08\x12\x00\x00\x10$\x00\x00 H\x00\x00@\x90\x00\x00\
\x80 \x01\x00\x00A\x02\x00\x00\x82\x04\x00\x00\x04\x09\x00\
\x00\x08\x12\x00\x00\x10$\x00\x00 H\x00\x00@\x90\x00\
\x00\x80 \x01\x00\x00A\x02\x00\x00\x82\x04\x00\x00\x04\x09\
\x00\x00\x08\x12\x00\x00\x10$\x00\x00 H\x00\x00@\x90\
\x00\x00\x80 \x01\x00\x00A\x02\x00\x00\x82\x04\x00\x00\x04\
\x09\x00\x00\x08\x12\x00\x00\x10$\x00\x00 H\x00\x00@\
\x90\x00\x00\x80 \x01\x00\x00A\x02\x00\x00\x82\x04\x00\x00\
\x04\x09\x00\x00\x08\x12\x00\x00\x10$\x00\x00 H\x00\x00\
@\x90\x00\x00\x80 \x01\x00\x00A\x02\x00\x00\x82\x04\x00\
\x00\x04\x09\x00\x00\x08\x12\x00\x00\x10$\x00\x00 H\x00\
\x00@\x90\x00\x00\x80 \x01\x00\x00A\x02\x00\x00\x82\x04\
\x00\x00\x04\x09\x00\x00\x08\x12\x00\x00\x10$\x00\x00 H\
\x00\x00@\x90\x00\x00\x80 \x01\x00\x00A\x02\x00\x00\x82\
\x04\x00\x00\x04\x09\x00\x00\x08\x12\x00\x00\x10$\x00\x00 \
H\x00\x00@\x90\x00\x00\x80 \x01\x00\x00A\x02\x00\x00\
\x82\x04\x00\x00\x04\x09\x00\x00\x08\x12\x00\x00\x10$\x00\x00\
 H\x00\x00@\x90\x00\x00\x80 \x01\x00\x00A\x02\x00\
\x00\x82\x04\x00\x00\x04\x09\x00\x00\x08\x12\x00\x00\x10$\x00\
\x00 H\x00\x00@\x90\x00\x00\x80 \x01\x00\x00A\x02\
\x00\x00\x82\x04\x00\x00\x04\x09\x00\x00\x08\x12\x00\x00\x10$\
\x00\x00 H\x00\x00@\x90\x00\x00\x80 \x01\x00\x00A\
\x02\x00\x00\x82\x04\x00\x00\x04\x09\x00\x00\x08\x12\x00\x00\x10\
$\x00\x00 H\x00\x00@\x90\x00\x00\x80 \x01\x00\x00\
A\x02\x00\x00\x82\x04\x00\x00\x04\x09\x00\x00\x08\x12\x00\x00\
\x10$\x00\x00 H\x00\x00@\x90\x00\x00\x80 \x01\x00\
\x00A\x02\x00\x00\x82\x04\x00\x00\x04\x09\x00\x00\x08\x12\x00\
\x00\x10$\x00\x00 H\x00\x00@\x90\x00\x00\x80 \x01\
\x00\x00A\x02\x00\x00\x82\x04\x00\x00\x04\x09\x00\x00\x08\x12\
\x00\x00\x10$\x00\x00 H\x00\x00@\x90\x00\x00\x80 \
\x01\x00\x00A\x02\x00\x00\x82\x04\x00\x00\x04\x09\x00\x00\x08\
\x12\x00\x00\x10$\x00\x00 H\x00\x00@\x90\x00\x00\x80\
 \x01\x00\x00A\x02\x80\xb3{\x7fs\xfd\xe7\xfdpH\
\xdb\xcfw\xb5\x1f\x0eg\xfb\xd9\xfe\xb2\x1f\x0eg\xf0\x9f\
m\xd8kzg\xf4{\x825\x0d}S\x8c\xec\xd3\x87\
\x8f\xb7\xfb\xe1\xb0F\x9f\xf4\x80\xf1\x99\xeb\xd6e\x07\x00\
\x00\x82\x04\x00\x00\x04\x09\x00\x00\x08\x12\x00\x00\x10$\x00\
\x00 H\x00\x00@\x90\x00\x00\x80 \x01\x00\x00A\x02\
\x00\x00\x82\x04\x00\x00\x04\x09\x00\x00\x08\x12\x00\x00\x10$\
\x00\x00 H\x00\x00@\x90\x00\x00\x80 \x01\x00\x00A\
\x02\x00\x00\x82\x04\x00\x00\x04\x09\x00\x00\x08\x12\x00\x00\x10\
$\x00\x00 H\x00\x00@\x90\x00X\xd8\xa7\x0f\x1fo\
\xf7C\x80'3\x87\xacM\x00<\xd3\xfb\x9b\xeb\xab\xfd\
\x10\x80\x0b1\x17?\x9f\x00\x00\x80 \x01\x00\x00A\x02\
`q>\xc3\x03\x9e\xc3\xdc\xb1>\x01\xd0\xf0j\x7f\x05\
8\x849#@\x00\x04l%\xff\xcb~\x08\xf0M\xe6\
\x8c\x06\x01\x10a;\x0f8\x84\xb9\xa2C\x00\x84\xb8\xb1\
\x81\xc7\x98#Z\x04\xc0\x0bL\xfa\xfb\xa7\xbf\xdb_\x01\
~m\xba\xb9\xc1\xdf\x00x\x19'\xef\x85f-f7\
\x0e\xf0\x85y\xac\xc9\x0e@\x94\xad>\xe0\x8e\xb9\xa0K\
=\x1d\xc1\xec7\x90\x8a\x86\x1e\xf3\x16N\xe0\x11\xacR\
\xd0n(X\x9f\xf9\x8a/\x9c\xc0#Xq\x0b\xcd\xcd\
\x05\xeb0G\xf1\x10'\xf0HV\xbc\xc1\x00Fd\xf1\
?\x0e_\x02\x04\x80 \x01\x00\x00A\xb6Q\x8e\xc8\xc7\
\x00\x00\xa7e\xfb\xffx\xec\x00\x00@\x90\x008\xa2\xad\
L\xfd\x17\x9a\x00'b\x8e=.\x01p\x5c\x9f\xf7W\
\x00\x8e\xcf\x1c{D>K9\x01\xdf\x05\x008.\x9f\
\xfd\x1f\x9f\x1d\x00\x00\x08RT'b\x17\x00\xe08<\
\xfd\x9f\x86\x1d\x00\x00\x08RU'd\x17\x00\xe0e<\
\xfd\x9f\x8e\x1d\x00\x00\x08RV'f\x17\x00\xe0y<\
\xfd\x9f\x96\x1d\x80\x13\xdb\x06\xf0\x9b\xfd\x10\x80\x03\x99;\
OO\x00\x9c\xde\xcf\xfb+\x00\x873w\x9e\x98\xed\x95\
3\xf1Q\x00\xc0al\xfd\x9f\x87\x93|F\x22\x00\xe0\
q\x16\xff\xf3q\xa2\xcfL\x04\x00<\xcc\xe2\x7f^\xbe\
\x03pf\xdb\x00w\xce\x01\xbebn<?'\xfc\xfc\
n\xb7\x81\xfev?\x06\xc8\xdb\xe7D\xbb\xa3g&\x00\
.\xe3\xc7\xfd\x15\x00s\xe2E\xf8\xbc\xe5\x82|\x1f\x00\
\xa8\xf3\xb9\xff\xe58\xf1\x17&\x02\x80*\x8b\xffe9\
\xf9\x03\x10\x01@\x8d\xc5\xff\xf2\x5c\x80q\xbc\xd9B\xe0\
\xdf\xfb1\xc0\x92\xb6\x85\xff\x8f\xdb\xcbO\xf7\xef\xb8$\
\x010\x18\xbb\x01\xc0\xaa<\xf5\x8f\xc5\xc5\x18\x90\x08\x00\
Vc\xf1\x1f\x8f\x0b2(\x11\x00\xac\xc2\xe2?&\x17\
e`\x22\x00\x98\x9d\xc5\x7f\x5c.\xcc\xf8\xbe\xdfB\xe0\
?\xfb1\xc0\x14\xb6\x85\xff\xd5\xf6\xf2\xf9\xfe\x1d#\x12\
\x00\x93\xb0\x1b\x00\xcc\xc2S\xff\x1c\x5c\xa4\xc9\x08\x01`\
T\x16\xfe\xb9\xb8X\x93\x12\x02\xc0(,\xfcsr\xd1\
&'\x04\x80K\xb1\xf0\xcf\xcd\xc5[\x84\x10\x00\xce\xc5\
\xc2\xbf\x06\x17q1B\x008\x15\x0b\xffZ\x5c\xcc\x85\
\x89\x01\xe0\xa5,\xfa\xebraC\x04\x01\xf0-\x16\xfc\
\x0e\x17:J\x0c\x00_X\xf4\x8b\xbe\xfb\xee\xbf\x96\xe4\
L\xb8\xe6\xaa\xea\xe6\x00\x00\x00\x00IEND\xaeB\
`\x82\
\x00\x00\x18\xa8\
\x89\
PNG\x0d\x0a\x1a\x0a\x00\x00\x00\x0dIHDR\x00\
\x00\x02\x00\x00\x00\x02\x00\x08\x06\x00\x00\x00\xf4x\xd4\xfa\
\x00\x00\x00\x01sRGB\x00\xae\xce\x1c\xe9\x00\x00\x00\
\x04gAMA\x00\x00\xb1\x8f\x0b\xfca\x05\x00\x00\x00\
\x09pHYs\x00\x00\x0e\xc3\x00\x00\x0e\xc3\x01\xc7o\
\xa8d\x00\x00\x18=IDATx^\xed\xdd\xcf\x8a\
\x1bY\x96\x07\xe0\x9e\xc6\x06\x1blpC\xd5\xae\x97\xfd\
\x02\xfd\xfe\xaf2\xcb\xd9\x8d\xa1\x1a\x5cP\x06\x1bf\xae\
\xacpe\x96\x9d\x99RH7\x22\xce\x9f\xef\x83\x22\xa4\
U\xb7#\xce=\xe7\x177\x94\xd2\xdf\x00\x00\x00\x00\x00\
\x00\x00\x00\x00\x00\x00\x00\x00\x00\x00\x00\x00\x00\x00\x00\x00\
\x00\x00\x00\x00\x00\x00\x00\x00\x00\x00\x00\x00\x00\x00\x00\x00\
\x00\x00\x00\x00\x00\x00\x00\x00\x00\x00\x00\x00\x00\x00\x00\x00\
\x00\x00\x00\x00\x00\x00\x00\x00`\xbd\xffZ\x8e@1\x1f\
\xff\xf9\xaf\xff[^\xde\xe5\x97\xff\xf9o}\x02\x0a\xb2\
\xb0!\xb8Y\x83|o\x82\x03\xc4f\x81\xc2\xc1\xb2\x0e\
\xf8{\x09\x08p,\x0b\x10v\xd0u\xc8\xdfJ8\x80\
\xedYd0\x99a\xbf\x0d\xa1\x00\xe6\xb2\xa0\xe0\x0e\x86\
\xfd\xb1\x84\x02\xb8\x9d\xc5\x03W2\xecs\x10\x0a\xe0:\
\x16\x0a\xbc\xc0\xd0\xcfM\x18\x80\xe7Y\x1c\xf0\x88\x81_\
\x9b@\x00\x0f,\x06\xda3\xf4\xfb\x12\x08\xe8L\xf1\xd3\
\x8e\x81\xcfS\x84\x01\xbaQ\xf0\xb4`\xe8\xb3\x860@\
\x07\x8a\x9c\xb2\x0c}f\x10\x06\xa8JaS\x8a\xa1\xcf\
\x96\x84\x01*Q\xcc\x94`\xf0\xb3'A\x80\x0a\x141\
i\x19\xfaD \x0c\x90\x95\xc2%\x15C\x9f\xc8\x84\x01\
2Q\xac\xa4`\xf0\x93\x89 @\x06\x8a\x94\xd0\x0c~\
2\x13\x04\x88Lq\x12\x8e\xa1OE\xc2\x00\xd1(H\
\xc20\xf8\xe9@\x10 \x0a\x85\xc8\xe1\x0c~:\x12\x04\
8\x9a\x02\xe40\x06?\x08\x02\x1cG\xe1\xb1;\x83\x1f\
~&\x08\xb07\x05\xc7n\x0c~\xb8L\x10`/\x0a\
\x8d\xcd\x19\xfc\xb0\x9e \xc0\xd6\x14\x18\x9b1\xf8\xe1~\
\x82\x00[QXLg\xf0\xc3|\x82\x00\xb3)(\xa6\
1\xf8a{\x82\x00\xb3\xfc}9\xc2=^\x19\xfe\xb0\
\x8fe\xad\xbd9\xbf\x83\xdbI\x92\xdc\xc5\xe0\x87\xe3\xd8\
\x0d\xe0\x1e\x8a\x87\x9b\x18\xfc\x10\x87 \xc0-\x14\x0d\xab\
\x18\xfc\x10\x97 \xc0\x1a>\x03\xc0\xd5\x0c\x7f\x88mY\
\xa3\xaf\xce\xef\xe0e\xd2\x22\x17\x19\xfc\xf1D\xbb\xd3S\
#\xf1\xd8\x0d\xe0\x12\x05\xc2KN\x9f\xee\xff\xb2\xbcf\
G\xd5\x9a\xb7\x80p\x1cA\x80\xe7(\x0c\x9e\xa4ao\
Oc>Sk\xdbSk<EQ\xf0\xa37\xa3!\
\xff\xb1\xbcf\x12\x0dx=\xc1`>u\xc8c\x8a\x81\
?i\xb8sh\xb2\xdbP\x9fs\xa8O\xbeS\x08\x9c\
\xb8\xeb\xbf\x83\x86z\x0c\x81\xe0>\xea\x16\x05\xd0\x9c&\
\xba\x9e\xc6\x19\x93Z^O-\xf7\xe6\xe2\xf7\xe5\x13\xfe\
W\xd2$s\x12\x08\xae3\xea\xfb\xed8|>\xbf\xa3\
\x13\x8d\xad!\x8d\xf12C\xbf\x165\x7f\x99\x9a\xef\xc7\
\x05oF#|\x9e\x06\xd8\x835\xf0\xbc\xb1\x06^\x8f\
\xc3\xd7\xf3;\xaa\xd3\xf0\xfa\xb0\xe5\xff\x04C\xbf7a\
\xe0gcMx$\xd0\x84\xe6\xd7\x80&\xf73\x83\x9f\
\x1fY'\x7fe\x8d\xd4\xe7\x02\x17\xa7\xa9=\xd0\xd0\xb8\
\x865\xf3\xc0\x9a\xa9\xcd\xc5\xad\xeb\xddhd\x9f\x96\xd7\
mi`\xdcC\x18\xf8\xb6\x86\xfe1\x0e\xff9\xbf\xa3\
\x12\xcd\xb1 M\xcb\xe0g.k\xca\x9a\xaa\xc8\x05-\
\xa6s\xa3\x1a\x0d\xca'\x98\xd9\x5c\xf35ff\x14\xe2\
b\x16\xd2\xb51iJ\x1c\xa1\xf1z\x13\xb4\x8b\xd08\
kh\xf9]\xfe\x06?\x11t\x0c\x02c\xed\xbd\x1f\x87\
\xdf\xcf\xef\xc8J\x03M\xaei\xf3Q\xb7\x84c-\x92\
\x8d\x8b\x97X\xb7\x86\xa3\xd9\x90\x81uI\x16.\x5cR\
\x9d\x9a\x8c\x06CF\xd6(\xd1\xb9h\x09ui,\x9a\
\x0a\x15X\xafD\xe5\x82%\xd3\xa1\x99h$T\xd4d\
\xed\xfa\x0b\x81D4\xda<\xca\xff\x98\x8f\xc1O\x07\xd5\
\x83\xc0X\xc7\xfeB \x09\x0d7\x87\x0f\xa3i\xfc\xb6\
\xbc.\xc7]\x03\x0d\x95\x0e\xf4cM\xff:\x0e\x1f\xcf\
\xef\x88J\x00\x08\xae\xc1\xdd\x82\x1a\xa4-\xeb\x9b#\xb9\
8\x81Un\x0e\x1a\x03<\xb0\xd69\x82\x0b\x13T\xd5\
\x86\xa0\x19\xc0\xf3\xac{\xf6\xe4\xa2\x04\xa4\x09@_\xd6\
?{qA\x82\xa9\xb8\xf8-|XO/`k.\
F \x16<\xf0\x98\x9e\xc0\x96\x5c\x88 \xaa-t\x8b\
\x1c\xe6\xd1\x1f\xd8\x82\x8b\x10@\xa5\xc5=\x16\xb6/\x01\
\x81m\x94\xfa\xee\x00!\xe0x.\xc0\xc1\x8a\x0d\x7f\xf5\
\x04\x1b\xd33\x98\xc5\xc9?\x90\x85\x0c\xdcB\xef`\x06\
'\xfe U\x16\xf0X\xbc\xbe\xc6\x17\x0eR\xa8\x8f\x98\
E\x07p\xd2\x0f`\xd1\x02\xb3\xe8'\xdc\xca\x09\xdf\x99\
\xc5\x0a\xcc\xa6\xafp\x0b'{G\x15\x16\xe9X\xa0\xb6\
\xfc!\xa8\x22=\xc6\x5c\xda\xc9\xdf\x97#\xdb\xfb\xb0\x1c\
\xd3Z\x16\xa6\xe1\x0fAU\x18\x9eUv32\x10\x00\
\xf6\x91\xfe\xf7\xfc\xa5r\xc8\xa1\xc8Z\xfde9\xb2!\
M}{\xa9\xbf\xbcc4\x13_\xec\x039\xe9=\xbc\
H\x00\xd8X\xe6\xed,w\xfd\x90_\xf2\x1e\xe43G\
\x1b\xd2\xe07d\xf8\x03\x11\xe8E<\xc5\x89\xdd\x88\x05\
\x07D\xa2'\xf1#'u\x03Y\x17\xdaXd\xbf\x8e\
\xc3\xc7\xf3;\xa0\xa0w\xa3?}Z^\xa7\x22\x04\xcc\
\xe7\x84N\x96x\xf8\xbf\x1d\x87\xcf\xe7w@ai?\
\x1c(\x04\xcc\xe5dN\x94x\xf8\xab\x03hF\xbf\xc2\
\xf7\x00\xcc\xf3f9\xa6b1AO\x89\xd7\xfe\xbb\xe5\
\xc8\x9d4\xffI2\xa6i\xc3\x1f\xd0\xbb\xfar\x12'\
\xb0\x80\x80\xcc\xf4\xb0\x9e\x9c\xc0;Y8@\x05zY\
?N\xde\x1d,\x18\xa0\x12=\xad\x17\x1f\x02\xbc]\xba\
\x0f\xa2X(\xc0K\x92\xf6\x08?\x1ct#\x03\xe1F\
\xd9\x92\xb2\xe1\x0f\x5cK\x7f\xeb\xc1I\xbb\x81\xc5\x01T\
\xa7\xcf\xd5\xe7\x84\xaddQ\x00]\xe8w\xb5\xf9\x0c\xc0\
:\xaf\x96c\x0a\x16\x03p\x8f\x84=$U\x8f>\x9a\
\x01\xb1B\xa64l\xf8\x03\xb3\xe8}59QW\xb2\
\x00\x80\xce\xf4\xc0z\x9c\xa4+(|\x00\xbd\xb0\x1a\x9f\
\x01\xb8,\xcd3%\x05\x0fl)Y\x8f\xf1\xa3A\x17\
\x18\x18\x17dI\xbc\x86?\x97\x5c[\xcbj\x89K\xf4\
\xc5\x1a\x9c\x9c\x17(r2\xd9\xab^\xd5\x1b'\xfac\
~N\xcc\xf3\xde\x8c\x02\xffcy\x1d\x96\xe2\xee)Z\
\xf3U\x87=\x09\x01\xb99)\xcf\xc8P\xd8\xa3\xa8\xdf\
\x8e\xc3\xe7\xf3;*\xcb\xd2h\xbf\xd3p\xdbx5j\
\xf3\xcb\xf2:,\xf5\xf84'\xe5\x09I\x86\xff\xaf\xe3\
\xf0\xf1\xfc\x8e\x8a\xb2\x0d\xfd\xe7h\xbe\xe5\xbd\x1b\xb5\xfa\
iy\x1d\x96:\xfc\x99\x13\xf23[\xff\x1c\xa6\xca\xd0\
\x7f\x8a\x9a\xad+K\xdd\xaa\xc1\xbfr2~\x90\xa1\x90\
\x15q=\x95\x07\xffS\xd4p=zg>N\xc6#\
\x0a\x98\xbdu\x1b\xfc?R\xcf\xb5\xe8\xa1\xb98\x11\x0f\
\xc2\x7f\x98E\xe1\xd6\xd1}\xf0\xffHm\xd7!\x04\xe4\
\xe1$,\xa2\x17\xed(\xd8\xf7\xe3\xf0\xfb\xf9\x1dY\x19\
\xfc/\xd3\x98Kp3\x95\x84\x930H\xacl\xcd\xe0\
_G\xbd\xe7\xa6\xa7\xe6\xe0\xb7\x00\x12P\xa8y\x9d\x1a\
\xa1\xe1\xbf\xder\xce\xfc\xb6{RzV\x0e\xed/R\
\xf4\xe6l!\xe5e\xf0\xcfa\x0d\xe4\xa5\xbf\xc6\xd6\xfa\
\x1f\x9f\xa08_\x8f\xc3\xd7\xf3;\xb20\xf8\xb7!\x08\
\xe4$\x04\xc4\xe5\x11@l\x86\x7f2\x86\xffv\x9c[\
\x98\xabm\x00\x90J\x99\xec\x9f\x06\xd4\xf6\x96s\xec\xb3\
\x01\x89D\xefe\x9d\xd7m\xdb!\x13\xf9\xa2\x1b\xfe\xb9\
\x18\xfc\xc7\xb0Nr\x09\xdes[>nm\xb9\x80\x14\
\x22\xb3\x18\xfe\xc7\x12\x02rq\xe3\x15K\xc7G\x00\xd1\
\xb7\x0f\x0d\xff$\x0c\xff\xe3\xb9\x06L\xf4f9\xb6\xd1\
.\x00\x8c\x86\x11\xf6\x1b\xaa\xdc\xcd\xa4\xf1\xc1\xe0\x89\xc3\
\xb5\xc8#r\x8f\x1bu\x14\xfeW`gk5p\x22\
7\x0a\xc3?\x07\xc3&\xae\xb1\x86<>KB/\x8e\
\xc1\x9f\x01\x060\x0a\xee\xf4=\xff\x04g\xf8\xc76\xae\
\xcfiw\xcf_\x08$\xb0\x845\x0e\xd6&\x00\x04o\
\xde~\xe4'8\xc3?\x87%\x04\xb4{\x96\x9bP\xd8\
\x9d\x9aNk\xdd\x0e\xc0\xc1l\xfd\xc7g\xf8\xe72\xae\
\xd7\xe9Y\xae\x10\x10\x9c\xdew\xbc\x16\x01@\x03\xe7V\
j'\xa7%\x04\xbc;\xbf\x83u\xba\xac{;\x00\x07\
\x92\x80\xc33@\x12\x1bM\xfc\xd38\xf8L@`z\
\xe0\xb1\xca\x9f\xfc\xa8IN\xe1\xc7\xe7\xee\xbf\x06k-\
>}\xfa\x18v\x00\xe0\x09\x86\x7f\x1d\xae%<\xadt\
\xba\x91*\xb9\x85\x81Q\x93u\x17\x9b~\xbd?;\x00\
;\xd3\x84b3\xfc\xebrmc\xd3\x1b\xf7W6\x00\
X\xec\xac\xa5fZ\xf0\xa1@V\xa9\xdc\x17\xec\x00\xec\
H\xc2\x85c\x8df\x1e\xf6\xb7@\xd0#\xf7V2\x00\
\xb8\x93c-5\xd3\x87k\xcdZUk\xc6\x0e\xc0N\
$\xdb\xb8\x0c\x84~\x5c\xf3\xb8\xf4\xca\xfd\x94;\xd1\x11\
\x17\xf6(h\xbfR\x16\xd7\xabQ3%\xb7\x85g5\
\xd2\xaa\xc3\xd2\xa0\x09-\xe4\xba\xacV3\x02\xc0\x0e4\
\x9a\xb8*\x0d\xb7\xbd\xea\xcc9c\x0fz\xf9\xf6J\xfd\
c\x14\x0ckT\x18dG\xd7\x97s\xc8\x96\xf4\xf4m\
\xf9\x0c\x00$3\x1a\xd0\xebS\x13\x8a\xd0\x88\xa2\xfc\xff\
\x00\xd6+\xb3p%E\xd6\xc8x\xe7\x9a\xa1\x9e\xb2\xee\
\x08X\xabq\xe9\xed\xdb\xb1\x03\x00\xc1\x8df\xf3\xed\x8e\
\x7fy\x1b\xda\xe9\xff\xa7a\x0a9\x08\x00\x1b\xd1\x04\xe3\
\xcat\x97\xba\xd4Q\xba\xbf Y\x82\xc0\xe9\xaf_R\
\xc8\xbas\xd1A\xd0^Z\xe2\x1b%K\x04\x00\x8b\x97\
ke\xa9\x95\xd1\xf4\xde\x06m|k|M\xf6o\xf0\
5\xc1\x5ce\xf4\x91\x12\x7f:l\x07`\x03\x05\x1a7\
\x07Z\xea\xe7\xf3\xf9]~Y\xd6C\x95\xa6^\x91\x9e\
\xba\x8d\xf4\x01\xc0\xdd?\xd7\xcaP+U\x1b\xdd\xe9\xdf\
5\xfeK\xf3H\x00.\xa90{\xec\x00L&\xa9r\
\xab\x06\xb5\x13\xfe\x91\x80\x1b\x8a\xb8\xf4\xd6\xf9R\x07\x00\
\x8b\x95\x0aFc\xfb\xb5Ss\xd3\xc8\xa9\x22\xfb\x0c\xb2\
\x030\x91\xc6\x16W\xf0\x85\xfaq9\xb6\x11y\xad\xb8\
\xb1\x88K\x8f\x9dK\x00\x80\x03unh\x9a9\x1c+\
m\x00\x88\x96\xd25\xb3\xb8\xa2\xde\xd1\xa9\x99o\xe7 \
\xe4\x07\x03\xed\x02\xc4\x15m\xddd\xae\x15;\x00p\x00\
\xc3\xffO~&\x1b\x0e\x22\x00L\xa0\x99\xb3F\xd4\xbb\
\xde\xa3X?\xac\xa5f\xe6H\x19\x00l\xcfq\xad\xa0\
\xb5\xe2\xae\xf7\x07\x11\x1b\xba>\xc3\xb5\xb2\xd6\x8a\x1d\x80\
;\xb9\x9bc\x0dw.\xcfsnXC\xbd\xdc/]\
\x00\x08\x98\xb4\xdc\xcdq\x15a\x11\xea\xca\xb8\x0b`\x07\
\x80\xb2\x84\xc5|\xa2\xdd\xd5y\x0c@e\x02\xc0\x1dl\
Aq-\xb5\x02\xf3YW\xf7I\x15\x00\xa4q\xa8O\
S'\xabl3\xca\x0e\xc0\x8d4\xa9\xd8\x22-D\xb5\
\x02\xdb\xb1\xben'\x00\x00\xe1Dj\xeav\x1e\xa9*\
M\x00\xb0\x08\x01\x88.\xd3\xac\xb2\x03p\x03[N\x5c\
K\xad\xdc\xce\xb9\xe3Zj\xe56\x02\x00\x004\x94\x22\
\x00\xf8@\x17kx\x5c\xc4lj*\xbeH\xbd9K\
\xbd\xd8\x01\x80\x8d\x08\x8b\xf7s\x0ea;\x02\x00\x004\
$\x00\xac\xe0n\x04 .\x8f\x01\xd6\x09\x1f\x00<{\
##aq\x1e\xe7\x12\xb6a\x07\x00\x00\x1a\x12\x00\xae\
\xe4.$\x07;F\xd0\x9b^}\xbd\xd0\x01@3\x07\
\xa2\xd0\x8fX+z\xcd\xd8\x01\x00\x80\x86\x04\x80+\xd8\
R\x02\xc8C\xcf\xbe\x8e\x00\x00\x00\x0d\x85\x0d\x00\x9e\xb7\
\x01\x90]\xe4Yf\x07\xe0\x02[I\xac\xa5f\xe6s\
NYK\xcd\x5c&\x00\x00@C!\x03\x80\xed\x7fn\
5R\xff?\x96\x97\x87\x18\xff\xfb\xff^^\x02|\x13\
u\xa6\x85\xdc\x22\x89t\xb2l#A\x0c\x11\xfa\x82~\
\x90\x8bY\xf22\x8f\x00^`\xb1\x03\xe4\xa5\x87\xbfL\
\x00\x00\xc2\xf3X\x10\xe6\x13\x00\x00\xa0\xa1p\x01@\xd2\
\x07\xa0\x9a\x88\xb3\xcd\x0e\xc03<;\x02\xc8O/\x7f\
\x9e\x00\x00\x00\x0d\x09\x00\x00Wp'I5\x02\x00\x10\
\x9a\xcf\x05\xc16B\x05\x80(\x0b]\xd2\x07\xa8#J\
O\x8f\x16f\xed\x00\x00@C\x02\x00\x004$\x00\x00\
ay\xfe\x0f\xdb\x11\x00\x00(\xcfg\xbb~\x16&\x00\
\xf8\x00 \xf0X\xa4\xbb\x7f}\x81Y\x22\xd5\xb5\x1d\x00\
\x00hH\x00\x00\xc2\xf1\xec\x1f\xb6'\x00\x00@C\x02\
\x00\x10J\xb4\xbb\x7f\xcf\xff\xa9J\x00x\xc4B\x87\xc3\
\xbdZ\x8e0\x9d\x1e\xffW\x02\x00\x10\xc6\xb8\xfb\xff\xb2\
\xbc\x046\x16\x22\x00\xf8\xc0\x0f\x10\xb1\x0f\xb8cd\x0b\
Qj\xdd\x0e\x00\x10\xc1\x9b\xe5\x08\xecD\x00\x00\x0e7\
\xee\x88\xfeX^\x02;\x11\x00\x80CE}\x04h\xfb\
\x9f\xea\x04\x00\xe00>\xff\x03\xc7\x11\x00\x16\xd2>\xec\
+\xf2\xf0\xd7\x0f\xearm\x1f\x08\x00\xc0\xee\xdc\xf9\xc3\
\xf1\x04\x00`W\x86?\xc4px\x00\xd0\x0c\xa0\x8f\x0c\
\xeb\xdd\x161{\x88\xb0\x16\xec\x00\x00{\xf9\xb0\x1c\x81\
\x00\x04\x00`\x0f\x1f\xc6\x1d\xcfo\xcb\xeb\xb0\xdc\xfd\xd3\
\x89\x00\x00l-\xcb\xf0\x7f\xbd\xbc\x84\x16\x04\x00`3\
\xa7\xe7\x9c\x19\x86\xff\xe2\xebr\x84\x16\x04\x80\xc1\xb6\x1f\
\xcc\x17\xe1CN\xd7r\xf7\xdf\x8b\x9e\x7f&\x00\x00\xd3\
e\x1a\xfe\x0bw\xff\xb4#\x00\x00Se\x1b\xfe\xee\x06\
\xe9J\x00\x00\xa6I8\xfc\xdf//\xa1\x1d\x01\x00\x98\
\x22\xe1\xb6\xff\xc9\xef\xcb\x11\xda\x11\x00\x80{\xbd\xca8\
\xfcm\xfd\xd3\x9d\x00\x00\xdc\xec4\xf8\xc7\x7f_\x96\xb7\
i\x8c\xe1\xffvy\x09m\x09\x00\xc0M\x92n\xf9\x7f\
\xf7y9B[\x02\x00\xb0Z\xe6\xe1o\xeb\x1f\xce\x0e\
\x0d\x00\xc9\xef \xa0%\xc3\x1f\xe68z-\xd9\x01\x00\
\xae\xf5&\xf9\xf0\xf7m\x7f\xf0\x88\x00\x00\x5ct\x1a\xfc\
\xe3\xbf?\x96\xb7Y\xf9\xb6?xD\x00\x00^\x94\xf9\
\xae\xff;[\xff\xf03\x01\x00x\x96\xe1\x0fu\x09\x00\
\xc0\x93\x0c\x7f\xa8M\x00\x00~\xf4\xce\xf0\x87\xfa\x04\x00\
\xe0O\xa7\xc1?\xfe\xfb\xb4\xbcM\xcb\xf0\x87\xcb\x04\x00\
\xe0\x9b\x0aw\xfd'c\xf8\xfbs?\xb8\x82\x00\x00T\
\x1b\xfe\xfe\xdc\x0f\xae \x00@s\x86?\xf4$\x00@\
S\xcb\xf3~\xc3\x1f\x9a\x12\x00\xa0\xa1*\x83\xffd\x0c\
\xff\xf7\xe3`\xf8\xc3J\x02\x004Sl\xf8\x9f~\xd7\
\xff\xf7\xf3;`\x0d\x01\x00\x1a)6\xfcO\xdb\xfe~\
\xd7\x1fn$\x00@\x13\x05\x87\xbfm\x7f\xb8\x83\x00\x00\
\x0d\x14\x1b\xfe\xa7/\xf91\xfc\xe1N\x02\x00\x14Wp\
\xf8\x03\x13\x1c\x1a\x00,f\xd8\xdc\x87\xe5\x98\x9e~A\
5G\xd7\xb4\x1d\x00(l\xdc\xfd\xff\xb6\xbcL\xcd\xf0\
\x87\xf9\x04\x00(\xaa\xca\xd6\xbf\xe1\x0f\xdb\x10\x00\xa0\xa0\
\x0a\xc3\x7f\x0c\xfe\xf7\x86?lG\x00\x00\xc2\x19\x83\xdf\
\x17\xfc\xc0\xc6\x04\x00(&\xfb\xdd\xffr\xd7\xef\x0b~\
`c\x02\x00\x14Rd\xf8\x03;\x10\x00\x80\x10\x0c\x7f\
\xd8\x97\x00\x00Ed\xbd\xfb?=\xef7\xfca\x7f\x02\
\xc0P\xe5\xcf\xa5 \x9b1\xf8\xfd\xa0\x0f\xbb\xd3\xf3\xcf\
\x04\x00( cC[\xee\xfa}\xa7?\x1cD\x00\x00\
vg\xcb\x1f\x8e'\x00\x00\xbb2\xfc!\x06\x01\x00\x92\
\xcb\xb2\xfd\x7fz\xdeo\xf8C\x1c\x87\x07\x00\x0d\x01\xea\
[\xd6\xb9\xe7\xfd\xb0\x880\xfb\xec\x00\x00\x9b\x12\xf2!\
&\x01\x00\xd8\xc4\x18\xfc~\xcc\x07\x02\x13\x00\x16\xfe.\
\x94\x8c\xa2\xd6\xed\x18\xfc\xa7\xbf\xef\xf7c>\x84\xa3\xd7\
?\x10\x00\x80\xa9\x96\xbb~\xcf\xfb!8\x01\x00\x98\xc6\
\x96?\xe4!\x00\x00S\x18\xfe\x90\x8b\x00\x00\xdc\xcd\xf0\
\x87|B\x04\x00\xcd\x03\x80.\xa2\xcc<;\x00\x90T\
\x94O3\x0b\xf0\x90\x93\x00\xf0\x88?\x0f\x01\xa8K\x8f\
\xff+\x01\x00\x00\x1a\x12\x00\x00\xa0!\x01\x00\x00\x1a\x12\
\x00\x00\xa0\xa10\x01 \xca'\x89}H\x04\x80\xadD\
\xfa\xab\x19;\x00\x00\x94\xe7\xe6\xeeg\x02\x00\x004$\
\x00\x00@C\x02\x00\x004\x14*\x00\xf8  \x00\xb3\
E\xe9\xe9\xd1\xbe6\xdb\x0e\x00\x004$\x00\x00@C\
\x02\x00\x004$\x00<\xc3\xe7\x00\x00\xf2\xd3\xcb\x9f\x17\
.\x00\xf8mq\x00\xaa\x898\xdb\xec\x00\x00@C\x02\
\x00\x004$\x00\xbc\xc0\xb3#\x80\xbc\xf4\xf0\x97\x09\x00\
\x00\xd0P\xc8\x00\xe0\x83\x80\x00T\x11u\xa6\xd9\x01\x00\
\x80\x86\x04\x80\x0b<C\x02\xc8G\xef\xbe,l\x00\xf0\
\x18\x00\x80\xec\x22\xcf2;\x00\x00\xd0\x90\x00p\x05[\
I\x00y\xe8\xd9\xd7\x11\x00\x00\xa0\xa1\xd0\x01\xc0\xe7\x00\
\x00\xc8*\xfa\x0c\xb3\x03p%[J\x00\xf1\xe9\xd5\xd7\
\x13\x00\x00\xa0\xa1\xf0\x01\xc0c\x00\x00\x98\xcf\x0e\xc0\x0a\
\xb6\x96\x88$B8\x16\xd0\x89$R\x8f\xce\xb06R\
,^\x17\x15\x80K\xcc\x8au\xec\x00\x00@Ci\xee\
f%;\x00\x9ecF\xacg\x07\x00\x00\x1a\x12\x00n\
\x10)i\x02t\xa7'\xdf&M\x00\xb0\xed\x0e@t\
\x99f\x95\x1d\x00\x00hH\x00\xb8\x91-'\x80\xe3\xe9\
\xc5\xb7K\x15\x00<\x06\x00 \xaal3\xca\x0e\xc0\x1d\
$O\x80\xe3\xe8\xc1\xf7\x11\x00\x00\xa0\xa1t\x01 \xe0\
\x16\xcb\xab\xe5\x08@S\x19\x1fQ\xdb\x01\xb8\xd3\xc7\x7f\
\xfe\xeb\xcb\xf2\x12\x80\x9d\xd8\xfe\xbf_\xca\x00\xe0\xc3\x80\
\x00D\x91u&\xd9\x01\x98@\x12\x05\xd8\x8f\x9e;\x87\
\x00\x00\x00\x0d\xa5\xdeJ\x8f\x96\x02=\x9a\x00\xd8\x96\xbe\
?\x8f\x1d\x00\x00hH\x00\x98\xc8s)\x80\xed\xe8\xb1\
s\xa5\x0e\x00\xb6\xdc\x018J\xf6\x19d\x07`2\x09\
\x15`>\xbdu\xbe\xf4\x01\xc0.\x00\x00{\xab0{\
\xec\x00l@R\x05\x98GO\xddF\x89\x00`\x17\x00\
\x80\xbd\x8c\x99\xf3zy\x99\x9a\x1d\x80\x8dH\xac\x00\xf7\
\x0b\xdaK\xbf.\xc7\xd4\x04\x00\x00h\xa8\xd4\xd6y\xc4\
\xa4\xe8\xf1\x04\xc0m\xf4\xf4m\xd9\x01\x00\x80\x86\xca\xdd\
\x9dJ\x8c\x00\xf9\xe9\xe5\xdb\xb3\x03\xb0\x8fW\xcb\x11\x80\
\xcb\xf4\xcc\x1d\x94\xbc3\x95\x1c\xe9\xe2\xe8ZW\xd7l\
A\x0f\xdf\x87\x1d\x80\x9dD,hr\x8bPS\xea\x9a\
\xd9\xd4\xd4~J\x06\x00w%\x00\xccRu\xa6\xd8\x01\
\xd8\x91d\x0b\xf0<=r_e\x03\x80]\x00\x00\xee\
Uy\x96\xd8\x01\xd8\x99\x84\x0b\xf03\xbdq\x7f\xa5\x03\
@\xd4\xe4\xa6\xd0\x01\x1eD\xed\x89\xd5w\x92\xed\x00\x00\
@C\xe5\x03\x80]\x00\x80\xb8\xdc\xfd\x1f\xc7\x0e\xc0\x81\
\x84\x00\xa03=\xf0X-\x02@\x87$\x07\xc0\x1c]\
f\x86\x1d\x80\x83I\xc0@Gz\xdf\xf1\xda\x04\x80\xe0\
\x89\xee\xddr\x04\xe8 \xec\x8f\xfdt\xda1\xb6\x03\x10\
\xc0H\xc2\x9f\x96\x97\x00\xe5\x8d\x9e\xf7ey\xc9\x81Z\
\x05\x80\xc8\xc9\xcev\x18\xd0A\xe4^\xd7\xed\xf3b\xed\
v\x00\xc6\x05~\xbd\xbc\x0cG\x08\x00\x8a\x0b\xfb\xb8s\
\xcc\x86\xb7\xcb\xcb6:>\x02\xf8\xba\x1c\x01\xd8Q\xf0\
\xc7\x9d\x9f\x97c\x1b-?\x03\xe0Q\x00\xc0\xbe\x82o\
\xfd\x87\xdd\x19\xde\x92\x0f\x01\x06$\x04\x00\x95$\xe8i\
-w\x86\xdb\x06\x80\xe8\x1f\xf6\x10\x02\x80\x0a\xa2\xf7\xb2\
\xe8\xb3`Kv\x00\x00\xa0\xa1\xd6\x01\xc0.\x00\xc0v\
\xdc\xfd\xc7\xd6~\x07@\x08\x00\x98/\xc1\xf0o\xf9\xc1\
\xbf\xc7<\x02H@\x08\x002I\xd2\xb3\xda\xffI\xb8\
\x000$\xd9\x06\xf2{\x01@\x06a\xbf\xe7\xff\xbb\xee\
[\xff\xdf\x09\x00I\x8cD\xed\xf7\x02\x80\xf0F\xaf\xf2\
=\xffI\x08\x00\x8b\x0c\x89\xd0\xa3\x00 \xb2\x0c=\xca\
\xdd\xff\x03\x01\xe0\x11!\x00\xe06\x86\x7f>\x02@B\
B\x00\x10\x89\x9e\x94\x93\x00\xf0\x83D\x09\xf1\x97\xe5\x08\
p\xa4\x14\x1fPv\xf7\xff3\x01\xe0\x09I\x1e\x05\xfc\
\xef8\x84\xff\xb4-P\xda\xab\xd1\x8b\xc2\x7f@\xd9\xf0\
\x7f\x9a\x00\xf0\x8cQ0\xe1\x7f\x1bz,<\x9f\xb6\x05\
\x0e\xa3\x07\xe5&\x00</\xc5oC{\xf6\x06\x1c!\
K\xefq\xf7\xff<'\xe6\x02ENdG\xd7\xa7\xba\
\xebI_\xac\xc1\xc9\xb9\xec\xf4\x8c+\xc56\x97b\x07\
\xb6\x96h\xf8\xbf\x1f\x87\xdf\xcf\xefx\x8aG\x00\x97\xa5\
\xf9\xbe\xe8,\x0b\x13\xc8)Y\x8f1\xfc/p\xc7x\
\xa5L\x85o'\x00\x98M\x0f\xac\xc7\x0e\xc0\x952\x15\
\x94\x9d\x00`\xa6d\xc3\xbf\xfd\xcf\xfc^K\x00X!\
Sa\x09\x01\xc0\x0c\xc9\x86\xff\xe9\xcf\xb7\xdb\xff\xcc\xef\
\xb5\x04\x80uR\x15\x96\x10\x00\xdc#a\x0fI\xf1\xe7\
\xdbQxNr\x83l\x8b\xc2\xf30`-}\xae>\
'\xecF\x16\x07P\x95\xfe\xd6\x83G\x007\x1a\x05w\
\xfa\x1b\xd34\x12n\xe5\x01\x07H8\xfc\x7f]^\xb2\
\x92\x00p\xbbt\x7fc*\x04\x00/I\xda#>.\
GV\xb2mr\xa7\x8c\x0b\xc6v\x19\xf0#\xbd\xac\x1f\
'o\x02\x0b\x07\xc8L\x0f\xeb\xc9#\x80\x092\x16b\
\xd2\xad>`\xb2\xa4\xc3\xdf\x97\xfdL \x00L2\x0a\
\xf2\xf4\x05\x14\xa9\x08\x01\xd0[\xd2\xe1\xff\x8fq\xf0e\
?\x13\x08\x00\xf3\xa4\xfc\x02\x0a!\x00zJ\xbc\xf6\xff\
\xb3\x1c\xb9\x93\x000Q\xd6gRK#xs~\x07\
\x14w\xfa\x89\xf3\x94\xc3?k\x8f\x8dJ\x00\x98,q\
\x08\xf8c\x1c~9\xbf\x03\x8az7\xd6\xfa\x97\xe5u\
*\x86\xff|N\xe8F\x12o\xafYhP\x90\x9e\xc4\
\x8f\x9c\xd4\x0dYp@\x04z\x11O\xf1\x08`C\x99\
\x0b7s\xc3\x00\x1e$\x1f\xfe\xfe\xdcoC\x02\xc0\xc6\
2\x17\xf0\xd28\xde\x9d\xdf\x01\xc9\xa4\xfd\xb0\xdf\xc9\xe8\
\x9d\xa7\xdf[\xf1\xe7~\x1b\xb2\xb5\xb2\x8f\x0fc!\xfe\
\xb6\xbcN\xc96\x1c\xe4\x91}\x07o\xf4\x9b\xd3\x0f\xfc\
\xf8\x8e\xff\x8d\xd9\x01\xd8G\xfa\xbf[\xcd\xdeP\xa0\x8b\
\x22k\xd5\xf0\xdf\x81\x00\xb0\x93\x0aw\xd0Kcyu\
~\x07DSa\xf8\xdbm\xdc\x8f\x13\xbd\xb3*w\xd2\
\x16)\xc4\xa1\xafp\x0b'\xfb\x00\x16+0\x8b~\xc2\
\xad<\x028@\x95B_\x1a\x8fG\x02p\x10\xc3\x9f\
{8\xe9\x07\xaa\xb2xO,`\xd8\x8f\xde\xc1\x0cN\
\xfc\xc1,d`\x0d=\x83Y<\x028X\xa5\x05\xb0\
4&_\x1c\x04\xdbH\xfd\xc5>?2\xfc\x8f\xe7\x02\
\x04Qia\x9fX\xdc0\x8f\xfe\xc0\x16\x5c\x84@\xaa\
-\xf2\x13\x0b\x1dn\xa7'\xb0%\x17\x22\x18\x0b\x1e8\
\xd1\x0b\xd8\x9a\x8b\x11P\xc5\x85\x7fb\xf1\xc3e\xd6?\
{qA\x82\xd2\x04\xa0\x1f\xeb\x9e=\xb9(\x81Um\
\x06'\x1a\x02<\xb0\xd69\x82\x0b\x13\x5c\xe5\xc6p\xa2\
9\xd0\x99\xf5\xcd\x91\x5c\x9c\x1c>\x8cF\xf1\xdb\xf2\xba\
\x9c\xd1$^\x8f\xc3\xd7\xf3;h\xe1\xf47\xfd_\x96\
\xd7\xe5\x8c5\xed\xf7\xfc\x13\x10\x00\xf2(\xdd0N\xdc\
-\xd0A\x83\xbb\xfe\xf7\xe3\xf0\xfb\xf9\x1d\x91i\xb8\xc9\
To\x1e'\x82\x00\x155Y\xbbv\xf3\x12\xd1h\x13\
\xea\xd0HN\x04\x01*\xb0^\x89\xca\x05K\xaaKS\
9\xd1X\xc8\xc8\x1a%:\x17-\xb1N\x0d\xe6D\x93\
!\x03\xeb\x92,\x5c\xb8\xe4\xba5\x9b\x13\x0d\x87\x88\xac\
E\xb2q\xf1jx3\x9a\xcf\x1f\xcb\xeb64\x1f\x22\
h:\xf8}\xd2\xbf\x00\x0d\xb4\x90\x8e\x8d\xe8D\x10\xe0\
\x08\x8d\xd7\x9bO\xfa\x17\xa1q\x16\xd3\xb5)\x9dhL\
\xec\xa1\xf9\x1a33\x0aq1\x0b\xea\xdc\xa0\xbe\xd3\xa8\
\x98\xc9\x9a\xb2\xa6*rA\xebz7\x9a\xd6\xa7\xe5u\
[\x9a\x16\xf70\xf8\xbf\xad!_\xeb[\x94\xe6X\x9c\
\x06\xf6@\x18\xe0\x1a\xd6\xcc\x03k\xa66\x17\xb7\x01\x0d\
\xed\xaf45\x9eb\x9d\xfc\x95uR\x9f\x0b\xdcG\xf9\
\x1f\x13\xba\x85&\xd7\x9b\xa1\xff\xb3\xb1&\xfc\x89_\x13\
\x9a_3\x1a\xde\xf3\x84\x81\x1e\xac\x81\xe7\x8d5\xe0/\
i\x1a\xd1\xf0\x1a\xd2\x00/\x13\x06jQ\xf3\x97\xa9\xf9\
~\x5c\xf0\xbe<\x12\xb8\x92\xc6\x98\x93\xa1\x7f\x9dQ\xdf\
\xb6\xfc\x9b\xd2\xd8\x9a\xd3$\xd7\x13\x08bR\xcb\xeb\xa9\
\xe5\xde\x5c|NZ\xfe\x96\xc0,\x9a\xe81\x0c\xfc\xfb\
\xa8[\x14\x00\x7f\xd2P\xe7\xd0X\xb7\xa1>\xe7P\x9f\
|\xa7\x10\xf8\x91\xdd\x80\x0dh\xba\xeb\x19\xf8\xf3\xa9C\
\x1eS\x0c<I\xf3\xdd\x9ef|\xa6\xd6\xb6\xa7\xd6x\
\x8a\xa2\xe0%\xfeR\xe0 \x15\x1b\xb6A\x7f\x0c\xc3\x9f\
\xe7(\x0c.\xd2\xb8\xe3\x89\xd6\xd4\xd5H<\x06?\x97\
(\x10\xae\xa6\xc9C|c\xf0\xfb6?\xae\x22\x00\xb0\
\x8a\x10\x00q\xb9\xebg\x0d\xc5\xc2M\x04\x01\x88\xc3\xe0\
\xe7\x16\x8a\x86\xbb\x08\x02p\x1c\xdb\xfd\xdcC\x00`\x06\
\x7f-\x00;\x1a\x83\xff\xed8|>\xbf\x83\xdb\x08\x00\
Lc7\x00\xb6g\xbb\x9fY\x14\x12\xd3\x09\x020\x9f\
\xc1\xcfl\x0a\x8a\xcd\x08\x02p?\x83\x9f\xad(,6\
'\x08\xc0z\x06?[S`\xecF\x10\x80\xcb\x0c~\
\xf6\xa2\xd0\xd8\x9d \x00?3\xf8\xd9\x9b\x82\xe30\x82\
\x00\x18\xfc\x1cG\xe1q8A\x80\x8e\x0c~\x8e\xa6\x00\
\x09C\x10\xa0\x03\x83\x9f(\x14\x22\xe1\x08\x02Td\xf0\
\x13\x8d\x82$4a\x80\xcc\xc6\xd0\xf7]\xfd\x84%\x00\
\x90\x82 @&\xee\xf6\xc9@\x91\x92\x8a @d\x06\
?\x99(V\xd2\x12\x06\x88\xc0\xd0'+\x85K\x09\xc2\
\x00{3\xf8\xc9N\x01S\x8a \xc0\x96\x0c}*Q\
\xcc\x94%\x0c0\x83\xa1OU\x0a\x9b\x16\x84\x01\xd60\
\xf4\xe9@\x91\xd3\x8e0\xc0S\x0c}\xbaQ\xf0\xb4'\
\x10\xf4e\xe8\xd3\x99\xe2\x87G\x84\x81\xda\x0c|x`\
1\xc0\x0b\x04\x82\xdc\x0c|x\x9e\xc5\x01W\x12\x06r\
0\xf4\xe1:\x16\x0a\xdcA(8\x96a\x0f\xb7\xb3x\
`2\xa1`\x1b\x86=\xcceA\xc1\x0e\x84\x82u\x0c\
{\xd8\x9eE\x06\x07\xeb\x1a\x0e\x0cy8\x96\x05\x08\xc1\
e\x0d\x08\x06<\xc4f\x81BQ\xb3\x82\x83A\x0e\x00\
\x00\x00\x00\x00\x00\x00\x00\x00\x00\x00\x00\x00\x00\x00\x00\x00\
\x00\x00\x00\x00\x00\x00\x00\x00\x00\x00\x00\x00\x00\x00\x00\x00\
\x00\x00\x00\x00\x00\x00\x00\x00\x00\x00\x00\x00\x00\x00\x00\x00\
\x00\x00\x00\x00\x00\x00\x00\x00\x00\x00\x00\x00\xc07\x7f\xfb\
\xdb\xff\x03i\x09l\xa7\x0c\x92\x18.\x00\x00\x00\x00I\
END\xaeB`\x82\
\x00\x00\x16\xd5\
\x89\
PNG\x0d\x0a\x1a\x0a\x00\x00\x00\x0dIHDR\x00\
\x00\x02\x00\x00\x00\x02\x00\x08\x06\x00\x00\x00\xf4x\xd4\xfa\
\x00\x00\x00\x01sRGB\x00\xae\xce\x1c\xe9\x00\x00\x00\
\x04gAMA\x00\x00\xb1\x8f\x0b\xfca\x05\x00\x00\x00\
\x09pHYs\x00\x00\x0e\xc3\x00\x00\x0e\xc3\x01\xc7o\
\xa8d\x00\x00\x16jIDATx^\xed\xddK\x8b\
\x1cI\x96\x06\xd0*\x91\x82\x12\x94\xa0\x17\xaa\xc5\x80\x96\
\xfa\xff\xbf\xa8\x96\xb5h\x18A\x0f\x94\xa0\x05\x12h,\
*LR>\xe2\xe1ow\xb3\xef\x1ch<\x82\x99\x86\
\x96\x85\xdd{?7\x8f\xcc\xfc\xf5\x17\xe0p>\xbe\xff\
\xf0\xad\xbe\xec\xc2\xbb\xbf\xfe\xd4k\xe0`\x14%\x1cD\
oC\xff\x1aa\x00\x8eA!\xc2\x01\xa4\x0c\xff\xef\x84\
\x00\xd8\x9f\x22\x84\x1d\xa5\x0d\xfe\xe7\x04\x01\xd8\x8f\xe2\x83\
\x9d\xa4\x0f\xff\xef\x84\x00\xd8\x87\xc2\x83\x1d\x18\xfeO\x09\
\x01\xb0=E\x07\x1b3\xfc/\x13\x02`[\xaf\xea\x15\
\xd8\xc6C\xbd\xf2\xd2o\xf5\x0al@\xe2\x86\x0d\xb9\xfb\
\xbf\xcd)\x00lG\xb1\xc1F\x0c\xffa\x84\x00\xd8\x86\
G\x00\x00\x10H\xd2\x86\x0d\xb8\xfb\x1f\xc7)\x00\xac\xcf\
\x09\x00\x00\x04\x12\x00\x00 \x90\x00\x00\x00\x81<g\x83\
\x95y\xfe?\x8d\xef\x01\xc0\xba\x9c\x00\x00@ \x01\x00\
\x00\x02\x09\x00\x00\x10H\x00\x00\x80@\x02\x00\x00\x04\x12\
\x00\x00 \x90\x00\x00\x00\x81\x04\x00\x00\x08$\x00\x00@\
 \x01\x00\x00\x02\x09\x00\x00\x10H\x00\x00\x80@\x02\x00\
\x00\x04\x12\x00\x00 \x90\x00\x00\x00\x81\x04\x00\x00\x08$\
\x00\x00@ \x01\x00\x00\x02\x09\x00\x00\x10H\x00\x00\x80\
@\x02\x00\x00\x04\x12\x00\x00 \x90\x00\x00\x00\x81\x04\x00\
\x00\x08$\x00\x00@ \x01\x00\x00\x02\x09\x00\x00\x10H\
\x00\x00\x80@\x02\x00\x00\x04\x12\x00\x00 \x90\x00\x00+\
\xfa\xf8\xfe\xc3\xb7\xfa\x12\xe0P\x04\x00\x00\x08$\x00\x00\
@\xa0_\xeb\x15X\x98\xe3\xff\xf9\xde\xfd\xf5\xa7\x1e\x05\
+q\x02\x00\x00\x81\x04\x00X\x81\xbb\x7f\xe0\xe8\x04\x00\
\xe0\xb0\x04)X\x8f\x00\x00\x0b3\xb4\x80\x16\x08\x00\xb0\
\xac\x87ze!\x02\x15\xac\xc37l\x0f\xe6R\xb3\xf3\
M\xe8v\x18V\xebP\x03m\xb9V\x07>\xc7c\xf1\
a\xecl\xca\xc0PD\xc7d\xf8\xaf\xcb\xbe?\xa69\
\xfb\xdeg\xba/\x8b\xbf\x83%\x07\x85\x02:\x06\xc3\x7f\
}e\xaf\xbf-\x97O\xe7w\xecm\xe9=\xaf\x97m\
\xcf\x82o\xeb\xa1\x14\xcd\x97\xfaz1\x0ag\x7f\x02\xc0\
6\xec\xf5}\xad\xbd\xcf\xcb\xe7\xfb\xa6\x5c>\x9f\xdf\xb1\
6\xc5\xb4\x91-\x06\x84\xe6\xb8\x0f\xc3\x7f[\xf6\xf9.\
V\xb9y\xb9\xc6g\xbc\x0d\x8b\xbc\x81-\x07\x84\xc2\xd9\
\x96\xe1\xbf\x0f\xfb|;{\xedq\x9f\xf1\xfa,\xf0\xca\
\xf6(\x1e\x85\xb3\x0d\xc3\x7f_\xf6\xf9\xfa\xf6\xde\xe3>\
\xe3u\xf9=\x00+\xda\xabx\x0c\xa6\xd5\x9d\x8eC\xad\
\xf1\xce|\x06\xeb:\xc2\xfa\xfa\x8c\xd7%]\xad\xe4\x08\
\x1bWz^\x9e\x86t<\xf6\xf9\xf2\x8e\xb6\xcf}\xc6\
\xeb\xb0\xa8+8R\xf1\x94\xc2y]._\xcf\xef\x98\
\xc3\xf0?6Cb\x19G\xdd\xe7>\xdf\xe5Y\xd0\x85\
)\x9e\xfe\x18\xfcm\xb1\xd7\xa7;\xfa^\xf7\xd9.\xcb\
b.H\xf1\xf4\xc5\xe0o\x9f=?\x5c+\xfb\xddg\
\xba\x1c\x0b\xb9\x10\xc5\xd3\x07C\xbfo\xf6\xffe\xad\xed\
{\x9f\xe32,\xe2\x02\x14O\xfb\x0c\xfe,j\xe0\xa7\
V\xf7\xbe\xcfp>\x0b8S\xc3\xc5\x13\xff+7\x0d\
}N\x92\x07I\xeb5 \x04\xccc\xf1f\xe8a\x80\
\xa4\x15\x90\xa1\xcf-I\xf5\xd0K-\x08\x01\xd3Y\xb8\
\x89z\x1a$\x09\x05d\xf03F\xef5\xd1[=\x08\
\x01\xd3X\xb4\x09z\x1c&\xbd\x16\x90\xc1\xcf\x1c=\xd6\
E\xaf5!\x04\x8cg\xc1F\xeay\xa0\xf4R@\x86\
>k\xe8\xa1>z\xaf\x0d!`\x1c\x8b5B\xc2`\
)\x05\xd4\xec\x97\x03\x0d~\xb6Pj\xa4\xc9\xdf\xae\x99\
R\x1fB\xc0p\x16j\xa0\xb4\xe1\xd2J\x11\x19\xfa\xec\
I\x9d\x1c\x93\x100\x8cE\x1a u\xc8\x1c\xb9\x88\x0c\
~\x8e\xa4\xd4\xcaaO\x05\xf4/\xae\xb1@w\x184\
\xc7)$\x9f\x05-8\xd2\xe0I\xaf\x19!\xe06\x8b\
s\x83\x81\xf3\xd3^w8>\x03Z\xb6\xe3\x00z(\
\xb5\xf3\xa5\xbe\x8e&\x04\x5cga\xae0x.\xdb*\
\x08X\x7fz\xb2\xe5\x10R;/\x09\x01\x97Y\x94\x0b\
\x14\xd00+\x15\x95;\x17\xba\xb5\xe6 \xd2\xb7n\x13\
\x02^\xb2 \xcf(\xa2i\xe6\x16\x97u'\xc9R\xc3\
H\xdd\x8c#\x04<e1\x1eQL\xcb\x19Rh\xd6\
\x1b\xce\xd4\xcbv\x84\x80\x9f,D\xa5\xb8\x002\x08\x01\
g\x16\xa10\xfc\x01\xb2\x08\x01\x02\x80\xe1\x0f\x10*=\
\x04D\xff\xe3\x0d\x7f\x80l\xc9! \xf6\x1fn\xf8\x03\
p\x92\x1a\x02\x22\xff\xd1\x86?\x00\x8f%\x86\x80\xb8\x7f\
\xb0\xe1\x0f\xc0%i!\xe0U\xbdF0\xfc\x01\xe0,\
)\x00<\xd4+\x00\xbc\x90v\x93\x18s\xdc\xe1\xee\x1f\
\x80!R\x1e\x05D\x9c\x00\x18\xfe\x00\xf0T\xd4w\x00\
\x00\x803\x01\x00\x00\x1eI95\xee>\x008\xfe\x07\
\x80\x97\x9c\x00\x00@ \x01\x00\x00\x9eI8=\x16\x00\
\x00 P\xd7\x01\xc0\xf3\x7f\x00\xb8\xcc\x09\x00\x00\x04\x12\
\x00\x00\xe0\x82\xdeO\x91\x05\x00\x00\x08$\x00\x00@\xa0\
\xae\x03@\xda\xdfv\x06\x80\xa1\x9c\x00\x00@ \x01\x00\
\x00\x02\x09\x00\x00pA\xef\x8f\x91\xbb\x0f\x00\xbe\x07\x00\
\x00/9\x01\x00\x80@\x11\x01\xc0)\x00\x00<\xe5\x04\
\x00\x00\x9e)7\x8e\xaf\xeb\xcbn\xc5\x04\x00\xa7\x00\x00\
\x8c\xf0\xb5^\xbb\xe5\x04\x00\x00\x02\xc5\xdd\x15\xfb\x13\xc1\
\x00\xdc\x92rb\x9cz,\xfe\xae\x04\x81\xff\xad\xaf\x01\
\xe0\x1fe\xf8\xbf-\x97O\xe7w}K}\x04\xf0\xb1\
|\xc8\xffS_\x03\xc0w\x11\xc3\xff$\xfd\x8bq\xff\
\xfa\xf8\xfe\xc3\x7f\xeak\x00\x82\xa5}Y<=\x00\x9c\
\x08\x01\x00\xe1\x12\x7fRL\x008\x13\x02\x00B%\x0e\
\xff\x13\x01\xe0'!\x00 L\xea\xf0?\x11\x00\x9e\x12\
\x02\x00B$\x0f\xff\x13\x01\xe0%!\x00\xa0s\xe9\xc3\
\xffD\x00\xb8L\x08\x00\xe8\x94\xe1\x7ff\x11\xae\x13\x02\
\x00:c\xf8\xffd!n\x13\x02\x00:a\xf8?e\
1\xee\x13\x02\x00\x1ag\xf8\xbf\xe4\xaf\x01\xde\xf7\x7fe\
\xe3\xfcQ_\x03\xd0\x18\xc3\xff2\x01`\x18\x7f;\x00\
\xa0A\x86\xffu\x02\xc0p\xff\xaeW\x00\x1a`\xf8\xdf\
fqF\xfa\xf8\xfe\xc3\xb7\xfa\x12\x80\x832\xfc\xef\xb3\
@\x13\x08\x01\x00\xc7e\xf8\x0fc\x91&\x12\x02\x00\x8e\
\xc7\xf0\x1f\xceB\xcd \x04\x00\x1c\x87\xe1?\x8e/\x01\
\x02\xd0<\xc3\x7f<\x01`\x06\x1b\x0e\x80V\x09\x00\x00\
4\xcd\xcd\xd84\x02\xc0L6\x1e\xc0~J\x0f~]\
_2\x92\x00\x00@\xcb\xbe\xd6+#\x09\x00\x004\xc9\
\xdd\xff<\x02\xc0\x02<\x06\x00\xd8\x85\xbb\xff\x19\x04\x00\
\x00\x08$\x00\x00\xd0\x1c'\xaf\xf3\x09\x00\x00\x10H\x00\
X\x884\x0a@K\x04\x00\x00\x9a\xe2\x86k\x19\x02\x00\
\x00\x04\x12\x00\x00 \x90\x00\x00\x00\x81\x04\x00\x00\x9a\xe1\
\xf9\xffr\x04\x00\x00\x08$\x00\x00@ \x01\x00\x00\x02\
\x09\x00\x00\x10H\x00X\xc8\xc7\xf7\x1f\xbe\xd5\x97\x00p\
x\x02\x00\x00\x04\xf2\xe3\x14\x0bq\x02@\x0b\xee\xfd\x08\
\x95}\xcc\xd1\xf91\xc0\xe5X\xc8\x85h\x9c\xeci\xeb\
\xa6h\xbf\xb3\x17\x01`9\x16r\x01\x9a![9z\
\xf3S\x0blA\x08X\x86E\x5c\x80\xa6\xc7ZZo\
tj\x835\x08\x00\xcb\xb0\x883ip,\xa9\xf7\xc6\
\xa6^X\x82\x00\xb0\x0c\x8b8\x93\x86\xc6\x5c\xa9\xcdL\
\xed0\x87\x100\x9f\x05\x9cA\x03c*\xcd\xeb)\xb5\
\xc4Xjh>\x0b8\x83\xa6\xc5\x18\x1a\xd60\xea\x8a\
!J=\xbd.\x97\xaf\xe7wL\xa1!M\xa4I1\
\x94\xc1?\x8d\x1a\xe3\x1e\xb55\x8f\xc5\x9bHs\xe2\x1e\
\xcdi\x19j\x8d[\xd4\xd9t\x16n\x22M\x89k4\
\xa4u\xa89.Qo\xd3Y\xb8\x094\x22.\xd1\x88\
\xb6\xa1\xfexN\xedMc\xd1&\xd0\x80xL\xf3\xd9\
\x87:\xe4;58\x8dE\x1bI\xd3\xe1;M\xe7\x18\
\xd4$jq\x1a\x8b6\x92fCi6~\xfc\xe8x\
\x1eJm~\xa9\xaf\x09$\x04\x8c\xf7\xaa^\x81\x01j\
\x931\xfc\x8f\xe7\xab\x01\x00\xe3(\x98\x11\xdc\xfd\xe7r\
\xd7\xdf\x16\xb5\x9aI\x08\x1c\xc7\x09\x00\xdc\xe1\xae\xbf=\
\x06\x01\xdc\xa7H\x06rG\x91\xc7]\x7f\x1f\xd4n\x0e\
\xc1o\x1c'\x00p\x81\xbb\xfe~\x18\x0a9\x84\xbdq\
\x04\x00x\xc6\xc0\xe8\xcf\xe93-\xffy[\xdf\x02\x85\
F7\x80T\x99\xa1\x0c\x08G\xfe\x01\xd4s\xdf\x04\xf8\
\xe1\x9c\x00@Q\x9b\x86\xe1\x1f\xc0\x80\xe8\x9b\x807\x9c\
\x00p\x87\xcd\xd4?\x03!\x8f\xcf\x1c<\x02\xb8K\x00\
\xe8W\x19\x02\x7f\x94\xcb\xc7\xf3;B\xfd^j\xfc\xef\
\xfa\x9a\x8e\x08y\xf79\x01 Ri\x0eo\xca\xc5\xf0\
\xe7S\xdd\x0b\x10G\x00\xb8\xc1\xdd\x7f\x9fJ\xc3?}\
\xd9\xef\xf3\xf9\x1d\xfc\xf2\xd9\xdd\x22\x89\x04\x00\xa2\xd4\xe1\
\xef\xcb~\xbc \x04\xf4\xc5\x0d\xdc}\x02\xc0\x156O\
\x7fj\x837\xfc\xb9J\x08 \x89\x00@\x04\x8d\x9d\xa1\
\xec\x95~\xb8\x91\xbbM\x00\xa0{\x1a:c\xd93$\
\x10\x00.\x90\x1a\xfbQ\x1a\xf9\xe9\x99?\x8c&\x04\xf4\
A?\xbfN\x00\xa0[u\xf8{\xe6\xcfdB\x00=\
\x13\x00\x9e\x91\x16\xfbP\x1a\xf7\xe9g\xbb\x0d\x7ff\xab\
{\x09\xba#\x00\xd0\x9d\xd2\xb0O\xbf\xe1\xcf\xcf\xf9\xb3\
\x94\xd3\xef\x09\xf0\x97\x04\x1b\xe6\xc6\xee2\x01\x80\x1e\xf9\
\x0d\x7f,\xedS\xbdB7<\xdfzDJl\x9fg\
\xb6\xacI\x8fh\x9b\xfe\xf0\x94\x13\x00\xba\xa1\xb8Y\x9b\
=FO\x04\x00\xbaP\x1a\xb3\x1f\xf7c\x13B\x00\xbd\
\x10\x00\xe8\x85o\xfc\xb3\x99\x12\x02|)\xb0A\x1e\xe1\
<%\x00T6F\xbb\xdc\x91\xb1\x03_\x0a\xa4y\x02\
\x00M3\xfc\xd9\x8b\xbdG\xeb\x04\x00\x9aU\x1a\xb0\xe7\
\xfe\xecJ\x08h\x8f\xd3\xde\x9f\x04\x00Z\xe6\xb9?\xc0\
D\x02\x00Mr\xe7\xc5Q\xd8\x8b\xedq\x0ap&\x00\
\x146C[\x1c\xfds4B\x00-\x12\x00h\x91\xa3\
\x7f`\x167~~\x15\xb0M\xd0\x18wZ\x1c\x99~\
\xd2\x9e\xe4\x9e\xe2\x04\x80f8\xfa\xe7\xe8\xec\xd1&\xfd\
^\xafq\xa2\x03\x80\xb4\xde\x1cG\xff\x1c\x9d=\xda\x98\
2\x07\xfe.\x97\x87\xf3\xbb,\xb1G\x1f\x86\x7f[\x1c\
\xfd\xd3\x12\xfd\xa5=\xf5\xf4&*\xc0y\x04\x00@\xbc\
\x12\xda\xbe\x94K\xd4I@\xe4]\x95t\xde\x16w\xff\
\xb4H\x9fiS\xd2I@\xdc\x09\x80\xa2\x04\xe0\x9a\xd3\
I@\xca\x9cH\x0a\x00\x0f\x86\x7f{\xdc\xfd\xd3*{\
\xb7m\x09\xf3\x22\x22\x00\x9c>\xc8S\xaa\xabo\x01\xe0\
\xae\x1a\x02\xba\xfd1\xc1\xee\x13\xaa\xbb\xfev\xb9\x83\xa2\
\x07zP\x1fz\xecG\xdd6XE\xd7>\x01\x80\x1e\
\xe8E}\xe9\xa9/u\xd7`\x15[\x1f\x0c\x7fz\xa2\
/\xf5\xa7\x87\x1e\xd5E\x93U\x5c\xfd\x11\x00\xe8\x89\x1e\
\xd5\xb7V\xfb\xd5\x22\xff\xa3mn\x96d\xf8\xd3#}\
\x925\xcc\xe9\x97\x93\xfe\x8b62k\x12\x00\xe8\x91\xbe\
\xc9\x16\xc6\xf4\xcf\xc1\xff\x8f6/[0\xfc\xe9\x99>\
\xcaV\x86\xf4\xd2\xbb\xbf\x07\xe0\xb4amZ\x00hG\
\x9d\xdb7\xff\xb6\xc1\xcd\x00`\xf0\x03@\x9b\xca\x0c\xbf\
\xf9k\x8d\xaf\x05\x80\x7f\x19\xfel\xcd\xf1?\xbd\xb3\xc7\
\xd9\xc3\xb5y~)\x00\x9c\x86\xff\x7f\xeak\x00\xa0q\
\x97B\xc0\xf3\x00p\xfa\x839\x86?\x00t\xe6y\x08\
x\x12\x00\xca\xff\xd1\x1f\xcca\x17\x8eFIa\xaf\xb3\
\xb3\x1f_\x0c\xfc\x11\x00.\x1d\x0f\x00\x00\xfdx|\xa3\
\x7f\xedK\x80\x00@\x87\xbe\xdf\xf0\xff\x13\x00\xdc\xfd\xb3\
'G\xa2\xa4\xb1\xe79\x02'\x00\x00\x10\xe8\x95\xbb\x7f\
\x00\xc8r\x9a\xfdN\x00\x00 \x90\x00\xc0\xae<\x0b%\
\x95\xbd\xcf\xde\x04\x00\x00\x08$\x00\x00@ \x01\x00\x00\
\x02\x09\x00\xec\xc63P\xd2\xa9\x01\xf6$\x00\x00@ \
\x01\x00\x00\x02\x09\x00\x00\x10H\x00\x00\x80@\x02\x00\x00\
\x04\x12\x00\xd8\x85o?\xc3\x99Z`/\x02\x00\x00\x04\
\x12\x00\x00 \x90\x00\x00\x00\x81\x04\x00\x00\x08$\x00\x00\
@ \x01\x00\x00\x02\x09\x00\x00\x10H\x00\x00\x80@\x02\
\x00\x00\x04\x12\x00\xd8\x9c\xdf|\x06O\xa9\x09\xf6 \x00\
\x00@ \x01\x00\x00\x02\x09\x00\x00\x10H\x00\x00\x80@\
\x02\x00\x00\x04\x12\x00\x00 \x90\x00\x00\x00\x81\x04\x006\
\xf7\xf1\xfd\x87o\xf5%P\xa8\x09\xf6 \x00\x00@ \
\x01\x00\x00\x02\x09\x00\x00\x10H\x00\x00\x80@\x02\x00\x00\
\x04\x12\x00\x00 \x90\x00\x00\x00\x81\x04\x00\x00\x08$\x00\
\x00@ \x01\x80]\xf8\xcdgp\xa6\x16\xd8\x8b\x00\x00\
\x00\x81\x04\x00\x00\x08$\x00\x00@ \x01\x00\x00\x02\x09\
\x00\x00\x10H\x00`7\xbe\xfdL:5\xc0\x9e\x04\x00\
\x00\x08$\x00\x00@ \x01\x00\x00\x02\x09\x00\xec\xca3\
PR\xd9\xfb\xecM\x00\x00\x80@\xaf\xde\xfd\xf5\xe7\xaf\
\xf55\x00\x10\xe04\xfb\x9d\x00\x00@ \x01\x80\xddy\
\x16J\x1a{\x9e#\xf8'\x00x\x0c\x00\x00\x19\xbe\xcf\
\xfc\x1f'\x00B\x00\x00\xf4\xad\xcc\xfa\xd7\xf5\xa5G\x00\
\x1c\x83#QR\xd8\xeb\xec\xeck\xbd>\x0d\x00N\x01\
\x00\xa0O\xcfg\xfc\x8b\x13\x00!\x00\x00\xfari\xb6\
_\x1d\xf6\x8e\xa9\xd8\x83\x00J\xcf\xf4U\xf6p\xad\xaf\
^\xfd\x0e\xc0\xe9\xbfP\xfe\xf3\xe3\xcb\x02\x00@;\xca\
\x0c\x7fs\xeb\xa6\xea\xde\x97\x00\xbf\xde\xfa/\x03\x00\xc7\
Sg\xf7\xe7\xf3\xbb\xcbF\x0dw\xc7WlA\xe8\xa4\
G\xfa'[\x18\xd3?g5Z\x1b\x9a5\x08\x00\xf4\
H\xbfd\x0ds\xfae\xb3\x8dV1\xf5M\x08\xa0'\
\xfaU\xdfZ\xedW]4Y\xc5\xd5\x1f\x01\x80\x9e\xe8\
Q\xfd\xe9\xa1Gu\xd5d\x15Y_\x84\x00z\xa0/\
\xf5\xa5\xa7\xbe\xd4e\x83Up}\x10\x00\xe8\x81~\xd4\
\x87\x1e\xfbQ\xcf\x0d\xf6\xa1\x14\xde\x97\xfa\x9aF\x09\x01\
\xb4\xcc\xf0o_\xe9Ao\xcb\xe5\xd3\xf9]_z\xfe\
c@~\x87\x01\x00\x93\xd5\x19\xd2\xe5\xf0?\x89\x18\x90\
Rx\xdb\x049Z\xa4\xef\xb4-\xa1\xef\xf4|\x02\xf0\
\xc3\xe9\x834D\x00\xb8\xa7\xcc\x8a\xd7)\xf3\x22n(\
J\xe5m\x12\xe0h\x89>\xd3\xa6\xd3\xf0/\x97\x1f\x7f\
/\xbfw\x11'\x00\x8f\x19$\x00<\x976\xfcOb\
\x87\xa1\x84\xde\x1e\xe1\x8d\x16\xe8-\xedI\x1c\xfe'q\
'\x00\xdf\xd5\x0f\x9c\xb6<\xd4+\x1c\x95=\xda\x982\
\x0bN?\xe6\x177\xfcOb\x03@\x11\xf9\x81\xb7\xac\
\xdcY\xf9\xbd\x0e\x1c\x9a=\xda\xa4n\x7f\xcc\xef\x9e\xf8\
#U\xc7u\xed\xf1(\x80#\xd2K\xda\x93\xdeK\x92\
O\x00\xfea\x98\x00\xe4\xd1\xfb\x05\x00\x1a\xe4N\x8b\xa3\
\xb1'i\x91\xbb\xdfJ\x01\xb7G\x82\xe7\x08\xf4\x8e\xf6\
\xe8\x1dgN\x00\x00 \x90\x14\xf4\x88$\xdf\x1eI\x9e\
=\xe9\x19\xed\xd13~r\x02@\xd34`\xf6b\xef\
\xd1:\x01\x80\xe6i\xc4\xec\xe0\xf7z\x85f\x09\x00\x8f\
8\x1a\x02\x86(\xa1\xf3\xef\xfa\x92\x86\xe8\xf1O\x09\x00\
t\xc1)\x00[\xb1\xd7\xe8\x85\x00\xf0\x8c\x84\xd8.\x8d\
\x99\xb5\xd9c\xf4D\x00\xa0+\x1a4k\xb1\xb7\xda\xe6\
\xe6\xee%\x01\x80\x1e\xbd\xabWX\x8a/\xfd\xd1\x1d\x89\
\xe8\x0ai\xbfm%\xed\xbf)\x97\xcf\xe7w0\xcbo\
\xa5\x1f\xfc\xb7\xbe\xa6A\xee\xfe/s\x02@\x974l\
\x96b/\xd1+\x01\x80n\xd5S\x9c\x87\xf3;\x18\xcf\
I =s,r\x83\xe2\xef\x83\xe3?\xa6P\xff}\
P\xff\xd79\x01\xa0{\x1a9c\xd93$\x90\x8c\xee\
\xd0\x08\xfa\xe1N\x80!\xd4|?\xd4\xfcmN\x00\x88\
\xa1\xb1s\x8f=B\x12\x01\xe0\x0e\x09\xb2/\xb5\xc1\xfb\
b /\x18\xfe}\xd1\xbb\xef\x13\x00\x88S\x1a\xfd\x97\
r\xf9\xed\xfc\x0e\xfe\xf99\x7f\xc3\x9f8\x02\x00\x91J\
\xc3?\xfdl\xb7\xdf\x18\xc8\xefu/@\x1cG$\x03\
\xb9C\xe8\x97\xa3\xc2Lj\xba_jz\x18'\x00\xc4\
3\x08\xf2\xf8\xccA\x00\x18L\xa2\xec[\x1d\x08\xbe\x1c\
\x18\xc0\xf0\xef[\xe9\xd5\xaf\xebK\xee\x10\x00\xa0*\x83\
\xe1\x8b\xe1\xd0\xb5\xd3\xf3~\x9fo\xff\xbe\xd6+w\x08\
\x00\xf0\x8c!\xd1\x9f\xd3gZ\xfe\xf3w}\x0b\x14\x02\
\xc0\x08\x1e\x03\xe4\xa8!\xc0#\x81\x0e\x08t9\xf4\xe8\
q,\xd6H\x9aI\x1eM\xa5Mj5\x8fZ\x1d\xc7\
\x09\xc0H6X\x1e\xa7\x01\xed1\xfc\xe1>\xc3l\x02\
\xcd%\x97\x00xlj3\x97\xda\x1c\xcf\x09\x00\x8c\xe0\
4\xe0\xb0\x1e\x0c\x7f\x18Gb\x9aH\xb3\xc1\x1d\xc71\
\xa8E\xd4\xe24\x16m\x22M\x87\xef4\x9f}\xa8A\
\xbeS\x83\xd3X\xb4\x894\x1f\x9e\xd3\x84\xb6\xa1\xf6x\
N\xedMc\xd1f\xd0\x88\xb8D3Z\x87z\xe3\x12\
\xf56\x9d\x85\x9bAC\xe2\x16\x8di\x19\xea\x8c[\xd4\
\xd9t\x16n&\xcd\x89{4\xa8i\xd4\x16\xf7\xa8\xad\
y,\xde|\xa7\x1f?\xfaR_\xc3U\x9a\xd50\x06\
?C\xa9\xa9y,\xde\x024,\xc6\xd2\xb8\x9eRC\
\x8c\xa5\x86\xe6\xb3\x80\x0b\xd0\xbc\x98#\xb5\x91\xa9\x1b\xe6\
\x10\x00\xe6\xb3\x80\x0b\xd1\xccXB\xefMM\x9d\xb0\x04\
\xc3\x7f\x19\x16q!\x1a\x1bkh\xbd\xd1\xa9\x0b\xd6 \
\x00,\xc3\x22.D\xa3c\x0bGo|\xea\x80-\x08\
\x00\xcb\xb0\x88\x0b\xd2\xfc\xd8\xcb\xd6\x0d\xd1^gO\x02\
\xc02,\xe2\x824E\x8e\xee^\xe3\xb4\x879:\xc3\
\x7f9\x16rA\x9a'\xc0\xba\x04\x80\xe5\xbc\xaaW\x00\
 \x88\x00\x00\x00\x81\x04\x00\x00\x08$\x00\x00@ \x01\
\x00\x00\x02\x09\x00\x00\x10H\x00X\x88\x1f\x01\x04\xa0%\
\x02\x00\x00\xcdp\xb3\xb5\x1c\x01\x00\x00\x02\x09\x00\x00\x10\
H\x00X\x80#)\x00Z#\x00\x00@ \x01\x00\x80\
\xa68u]\x86\x000\x93\x8d\x08@\x8b\x04\x00\x00\x08\
$\x00\x00\xd0\x1c\xa7\xaf\xf3\x09\x003\xd8\x80\x00\xb4J\
\x00\x00\xa0In\xc2\xe6\x11\x00&\xb2\xf1\x00\x0e\xe1\xb7\
ze$\x01`\x9a\xdf\xeb\x15\x80\x1d\x95\x9b\xb1\xff\xd6\
\x97\x8c\xf4k\xbd2\x82\xbb\x7f\x80cy\xf7\xd7\x9f\xe6\
\xd9H\x16l$\xc3\x1f\xe0\x98\x84\x80q,\xd6\x08\x86\
?\xc0\xb1\x09\x01\xc3Y\xa8\x81\x0c\x7f\x806\x08\x01\xc3\
X\xa4\x01\x0c\x7f\x80\xb6\x08\x01\xf7Y\xa0;\x0c\x7f\x80\
6\x09\x01\xb7Y\x9c\x1b\x0c\x7f\x80\xb6\x09\x01\xd7Y\x98\
+\x0c\x7f\x80>\x08\x01\x97Y\x94\x0b\x0c\x7f\x80\xbe\x08\
\x01/Y\x90g\x0c\x7f\x80>\x09\x01OY\x8cG\x0c\
\x7f\x80\xbe\x09\x01?Y\x88\xca\xf0\x07\xc8 \x04\x9cY\
\x84\xc2\xf0\x07\xc8\x22\x04\x08\x00\x86?@\xa8\xf4\x10\x10\
\xfd\x8f7\xfc\x01\xb2%\x87\x80\xd8\x7f\xb8\xe1\x0f\xc0I\
j\x08\x88\xfcG\x1b\xfe\x00<\x96\x18\x02\xe2\xfe\xc1\x86\
?\x00\x97\xa4\x85\x80W\xf5\x1a\xc1\xf0\x07\xe0\x86\x87z\
\x8d\x90\x14\x00\xa2>X\x00\xc6)7\x89_\xea\xcb\x08\
1\xc7\x1d\xee\xfe\x01\x18\x22\xe5Q@\xc4\x09\x80\xe1\x0f\
\x00OE}\x07\x00\x008\x13\x00\x00\xe0\x91\x94S\xe3\
\xee\x03\x80\xe3\x7f\x00x\xc9\x09\x00\x00<\x93p\xf3(\
\x00\x00@ \x01\x00\x00\x02u\x1d\x00<\xff\x07\x80\xcb\
\x9c\x00\x00@ \x01\x00\x00.\xe8\xfd\x14Y\x00\x00\x80\
@\x02\x00\x00\x04\x12\x00\x00 P\xd7\x01 \xe5/:\
\x01\xc0XN\x00\x00 \x90\x00\x00\x00\x17\xf4~\x8a,\
\x00\x00@\xa0\xee\x03\x80\xef\x01\x00\xc0KN\x00\x00 \
\x90\x00\x00\x00\xcf\xbc\xfb\xeb\xcf\xd7\xf5e\xb7\x22\x02\x80\
\xc7\x00\x00\x8c\xf4\xb5^\xbb\xe5\x04\x00\x00\x02\x09\x00\x00\
\xf0H\xca\xa9qL\x00\xf0\x18\x00\x80{\xca\xacx[\
_v/\xea\x04@\x08\x00\xe0\x8eO\xf5\xda=\x8f\x00\
\x00\xa0H\xbbI\x8c\xbc#\xfe\xf8\xfe\xc3\xb7\xfa\x12\x00\
\x22O\x88c\x8f\xc4\x85\x00\x00NR\x1f\x0f\xc7\x06\x80\
\x13!\x00 [\xf2w\xc3\xa2\x03\xc0\x89\x10\x00\x90)\
\xfd\x8b\xe1\xf1\x01\xe0D\x08\x00\xc8\x92>\xfcO\x04\x80\
J\x08\x00\xc8`\xf8\x9fY\x84G\x84\x80e\x0c).\
k\x0dg\xeae[\x86\xffO\x16\xe2\x19\x856\xceR\
\xc5d\xddI2\xb7n\xd4\xcb4\x86\xffS\x16\xe3\x02\
\xc5u\xdb\x9aEd\xed\xe9U\xa9\x9b\xd3\x9f\x97]\xfc\
/\xcc\xa9\x99a\x0c\xff\x97,\xc8\x15\x8a\xea\xa5-\x0b\
\xc8\xfa\xd3\x93\xadjG\xdd\x5cf\xf8_fQnP\
Lg\xa5x\xde\x94\xcb\xe7\xf3\xbbm\xf9\x0ch\xd9^\
\x83G\xdd\xfcd\xf8_ga\xeeH/\xa4#\x15\x8f\
\xa6F\x0b\x8eR3\xea\xc5\xf0\xbf\xc7\xe2\x0c\x90ZH\
G.\x1e\xcd\x8d\xa39j\xbd\xe8_\x5cc\x81\x06J\
+\xa2V\x8aG\x10`O\xea\xe4\x98\x0c\xffa,\xd2\
\x08)E\xd4j\xf1\x08\x03l\xa1\xd4\xc7*\xdf\xe6_\
\x9b\xfe\xc5s\x16j\xa4\xde\x8b\xa8\x87\xe2\x11\x04X\x83\
\xda8>\xc3\x7f\x1c\x8b5A\xafE\xd4c\xf1\x08\x03\
\xcc\xa1&\xdaa\xf8\x8fg\xc1&\xea\xad\x88z/\x1e\
A\x801\xd4C[\x0c\xffi,\xda\x0c\xbd\x14QR\
\xf1\x08\x02\xdc\xa2\x16\xdac\xf8Og\xe1fj\xbd\x88\
\x92\x8bG\x18\xe0D\x0d\xb4\xcb\xf0\x9f\xc7\xe2-\xa0\xd5\
\x22R<?\x09\x03y\xec\xff3\xfd+\x97\x05\x5cH\
kE\xa4x.\x13\x04\xfaf\xdf_\xa6\x7fe\xb2\x88\
\x0bj\xa5\x88\x14\xcf0\xc2@\x1f\xec\xf7a\xf4\xaf<\
\x16raG/\x22\xc53\x9e \xd0&{}<\xfd\
+\x8b\xc5\x5c\xc1Q\x8bH\xf1\xcc#\x08\xb4\xc1>\x9f\
G\xff\xcaaAWr\xb4\x22R<\xcb\x10\x02\x8e\xcd\
>_\x86\xfe\x95\xc1\xa2\xae\xe8(E\xa4x\x16\xf7P\
>\xdb/\xf55\x07P\xf6\xf8\xdbr\xf9t~\xc7\x12\
\xf4\xaf\xfeY\xd8\x95\xed]D\x8ag=G\xbbKJ\
U\xf6x\x93\x7f\x9c\xa7\x05\xfaW\xdf,\xee\x06\xf6*\
\x22\xc5\xb3>!`_\x86\xff\xfa\xf4\xaf~Y\xe0\x8d\
lYD\x9a\xe2\xb6\x84\x80}\xd8\xe7\xdb\xd1\xbf\xfa$\
\x00lk\xf5g\xc7R\xf3>\x84\x80m\x19\x12\xbb\xd0\
\xbf:c\xb1w\xb0\xf4\xb0P4\xfb\x13\x00\xb6e\xcf\
\xefG\xff\xea\x87\x85\xdf\xd9\x9cbR8\xc7\x22\x04l\
\xc3\xbe?\x8e\xa9{\xdegx\x0c>\x84\x83\xb9VP\
\x0a\xa6\x0dB\xc0\xba\xd4\xc1\xb1\xe9_m\xf1\xa1\xc0\xb2\
\xfc\x8e\x80\x95\x94!\xe2g\xfdaA\xaf\xea\x15X\x86\
/\xa6\xad\xc7\xf0\x87\x059\x01\x80\x15x\x14\xb0,G\
\xc8\xb0<'\x00\x00\x10H\xaa\x86\x958\x05X\x86\xbb\
\x7fX\x87\x13\x00\x00\x08$Y\xc3\x8a\x9c\x02\xcc\xe3\xee\
\x1f\xd6\xe3\x04\x00\x00\x02\x09\x00\x00\x10\xc8\xf1\x1a\xac\xcc\
c\x80i\x1c\xff\xc3\xba\x9c\x00\x00@ \x01\x00\x00\x02\
\x09\x00\x00\x10H\x00\x00\x80@\x02\x00\x00\x04\x12\x00\x00\
 \x90\x00\x00\x00\x81\x04\x00\x00\x08$\x00\x00@ \x01\
\x00\x00\x02\x09\x00\x00\x10H\x00\x00\x80@\x02\x00\x00\x04\
\x12\x00\x00 \x90\x00\x00\x00\x81\x04\x00\x00\x08$\x00\x00\
@ \x01\x00\x00\x02\x09\x00\x00\x10H\x00\x00\x80@\x02\
\x00\x00\x04\x12\x00\x00 \x90\x00\x00\x00\x81\x04\x00\x00\x08\
$\x00\x00@ \x01\x00\x00\x02\x09\x00\x00\x10H\x00\x00\
\x80@\x02\x00\x00\x04\x12\x00\x00 \xd0\xaf\xf5\x0a\xac\xe8\
\xe3\xfb\x0f\xdf\xeaK\x06x\xf7\xd7\x9fz\x13\xac\xcc\x09\
\x00\x00\x04\x12\x00\x00 \x90\x00\x00\x1c\x8a\xe3\x7f\xd8\x86\
\x00\x00\x1b0\xd4\x80\xa3\x11\x00\x80\xc3\x10\x94`;\x8a\
\x0d6\xe4\xa7\x01\xae3\xfca[N\x00`Ce\xc8\
\xbd\xae/y\xa4\xac\xcb\x9b\xfa\x12\xd8\x88\x00\x00\xdb\xfa\
Z\xafTe\xf8\xbf-\x97\xcf\xe7w\xc0V\x04\x00\xd8\
\x98\xa3\xee\x9f\xcaZ\xfcQ.\x9f\xce\xef\x80-iD\
\xb0\x93\xf4\xef\x03\xd4;\x7f\xc3\x1fv\x22\x00\xc0\x8eR\
C@\x19\xfe\xa7\xefBx\x1c\x02;\x12\x00\xe0\x00\x92\
\x82\x80G p\x0c\x0a\x11\x0e\xa2\xf7\x10\xe0\xae\x1f\x8e\
E\x00\x80\x03\xea)\x0c\xb8\xe3\x87#\xfa\xe5\x97\xff\x07\
u\x0cO8\xcf\xe3a\xf6\x00\x00\x00\x00IEND\
\xaeB`\x82\
\x00\x00\x12U\
\x89\
PNG\x0d\x0a\x1a\x0a\x00\x00\x00\x0dIHDR\x00\
\x00\x02\x00\x00\x00\x02\x00\x08\x06\x00\x00\x00\xf4x\xd4\xfa\
\x00\x00\x00\x01sRGB\x00\xae\xce\x1c\xe9\x00\x00\x00\
\x04gAMA\x00\x00\xb1\x8f\x0b\xfca\x05\x00\x00\x00\
\x09pHYs\x00\x00\x0e\xc3\x00\x00\x0e\xc3\x01\xc7o\
\xa8d\x00\x00\x11\xeaIDATx^\xed\xdd\xbd\xaa\
$\xc7\x19\x80a\xc9\x9c\x85\x15h\xc1\xc1\x0a\x1c\xc8\x81\
A\xa9s_\x82o\xc2\x97\xe2;\xf2\xe58p\xa0P\
`\x83\x05\x0e\xb4\xe0\x85]\xb0k4\xbd\xff5\xd5\x7f\
\xd5\xddU\xf5=\x0f\x98\x99\x93\x08\xdc3\xf3\xd5\xdbU\
s\xce~\x05\x00\x00\x00\x00\x00\x00\x00\x00\x00\x00\x00\x00\
\x00\x00\x00\x00\x00\x00\x00\x00\x00\x00\x00\x00\x00\x00\x00\x00\
\x00\x00\x00\x00\x00\x00\x00\x00\x00\x00\x00\x00\x00\x00\x00\x00\
\x00\x00\x00\x00\x00\x00\x00\x00\x00\x00\x00\x00\x00\x00\x00\x00\
\x00\xeb}==\xd2\xb9\x9f\xbf\xff\xe1\x7f\xd3\xd3\xa2\x97\
?\xfd\xe85\x07@\x00\xf4`\xe9\xe2^\x83@\x00\x88\
\xc1\xb0o\xd7o\xd3\xc2\xff\x9f\xe9\xf9\xe5\x84\x01\xc0X\
\x0c\xf5F\x9dy\xd7\xbf\x870\x00\xe8\x93\xe1\xdd\xb0^\
\x22 G\x18\x00\xb4\xcd\x90\xee@\xcf!\xf01Q\x00\
\xd0\x0e\x03\xb9#\xa3\x84\xc0;\x82\x00\xe0:\x06p\xa7\
F\x8b\x81\x1bA\x00p\x1e\x03\xb7s#\x86\xc0;\x82\
\x00\xe08\x06\xec F\x0e\x81\x9b\x14\x03\xcf\xd2\xc3\xdb\
\xfbO\x00\xec%\x00\x063z\x08\xbccw\x00`\x1f\
CtPQB\xe0\x1dA\x00\xb0\x8e\xa19\xb8h!\
p#\x06\x00\xe6\x19\x94AD\x0c\x81\x1b1\x00\x90g\
8\x06#\x04\x00\xb81\x14\x83\x8a\x1a\x027b\x00@\
\x00\x84\x179\x04n\xc4\x00\x10\x95\xe1\xc7\xaf\xa2\x87\xc0\
\x8d\x18\x00\x221\xf0\xf8\xd8S\x0a\x817\xd3\xf3\xb0\x84\
\x00\x10\x81A\xc7\x17\xec\x06\xdc\xa5\x10\xf0\xd7\x07\x81a\
\x09\x00\x1e\x12\x02\x1f\xd8\x15\x00Fc\xa81K\x08|\
 \x04\x80Q\x18f,\x22\x02>%\x04\x80\xde\x19b\
\xac\x22\x04>%\x04\x80^\x19^l\x22\x04\xbe$\x06\
\x80\x9e\x18Xl&\x02\xbe$\x02\x80^\x18V\xec&\
\x04\xbe$\x04\x80\xd6\x19R\xd4\xe2\x8f\x08e\x08\x01\xa0\
U\x86\x13U\xd9\x0d\xc8\x13\x02@k\x0c%\x0e!\x04\
\xf2\x84\x00\xd0\x8a\xdfL\x8fP\x95\x85.o\x0a\xa3\xa7\
\xfbO\x00\xd71\xa49\x9a\xef\x06<\x90\x22\xc9\xbf5\
\x00\x5cF\x00p\x0aG\x02\x8f\xd9-\x01\xae`\xf0p\
&\xbb\x01\x05B\x008\x93\x81\xc3\xe9\xec\x06<&\x02\
\x80\xb3\x186\x5cB\x04\x94\x09\x01\xe0h\x86\x0c\x97\x12\
\x02\x8f\x89\x00\xe0H\x06\x0c\x97\x13\x01eB\x008\x82\
\xc1B+|A\xb0@\x04\x00\xb5\x19*4\xc5n@\
\x99\x10\x00j1Lh\x8e\x08(\x13\x01@\x0d\xfe\x14\
0\xcd\xb1\xc0\x95M\x81\xf4\xfc\xfe\x13\xc06\x06-M\
\xb3\x1bP&\x96\x80\xad\x0c\x0f\x9a'\x02\xcaD\x00\xb0\
\x85#\x00\x9ag\x81+s$\x00la\xb0\xd2\x0d;\
\x01\xf3\xc4\x12\xb0\x94aAo\xfc\xbd\x80\x19\x22\x00X\
\xc2\xa0\xa0Kv\x03\xcaD\x000\xc7w\x00\xe8\x92\x05\
\xae\xcc\xf7\x02\x809\x86(]\xb3\x130O,\x019\
\x06\x03\xdd\x13\x01\xf3D\x00\xf09C\x81Q\xbcL!\
\xf0\xef\xe99\x19\x22\x00\xf8\x98\x81\xc0H\xbeM\x11\xf0\
\xcb\xf4\x9c\x0c\x11\x00\xbcc\x180\x1a\xbf&8C\x04\
\x007~\x0b\x80\xd1\xbcM\x0b\xdc7\xd3s2\xa6\xef\
L<\xdd\x7f\x02\xa2r'\xc0\xb0|9\xb0\xccN\x00\
\xc4f\x07\x80aY\xe0\xca\xec\x04@l\x06$\xc3\xb3\
\x13P\x96B\xe9Yzx{\xff\x09\x88B\x00\x10\x82\
\x08(\x13\x01\x10\x8f\x00 \x0c\x11P&\x02 \x16\x01\
@(\x22\xa0L\x04@\x1c\x02\x80pD@\x99\x08\x80\
\x18\x04\x00!\x89\x80\xb2\x14\x01f\x03\x0c\xce\xaf\x01\x12\
\xd2t\x97\xcb\x03\x02\x09\xc6'\x00\x88\xca_\x0c\x9c!\
\x02`l\x02\x80\xc8^\xa7\x08x1='C\x04\xc0\
\xb8\x04\x00\xd1\xbd\x9a\x1ey@\x04\xc0\x98|\xd1\x07\x12\
\x8b\xdc<_\x0c\x84\xb1\xf8@\xc3D\x04\xcc\x13\x010\
\x0eG\x000\xb1\xb8-\xf2rz\x04:g\xe0\xc1g\
\xec\x04\x94\xa5P\xf2\x87\x82`\x00\x02\x002D@\x99\
\xdd\x12\xe8\x9f#\x00\xc8H\x0b\x9c\xbf\x11P \x90\xa0\
\x7f\x02\x00\xf2^O\x8f< \x02\xa0o\xb6\xf1\xa0\xc0\
\x227\xcfq\x00\xf4\xc9\x0e\x00\x14X\xdc\x16y\x9a\x1e\
\x81\x8e\x18n\xb0\x80\x9d\x802\xa1\x04\xfd\xb1\x03\x00\x0b\
\xf8R`\x99@\x82\xfe\x08\x00X\xc6\x97\x02g\x88\x00\
\xe8\x8b\x00\x80\x85ls/\xe2\xfb\x00\xd0\x09\x03\x0dV\
r\xa7[&\x94\xa0\x0fv\x00`%\xdf\x07(\x13H\
\xd0\x07\x01\x00\xeb\xf9>\xc0<G\x01\xd08[u\xb0\
\x91;\xdd2G\x01\xd06\x1fP\xd8A\x04\x94\x89\x00\
h\x97#\x00\xe0H\x8e\x02\xa0Q\xea\x1cv\xb2\x0bP\
f\x17\x00\xda\xe4\x83\x09\x15\x88\x802\x11\x00\xedq\x04\
\x00\x9c\xc1Q\x004F\x95C%v\x01\xca\xec\x02@\
[| \xa1\x22\x11P&\x02\xa0\x1d\x8e\x00\x00  \
5\x0e\x95\xd9\x05(\xb3\x0b\x00m\xb0\x03\x00\x9c\xcd\x17\
\x02\xa1\x01J\x1c\x0e`\x17\xa0\xcc.\x00\x5c\xcf\x87\x10\
\x0e\x22\x02\xcaD\x00\x5c\xcb\x11\x00\x00\x04\xa4\xc0\xe1@\
v\x01\xca\xec\x02\xc0u\xec\x00\x00@@\xea\x1b\x0ef\
\x17\xa0\xcc.\x00\x5c\xc3\x0e\x00\x00\x04\xa4\xbc\xe1\x04v\
\x01\xca\xec\x02\xc0\xf9\xec\x00\x00@@\xaa\x1bNb\x17\
\xa0\xcc.\x00\x9c\xcb\x0e\x00\x00\x04\xa4\xb8\xe1Dv\x01\
\xca\xec\x02\xc0y\xec\x00\xc0\x89\xd2\x02\xf7\xcd\xf4\x14\xe0\
R\x02\x00\xce\xf5zz$\xc3\x0e\x09\x9cG\x00\xc0\xc9\
ls\x03-\x10\x00@S\xec\x02\xc09\x04\x00\x00\x04\
d+\x12.\xe2N\xb7\xccQ\x09\x1c\xcb\x0e\x00\x00\x04\
\xa4\xb0\xe1Bv\x01\xca\xec\x02\xc0q\xec\x00\x00@@\
\x02\x00.\xe4\x0e\x17\xb8\x8a\x00\x00\x9a\xe5\x88\x04\x8e#\
\x00\x00  \xdb\x8f\xd0\x00w\xbae\x8eJ\xa0>;\
\x00\x00\x10\x90\x00\x80\x06\xb8\xc3\x05\xce&\x00\x80\xe69\
\x22\x81\xfa\x04\x00\x00\x04$\x00\xa0\x11\x8e\x01\x803\x09\
\x00\xa0\x0b\x8e\x01\xa0.\x01\x00\x00\x01\xd9r\x84\xc6\xb8\
\xd3-sT\x02u\xd8\x01\x00\x80\x80\x04\x00\x00\x04d\
+\x0d\x1a\xe4\x18\xa0\xcc1\x00\xecg\x07\x00\x00\x02\x12\
\x00\x00\x10\x90\x00\x80\x06\xd9\xe2\x9e\xf54=\x02\x1b\x09\
\x00\xa0;?\x7f\xff\xc3\x9b\xe9)\xb0\x91\x00\x00\x80\x80\
\x04\x00\x00\x04\xe4\x9c\x11\x1a\xe6\xd7\x01\xcb|W\x02\xb6\
\xb3\x03\x00\x00\x01\x09\x00\x00\x08H\x00\x00\xddrD\x02\
\xdb\x09\x00h\x983n\xe0(\x02\x00\x00\x02\x12\x00\x00\
\x10\x90\x00\x00\xba\xe6{\x00\xb0\x8d\x00\x80\xc6\xf9\x1e\x00\
p\x04\x01\x00\x00\x01\x09\x00\x00\x08H\x00\x00\xdd\xf3=\
\x00XO\x00\x00@@\x02\x00:\xe0\x8b\x80@m\x02\
\x00\x00\x02\x12\x00\xc0\x10|\x0f\x00\xd6\x11\x00\x00\x10\x90\
\x00\x00\x80\x80\x04\x00\x00\x04$\x00\xa0\x13~\x13\x00\xa8\
I\x00\x00@@\x02\x00\x18\x86\xdf\x04\x80\xe5\x04\x00\x00\
\x04$\x00\x00  \x01\x00\x00\x01\x09\x00\x00\x08H\x00\
\x00@@\x02\x00\x18\x8a\xdf\x04\x80e\x04\x00\x00\x04$\
\x00\xa0#\xfe\x1a P\x8b\x00\x00\x80\x80\x04\x00\x00\x04\
$\x00\x00  \x01\x00\x00\x01\x09\x00`8~\x15\x10\
\xe6\x09\x00\x00\x08H\x00\x00@@\x02\x00\x00\x02\x12\x00\
\x00\x10\x90\x00\x00\x80\x80\x04\x00\x00\x04$\x00\x00  \
\x01\x00\x00\x01\x09\x00\x00\x08H\x00\x00C\xf2\xd7\x00\xa1\
L\x00\x00@@\x02\x00\x00\x02\x12\x00\x00\x10\x90\x00\x00\
\x80\x80\xbe\x9e\x1e\x81N\xf8r\xdbr/\x7f\xfa\xf1\xd4\
\x19\xe7\xb5\xd9\xef\xec\xd7,2\x17\x1a:c\x91Y\xee\
\xe8\xc5\xc4kq<Ap\x1c\x17\x16:c\xd1Y\xee\
\xa8\xc5\xc3kp>!P\x9f\xef\x00\x00,\xf7d\xf1\
\xbf\xc6\xed\xba\xbb\xf6u\x09\x00\x80\x05\xa6\x05\xe8\xcd\xf4\
#\x17\x11\x01\xf5\x08\x00\x80\x19\x16\x9d\xb6x=\xea\x10\
\x00\xd0\x11\x83\xef|\xaey\x9b\xbc.\xfb\x09\x00\x80\x07\
,2m\xf3\xfa\xec#\x00\x002,.}\xf0:m\
'\x00\x00>cQ\xe9\xce\xd3\xf4\xc8\x0a\x02\x00\xe0S\
\x16\x93\xce\xa4`\xf3\xdb\x19\x1b\x08\x00\x80\x8fXL\xfa\
d\xd7f=\x01\x000\xb1\x88\x10\x89\x00\x00`\x08\x02\
n\x1d\x01\x00\x90X<\x88F\x00@',P\xc7z\
\xf9\xd3\x8f\x7f\x99\x9e\xd21\x9f\x93\xe5\xfc\xebJ\xd0\x09\
\x83m=\xff\x82\xdc>\xbd\xbe\xe7\xbc\xee\xcb\xd8\x01\x00\
\xe0\x0b\x82s|\x02\x00\x80\xf7n\x0b\x7f\xef\x8b\xbfx\
YF\x00\x00\xf0+\x0bg,\x02\x00 \xb8\x11\xee\xfa\
YO\x00@\x07\x0cg\x8e2\xea{\xcbgf\x9e\x00\
\x00\x88\xe9[\x8bdl\x02\x00 \x98\xdb\xc2\x9f\xfe\xf7\
\xcb\xf4#A\x09\x00\x808\x9e\xdc\xf5\xf3\x8e?\x96\xc0\
\xd0\x0c;zt\xc4\x1f\xb2\x89\xfaY\xf0G\x81\x1e\xb3\
\x03\xc0\xa8\xfed\xf1\xa7W\xd3{\xf7\xcf\xf7\x9fvs\
\xd7O\x962bd\xbfK\x83\xef\x9f\xd3s\xe8F\xba\
k\xfdcz\xf8\xfb\xfd\xa7\xed,\xfcv\x00J\xec\x00\
0\xb2\x7f\xf9\xf0\xd3\x9b\xf4\x9e}\x96\x1e,\xfe\x1c\xce\
p$\x04\xc3\x90\x1e\xd4\x08V\xef\xf5O\xb9\x09x\xcc\
\x85!\x14\xc3\x91\x16Mw\xfdo\xef?m\xe7\xfd\xfd\
%\x01\xf0\x98\x0bC8\x86$-q\xd7\x7f,\x01\xf0\
\x98\x0bCX\x86&WJ\x0b\xd3\x8b\xf4\xf0\xea\xfe\xd3\
v\xde\xc7\xf3D@\x9e\x8bBh\x86'Wp\xd7\x7f\
.\x01\x90\xe7\xa2@b\x98r\x16\x8b\xff\xf9\x04@\x9e\
\x8b\x02\x13C\x95#Y\xf8\xaf#\x00\xf2\x5c\x14\xf8\x8c\
!Km\x16\xffk\x09\x80<\x17\x052\x0c[j\xb0\
\xf0\xb7A\x00\xe4\xb9(P`\xf8\xb2\x95\xc5\xbf\x1d\x02\
 \xcf\x9f\x02\x86\x02\x83\x83\xb5n\xef\x99\x0a\xef\x1b\xff\
\x80\x0f\x873\xdc`!\x03\x999\xee\xfa\xdb$\xe4\xf3\
\xec\x00\xc0B\x86\x08\x8fT\xba\xeb\x7fn\xf1\xe7L\x06\
\x1al`P\xf3\x8e\xbb\xfe\xf6\x89\xf7<;\x00\xb0\x81\
\x81Bz\x0f<\xab\xf0>p\xd6\xcfe\x0c1\xd8\xc9\
\x00\x8f\xc7]\x7f_\x04{\x9e\x8b\x02u\xdc\xceo\xff\
;=gP\xb7\xbb\xfe\xf4\xe0\x9f\xed\xed\x8c\x00\xc8s\
Q\xa0\x22\x83}\x5c\xee\xfa\xfb%\x00\xf2\x5c\x14\xa8\xcf\
n\xc0@\xdc\xf5\xf7O\x00\xe4\xb9(\xbcg@}\xe0\
n\x8f\x1b\xef\x831\x08\x80<\x17\x05\x03\xea\x81JC\
\xc3n@\x87\xd2k\xff\x22=\xbc\xba\xff\xb4\x9d\xcfV\
\x1b\x04@\x9e\x8b\x12\x9b\xc5i\x01w\x81\xb1x\xbd\xc7\
#\x00\xf2\x5c\x94\xa0\x0c\xa8u*\x0d\x10\xc1\xd5\xb0\xf4\
\x1a\x7f\x97\x1e~\xbe\xff\xb4\x9d\xcfV{\x04@\x9e\x8b\
\x12\x90\x01\xb5\x9d\xbb\xc31y]\xc7&\x00\xf2\x5c\x94\
`\x0c\xa9\xfdj\x0d\x13\xafE\x1b,\xfe\xe3\x13\x00y\
.J0\x06U=\x16\x8e\xbey\xfd\xe2\x10\x00y.\
J \x86U}\xb5\x06\x8b\xd7\xe6\x5c\x16\xffX\x04@\
\x9e\x7f\x0c\x08v\xb8-\x025\x16\x02\x03\xea\x1c\xb7\xeb\
\x5c\xe1Z\xdf\xbe\xcci\xf1\xa7{\x86N\x10\x06\xd6\xf1\
j-\xe2^\xabc\xd4x}\xbc6}\x12\xd8yv\
\x00\xa0\x92\xdb\xe2Pc\x810\xac\xeaJ\xd7\xb3\xc6?\
\xdb\xeb\xae\x9f\xe1\x184\x01\x18\x5c\xe7\xab\xb5\x88{\xed\
\xf6\xa9\xf1:x\x0d\xfa'\xaa\xf3\xec\x00\xc0\x01n\x8b\
F\x8d\x85\xc3\xe0\xda&]\xb7\x1aw\xfdO\x16\x7fF\
f\xb8\x04`\x88]\xab\xd6\x22\xeeu\x5c\xa6\xc6\xf5v\
\xad\xc7\x22\xa4\xf3\xec\x00\xc0\xc1n\x8bI\x8d\x05\xc5\x10\
+K\xd7\xe7\x85\xc5\x1f\x963P\x020\xd0\xda\x91\x16\
(\xff\xb6\xfc\x01,\xfc\x94\x88\xe7<;\x00p\xa2\xb4\
\xc8\xbc\xa9\xb1\xd0\x18hw\xe9:\xb8\xeb\x87\x8d\x0c\x91\
\x00\x0c\xb76\xa5\x85\xcbn\xc0\x0e\x16~\x96\x12\xccy\
v\x00\xe0\x22i\xf1\xb1\x1b\xb0\x91\xc5\x1f\xf6SE\x01\
\x18t\xed\xb3\x1b\xb0\x8c\x85\x9f-\xec\x00\xe4\xd9\x01\x80\
\x06\xa4E\xc9n\xc0\x0c\x8b?\xd4\xa5\x8a\x020\xf4\xfa\
b7\xe0S\x16~\xf6\xb2\x03\x90g\x07\x00\x1a\x93\x16\
+\xbb\x01\x13\x8b?\x1cG\x15\x05`\x00\xf6+\xean\
\x80\x85\x9f\x9a\xec\x00\xe4\xd9\x01\x80\x86\xa5E,\xdcn\
\x80\xc5\x1f\xce\xa1\x8a\x020\x0c\xc71\xf2\xe2\x98\xfe\xbf\
\xed\xde\xed\xf0^'\xc7\x0e@\x9e\x1d\x00\xe8H\xad\xdd\
\x80i\xb1m\xc64\xa0-\xfep\x22U\x14\x80\xc18\
\xa6\x1aw5W\xbf7\xa6\x10\xb1\xf0s\xa8\x1a\x9f\x95\
\x11\xd9\x01\x80N\xf5\xbe\x1b0\x0de\x8b?\x5cD\x15\
\x05`H\x8e\xaf\xc6\x1d\xceY\xef\x93)8,\xfc\x9c\
\xa6\xc6\xe7cDv\x00`\x00\x15w\x03\x0e\x1d\x94\xd3\
\x7f\xdf\xe2\x0f\x0d\x10\x00\x01\xa4\xa1\xfb\xcd\xf4\x94A\xa5\
\xd7\xf8\x0f\xd3\xd3\xdd\x8e\x88\x80\xf4\xdf|V\xeb\xbf\x9b\
\xfe;\xbf\x9f\x9e\x02;\xd8\x16\x01\x1e\xaa\xb5\xb30=\
\xe5bQwO\xbc\x07\xf3\x5c\x14\xa0h\xeb\xa2\x91\x86\
\xee\x8b\xf4\xf0\xea\xfe\x13-\x8a\x12\x04\x02 \xcfE\x01\
\x16Y\xb3X\x18\xb8}\x19=\x04\xbc\x1f\xf3\x5c\x14`\
\xb1\xb9\x85\x22\x0d\xda\xdb\xf7M^\xdf\x7f\xa27\xa3\x86\
\x80\x00\xc8sQ\x80\xd5r\x0b\x85!;\x94\xa7\xf4\x1a\
\xbf\x99\x9ew\xcf{3\xcfo\x01\x00\xab}<P\xd3\
\xf3\x17\x06\xecp\xdezM\xc7\xe7\x05\x06\xa0\xa8\xf7\xa3\
\x011\x93g\x07\x00\x80\x22\x0b\xe8\x98\x04\x00\x00\xb3D\
\xc0x\x04\x00\x00\x8b\x88\x80\xb1\x08\x00\x00\x16\x13\x01\xe3\
\x10\x00\x00\xac\x22\x02\xc6 \x00\x00XM\x04\xf4\xcf\x0b\
\xb8\xd1\xa8\x7f1\x0br\xb6\x0c{\x9f\x916\x1c\xbdP\
\xf7\xf0:\x8b\x95<\x17e\x05\x03\x8d\xc8\xd2\x10}\x96\
\x1ef\xff-\x7f\x9f\x93\xb6\xd5^\x0c\x05@\xbf\x5c\x94\
\x85\x0c5\xb8+\x0dS\x9f\x93~\xd4\x5c\x14[\x7f\xdd\
\x05@\x9e\xef\x00,`\xa8\xc1\x07\xd3\xe7\xe1\xf9\xfd\xa7\
\xf7\x9e\xfb\x9c\xf4\xe5\xf6zy\xcdbSE3|@\
\xe0\xb1\xdb\x9d\x95\xcfH\xffj\xdc!\xb7\xfc>\xb0\x03\
\x90g\x07\xa0\xc0`\x832\x9f\x911x\x1dc\x12\x00\
\x00\xbc\x8b\x80\xa7\xfbO\xeb\xb9\xcb\xee\x8f\x00x@\x11\
\x03\xd1\xa4\xb9\xf7fzJ\x00\x02\x00\x80\xf7\xdc\xfc\xc4\
!\x00\x00\xf8\xc4\xd6\x08p\x0c\xd0\x17\x01\xf0\x8072\
\x00#\x13\x00\x00\x10\x90\x00\x00\xe0\x0b\x8e\x01\xc6'\x00\
\x00  \x01P\xa0d\x01\x18\x95\x00\x00 \xcb1\xc0\
\xd8\x04\x00\x00\x04$\x00f(Y\x00F$\x00\x00x\
\xc81\xc0\xb8\x04\x00\x00\x04$\x00\x16P\xb2\x00\x8cF\
\x00\x00P\xe4\x18`L\x02\x00\x00\x02\x12\x00\x0b)Y\
\x00F\x22\x00\x00\x98\xe5\x18`<\x02\x00\x00\x02\x12\x00\
+(Y\x00F!\x00\x00X\xc41\xc0X\x04\x00\x00\
\x04$\x00VR\xb2\x00\x8c@\x00\x00\xb0\xd8\xd6c\x00\
\xda#\x00\x008\x9c\xdd\xd3\xf6\x08\x80\x0d\xbc\x91\x01\xe8\
\x9d\x00\x00`\x15\xc7\x00c\x10\x00\x00\x9c\xc2\xeei[\
\x04\xc0F\xde\xc8\x00\xf4L\x00\x00\xb0\x9ac\x80\xfe\x09\
\x00\x00Nc\xf7\xb4\x1d\x02`\x07od\x00z%\x00\
\x00\xd8\xc41@\xdf\x04\x00\x00\xa7\xb2{\xda\x06\x01\xb0\
\x9372\x00=\x12\x00\x00l\xe6\x18\xa0_\x02\x00\x80\
\xd3\xd9=\xbd\x9e\x00\xa8\xc0\x1b\x19\x80\xde\x08\x00\x00v\
q\x0c\xd0'\x01\x00\xc0%\xec\x9e^K\x00T\xe2\x8d\
\x0c@O\x04\x00\x00\xbb9\x06\xe8\x8f\x00\x00\xe02v\
O\xaf#\x00\x00  \x01P\x91\x92\x05\xa0\x17\x02\x00\
\x80*\xb6~\x0f\xc0\xcd\xd35\x04\x00\x00\x04$\x00*\
S\xb2\x00\xf4@\x00\x00P\x8dc\x80~\x08\x00\x00\x08\
H\x00\x1c@\xc9\x02\xd0:\x01\x00@U\x8e\x01\xfa \
\x00\x00  \x01p\x10%\x0b@\xcb\x04\x00\x00\xd59\
\x06h\x9f\x00\x00\x80\x80\x04\xc0\x81\x94,\x00\xad\x12\x00\
\x00\x1c\xc21@\xdb\x04\x00\x00\x04$\x00\x0e\xa6d\x01\
h\x91\x00\x00\xe00\x8e\x01\xda%\x00\x00  \x01p\
\x02%\x0b@k\x04\x00\x00\x87r\x0c\xd0&\x01\x00\x00\
\x01\x09\x80\x93(Y\x00Z\x22\x00\x008\x9cc\x80\xf6\
\x08\x00\x00\x08H\x00\x9cH\xc9\x02\xd0\x0a\x01\x00\xc0)\
\x1c\x03\xb4E\x00\x00@@\x02\xe0dJ\x16\x80\x16\x08\
\x00\x00N\xe3\x18\xa0\x1d\x02\x00\x00\x02\x12\x00\x17P\xb2\
\x00\x5cM\x00\x00p\xaa\xad\xc7\x00\xd4%\x00\x00\xe8\x82\
\xdd\xd3\xba\x04\xc0E\xbc\x91\x01\xb8\x92\x00\x00\xe0t\x8e\
\x01\xae'\x00\x00\xe8\x86\xdd\xd3z\x04\xc0\x85\xbc\x91\x01\
\xb8\x8a\x00\x00\x80\x80\x04\x00\x00\x97\xf0W\x01\xaf%\x00\
.\xe6\x8d\x0c\xc0\x15\x04\x00\x00\x04$\x00\x00\xb8\x8cc\
\x80\xeb\x08\x00\x00\x08H\x004@\xc9\x02p6\x01\x00\
\xc0\xa5\x1c\x03\x5cC\x00\x00@@\x02\xa0\x11J\x16\x80\
3\x09\x00\x00.\xe7\x18\xe0|\x02\x00\x00\x02\x12\x00\x0d\
Q\xb2\x00\x9cE\x00\x00\xd0\x04\xc7\x00\xe7\x12\x00\x00\x10\
\x90\x00h\x8c\x92\x05\xe0\x0c\x02\x00\x80f8\x068\x8f\
\x00\x00\x80\x80\x04@\x83\x94,\x00G\x13\x00\x004\xc5\
1\xc09\x04\x00\x00\x04$\x00\x1a\xa5d\x018\x92\x00\
\x00\xa09\x8e\x01\x8e'\x00\x00  \x01\xd00%\x0b\
\xc0Q\x04\x00\x00Mr\x0cp,\x01\x00\x00\x01\x09\x80\
\xc6)Y\x00\x8e \x00\x00h\xd6\xdec\x007Q\x8f\
\x09\x00\x00\x86\x94\x16\xff\xbfNO\xc9\x10\x00\x1dP\xb0\
\x00\x9b\xfcmz$C\x00\x00\xd0\xb4\xad\xc7\x00\xc9?\
\xa6G2\x04\x00\x00\x04$\x00:\xe1\x18\x00\x80\x9a\x04\
\x00\x00\xcd\xdbq\x0c\xc0\x03\x02\x00\x00\x02\x12\x00\x1dq\
\x0c\x00@-\x02\x00\x80.8\x06\xa8K\x00\x00@@\
\x02\xa03\x8e\x01\x00\xa8A\x00\x00\xd0\x0d\xc7\x00\xf5\x08\
\x00\x00\x08H\x00t\xc81\x00\x00{\x09\x00\x00\xba\xe2\
\x18\xa0\x0e\x01\x00\x00\x01\x09\x80N9\x06\x00`\x0f\x01\
\x00@w\x1c\x03\xec'\x00\x00  \x01\x00\x00\x01\x09\
\x80\x8e\xf9\x1e\x00\x00[\x09\x00\x00\xba\xe4{\x00\xfb\x08\
\x80\xce\xd9\x05\x00`\x0b\x01\x00\x00\x01\x09\x00\x00\xba\xe5\
\x18`;\x01\x00\x00\x01\x09\x80\x01\xf8\x1e\x00\x00k\x09\
\x00\x00\xba\xe6\x18`\x1b\x01\x00\x00\x01\x09\x80A8\x06\
\x00`\x0d\x01\x00@\xf7\x1c\x03\xac'\x00\x00  \x01\
0\x10\xc7\x00\x00,%\x00\x00\x18\x82c\x80u\x04\x00\
\x00\x04$\x00\x06\xe3\x18\x00\x80%\x04\x00\x00\xc3p\x0c\
\xb0\x9c\x00\x00\x80\x80\x04\xc0\x80\x1c\x03\x000G\x00\x00\
0\x14\xc7\x00\xcb\x08\x00\x00\x08H\x00\x0c\xca1\x00\x00\
%\x02\x00\x80\xe18\x06\x98'\x00\x00  \x0100\
\xc7\x00\x00<\x22\x00\x00  \x0108\xbb\x00\x00\xe4\
\x08\x80\x00D\x00\x00\x9f\x13\x00A\x88\x00\x00>fQ\
\x08\xc6\xaf\xc6\x00\x11\xb8\xe9\x99g\x07 \x18\x1f\x0a`\
ti\xce\xbd\x98\x9eR`1\x08\xccn\x000\x9a\xb4\
\xf8\x7f\x97\x1e~\xbe\xffD\x89\x00\x08N\x04\x00\xa3\xb0\
\xc3\xb9\x8e\x8b\xc5{b\x00\xe8QZ\xf8\x9f\xa5\x87\xb7\
\xf7\x9fXJ\x00P$\x0a\x80\x16\xb9\xdb\x07\x00\x00\x00\
\x00\x00\x00\x00\x00\x00\x00\x00\x00\x00\x00\x00\x00\x00\x00\x00\
\x00\x00\x00\x00\x00\x00\x00\x00\x00\x00\x00\x00\x00\x00\x00\x00\
\x00\x00\x00\x00\x00\x00\x00\x00\x00\x00\x00\x00\x00\x00\x00\x00\
\x00\x00\x00\x00\x00\x00\x00\x00\x00\x80\x0b|\xf5\xd5\xff\x01\
\xee\xc8>\x0e\xdf\xf1\xf5\xa5\x00\x00\x00\x00IEND\
\xaeB`\x82\
\x00\x00\x03\xa2\
\x89\
PNG\x0d\x0a\x1a\x0a\x00\x00\x00\x0dIHDR\x00\
\x00\x00b\x00\x00\x00Z\x08\x06\x00\x00\x00C\x8c\x83\xce\
\x00\x00\x00\x01sRGB\x00\xae\xce\x1c\xe9\x00\x00\x00\
\x04gAMA\x00\x00\xb1\x8f\x0b\xfca\x05\x00\x00\x00\
\x09pHYs\x00\x00\x0e\xc3\x00\x00\x0e\xc3\x01\xc7o\
\xa8d\x00\x00\x037IDATx^\xed\x9c1\x8e\
\x13A\x10E\xc7\x5ca\x0d\xc9:t\x08\x11\xa7@\x02\
\x89\x04\x8e\x80D\xcaE8\x00Gp\xc8\xdea\x13\x02\
$\x08\x1d\x9a\x00\xc9+q\x03\xf3KS\x8d,\xe3m\
\xc0\xd3\xd5\xfd{\xf8OZM\xd7ZkO\xefs\xd7\
T\xb9\xad\x19\x84\x10G,\xfc\xd8\x94\xfdj}\xf0a\
u\x96\xbb-\xc5\xff\xe0\x81\x1fEc$\x82\x04\x89 \
A\x22H\x90\x08\x12$\x82\x04\x89 A\x22H\x90\x08\
\x12$\x82\x04\x89 A\x22H\x90\x08\x12$\x82\x04\x89\
 A\x22H\x90\x08\x12$\x82\x04\x89 A\x22H\x90\
\x08\x12$\x82\x04\x89 A\x22H\x90\x08\x12$\x82\x04\
\x89 A\x22H\x90\x08\x12$\x82\x04\x89 A\x22H\
\x90\x08\x12$\x82\x04\x89 A\x22H\x90\x08\x12$\x82\
\x04\x89 A\x22H\x90\x08\x12$\x82\x84b\xb7?\xd8\
\xaf\xd6\x1fqx>F\xff\x0d7\xcb\xdd\xf6\x85\x8f'\
Q\xf4>\x14\x90\xb1\xc7\xe1j\x8cf\xcf\x1d$,}\
<\x99\xa2\xa9iq\x18\x8a\xbc;z\xa0\xf4\x5c\x8b\x8a\
\xb8\xfa\xb6\xbd=,\x86\xf7\x1e\xce\x16\x9b\xa3\xcd\xd5\xc3\
\x22\x84\xdc\x22\x07)\xea;\x0e\x8f\xc6hv|EJ\
z\xe2\xe3b\x84TMX\xb6O}8;0\xb7g\
>,J\x88\x08,\xdb\x1dN\xf8\x9d\x87\xb3\xc1\xe6d\
s\xf3\xb0(\xa1w\xef\x9aYI[\xacT=G\xa8\
\x88\xbb\xeb\xf5\x0a\x17\xb6\xcf\x18v_\xd2F\xdfr.\
\xb4\xb3\xf6\x14\xf5\xd6\xc3n\xc1\x1c^\xfb0\x8cP\x11\
\x06dlp\xb8\x19\xa3\xfe\xf0R\xd5\xe6\x10J\xe8r\
;\xa6\xd3\xae\xbbh\xf7\x9c#|E$\xb0\xbc\xbb\xeb\
\xbak\x9es5\x11X\xde\xb7V\xfeyH\x8f\x9d\xab\
\x9d\xb3\x87\xe1TKM\x89\xfd\xf5\xfa\x13^\x95\xbd\xe1\
\x0b\xe9\x9esT[\x11\x09\x98\x7f\xe9CZ\xb0\x1aB\
\xba\xe7\x1c\xd5ExI\x1b^\x0e^\x8a\x9d\x9b\x9d\xa3\
\x87\xd5\xa8\x9e\x9a\x12\xa4]wh\xf7\x9c\xa3\x99\x08\xc2\
\xae\xbbZ\xa9z\x8e\xea\xa9)\xe1)\x8a\xa6\xa4\xc5\xb9\
4\xfd\x04\xa0\x99\x08\xc3\xcaC\x86\x8d\xa4Z\xdds\x8e\
f\xa9\xe9\x98\xc6\x1bI\xd5K\xd5s4]\x11\x09\xa4\
\x85f}\x05^\xfb\x8d\x0f\x9bB!\xc2\xaf\x17\xd5\xbb\
n{MK\x8f\x1e6\x85\x225%*w\xdd\xcdJ\
\xd5sP\xac\x88\x84w\xdd?\xc6(\x96\xd6U\xd2)\
T\x22<E\x85\xe7l\xbcF\x93\xee9\x07UjJ\
Dv\xdd\x87a\xd8<\xdcm\xe9>b\xa1\x14a\x04\
m$5\xed\x9esP\xa5\xa6c\x90>\x8a_H#\
\x9e\xb3\x14\xb4\x22\xac\xac,\xd9u{\xf7LQ\xaa\x9e\
\x8365%\x90\xa2\xbe\xe0\xf0x\x8c.\x86\xa2{\xce\
A\xbb\x22\x12H'\x937iJ<G4\xf4\x22\xbc\
\xa4\xbd\xb8\xca\xc1\xdf\x86}M\xb2$\xf4\xa9)qa\
IK\xd5=\xe7\xe8F\xc4%\x1bI\x90\xd0\xcd\xfc\xe8\
SS\xc2S\xd4_\x7f,1%\x9d\xb5\xa0\x1b\x11\x06\
dl\xf0\x16\xff\xe0\xe1\xbd0l\xf4\xfc+\xdd,\xdd\
c\xfe\xb0\x91D\xdb=\xe7\xe8jE$\x90v\xee\xfd\
\xa8\x1c\x8fuqq>\xa5K\x11~\xbd\xf8m#\xc9\
~\x87\xc7h\xbb\xe7\x1c]\xa6\xa6\xc4\xc9F\x12}\xf7\
\x9c\xa3\xcb\x15\x91\xc0\xbb\xe8\xd7\xd77\xb1\x1a\xe8\xbb\xe7\
Y\x83\xfe\xe2\x95\xfdx(\xc4\x14\x86\xe1'`n\xec\
q^\xe9R[\x00\x00\x00\x00IEND\xaeB`\
\x82\
\x00\x00o\xf7\
\x89\
PNG\x0d\x0a\x1a\x0a\x00\x00\x00\x0dIHDR\x00\
\x00\x02\x00\x00\x00\x02\x00\x08\x06\x00\x00\x00\xf4x\xd4\xfa\
\x00\x00\x00\x01sRGB\x00\xae\xce\x1c\xe9\x00\x00\x00\
\x04gAMA\x00\x00\xb1\x8f\x0b\xfca\x05\x00\x00\x00\
\x09pHYs\x00\x00\x0e\xc3\x00\x00\x0e\xc3\x01\xc7o\
\xa8d\x00\x00o\x8cIDATx^\xed\xdd\x07`\
V\xd5\xfd>\xf0s\xee\xbbWv\xd8\x10f\x18a\x04\
\x0c+a\x85\x9d\x00np\xfc\xb5j\x87Vkm\xeb\
\xa8\xd6j\x01G\xeb\xacV\xeb\xac\xdaR\xeb\xcf\x16\xec\
p1\x04\x0dQ@\xc4@\x80$d\x0f\xb2\xf7^\xef\
\xb8\xf7\xfc\xcfy\xdf\x9b\x88\x0a\x08B\xc2;\x9eO\xcd\
z\xef\xc5J\xde{\xcfy\xee\xb9\xe7|/\x01\x00\x00\
\x00\x00\x00\x00\x00\x00\x00\x00\x00\x00\x00\x00\x00\x00\x00\x00\
\x00\x00\x00\x00\x00\x00\x00\x00\x00\x00\x00\x00\x00\x00\x00\x00\
\x00\x00\x00\x00\x00\x00\x00\x00\x00\x00\x00\x00\x00\x00\x00\x00\
\x00\x00\x00\x00\x00\x00\x00\x00\x00\x00\x00\x00\x00\x00\x00\x00\
\x00\x00\x00\x00\x00\x00\x00\x00\x00\x00\x00\x00\x00\x00\x00\x00\
\x00\x00\x00\x00\x00\x00\x00\x00\x00\x00\x00\x00\x00\x00\x00\x00\
\x00\x00\x00\x00\x00\x00\x00\x00\x00\x00\x00\x00\x00\x00\x00\x00\
\x00\x00\x00\x00\x00\x00\x00\x00\x00\x00\x00\x00\x00\x00\x00\x00\
\x00\x00\x00\x00\x00\x00\x00\x00\x00\x00\x00\x00\x00\x00\x00\x00\
\x00\x00\x00\x00?B\xd5\xaf\x00^o\xfd\xfa\xf5\x12\xff\
\x22>\xce\x07e\xe3\xc6\x8d\x8a\xfa=\x00@\xc0A\x00\
\x80\x0bNt\xec\x8b\x16-:i\xc7^WW'\xb1\
\xcf?\xd7\xd0\xf2r\xcdEk\xd7\x86\x8d\x88\x8b\x9bH\
(=\xf7\xe3VQ\x5c\xd9\xef\x7f\x92q8-\xb5=\
b\xe6LW\x99\xd1\xa8DGG3u\xab\x1b\xff\xff\
f\xeb\xd6\xad\x93\xd5\x1f\x01\x00\xfc\x0a\x02\x00\xf4\x1b\xc6\
\x18\xdd\xb0a\x83\xfb\x98\x8b\x89\x89\xa1M\xbbvI\xa1\
MMt\xed\xf3\xcf\x0fc:\xdd@\xf7N_'\xc9\
T\x1b\xday\xcfo\xc69v\xec\x88\x22\x92&D\x0a\
\x0e2\x9f\xaf\xa3Vi\xeb\xe8\xa4\x0eg\x9d\xe9W\xb7\
\xe5\xeb\x7f\xfc\xc3R\x8d,\xb7\xf2\x97\xbf\x0a\x01\x8c)\
\xe5ii\xf9\xdb\xfe\xf3\x9f\xb6\xd0\xa5K\x95\xac\xac,\
\xf76\xfew`<\x83|-,\x00\x00\xf8\x1a\x04\x00\
\xe87\x85\x85\x85\xc1\xa3F\x8d\x1a\xc9\xbf\xd5\xc9MM\
\x11mk\xae\x1c'\x97\x96\x0d\xe2\x9dz\x10\x0d\x0e1\
{\xf6\xfa\x0a\xa3L\xa2:\x9dUil\x1cJ\x1a\x9a\
x@\xa0\x16~\xc4\x9e\xbfc\x96\x11q\x0b\xa0\x9d\x84\
\x06WJ\xe1aU\xcc%w\xf2n\xfd\x84\x8e]!\
\xac\xb1\xa9\x9d\xb5w\xd4\x1b\xaf\xbc\xbc\xd4\xfc\xc7\xc7J\
\xf8\x8b\x22$t\xa7\xa6\xa6\xe6'&&\xba\xdc\xbb\x01\
\x00\xf8 \x04\x008\xefRRR\xb4\x0b\x17.\x1c\xce\
\xbf\xd5\xf3+ek\xdbM?\x1d\xd6\xbds\xd7\x00M\
Hp\x88f\xc2\x84H\xa2\xa1Z\xa2\xd5\x87\xb9\x8e\x1c\
\x19EZZ\x062F\x0c\x84\xd2\x93\xde\x02\xa0\x8ci\
\x19\xa1fJ\x98\x89Q\xa2\xe1\xaf\x9c\xc7c\x96\xf1\x8c\
Ad\xfe\xef\xef\xe4\xff\xfe.~Y\xff\xed\x0e\x9d1\
\x1e\x12h\xbbf\xf0\xc0r\xcd\x84\xe82fw\xb6\x12\
\xd9\xe5r\x1d\xcb\xae!\xdd\xf6F\xcb_\xffr\xdc\xb0\
0\xa1\x81\xef\xe9\xe0\x1fM\x92$\xd5\xba\xff\x1c\x00\x80\
\x97C\x00\x80s\xd6\xdc\xdc\x1cj4\x1a#\xbb\xdf\xfc\
gH\xfb\xe3O\x0e\xa4&\x83\xcd\xb6p\xc10\xa2\xd5\
\x1a\x88\xc1\x18\xe4:|d\xa4\x92\x99\x1d\xc5{s\x1b\
?\xe4$~\x8d-\xf1\xce\x5c\xcf\xbf\x06}\xd5\xb1\x9f\
\x8a\xbb\xc3\x17\x9f\xce\xd7\xe4\xbfo\xe1\x97\xfcb$\x80\
\x7f\xe1Q\xe4$(\xa3N\x9e\x14:\xf9w\xed\xfc\xbf\
Ct\xf4\x8c\x93\xf9\x7fU\xa3n^|\xbef\xd8\x90\
J\xe6\x94\xbbXks\x87\xf3\x8b/\xcb\x5cc\xc6\xb6\
X\xfe\xf2\xe7jMPP\xeb\x07\x1f|P\xb5n\xdd\
:\xf1g\x00\x00\xbc\x0a\x02\x00\x9c\xb5\xcd\x9b7k\xe6\
\xcd\x9b\x17F\xba\xbb\xcdm\xf7>\x10:x\xec\xe8\xd1\
\xd2\xc0\xc1c\x95\xca\x8aa\xf6\x7f\xbd3\x81\xcar\x04\
\xbf\xb6\xd6\xf2]\xc5t=wG/:\x7f\xde\xbd\xea\
\xbf>\x84O5\xfc\x07\x9f8\x06=!A\x8c\x06\xa8\
\x18Q\xf8\xdf\xcd\xce\x08m\xe6q\xa0\x9d\xff5\x5c\xfc\
o\x22F\x14\xec\xd4f\xa92\xdex}6\xd1\x1b\xaa\
\x9c\xe9G\xb3\x1aW/-\xd3\xce\x9d\xdb\xde\xd1\xd1\xd1\
:q\xe2\xc46\xf5\xdf\x00\x00pA!\x00\xc0w\xda\
\xb7o\x9f)$$\xc4,o\xddj\xb6\xff\xfb}K\
P\xd4`\xd3\xb0\xd5\x97L\x94L\xc6!\x9d\xaf\xfd}\
\x82\x92\x911\x92\xf7\x88a\xfc\x22=\x88_\x19\x87\xf1\
\x83\xca\xc4\x08\xeb\xb9b\xe7]\xbe{x\xff\xe4C\xfc\
>t\x0c\x8a!\x02\xf5\xdb\x13)\x9e\xdb\x04\x9em\xfc\
/+\xf3\x14\xd0\xc1\xffR\xf5<\x0e\xb4\xf1\xbfu\x9d\
\xfe\x9259\xbaE\xf3\x8b\x95\xba\xfa\xb2\xfc\xff\xbc[\
\xe8\x1c<\xa4\xcbp\xeb\x0f\xdbe\xa3\xd1\x9e\x9f\x9f\xdf\
\x86\x95\x06\x00p! \x00\xc0I\xa5\xa4\xa4\x18\x1d\x0e\
\x87\x86m\xdelX|\xd9\xbaQlHd\xb4|0\
=\xaa\xf3\x91\xc7'3Y\x1eH%\xca\xaf\xe6%3\
SX\x04QX\x08?\x90\x8c\xbc\xd3\xd7\xf0\xce^\x5c\
\xf9\x7f\x8b/u\xf4g\xe3\x14\xa1\x80\xff*\x98\xcb\x1d\
\x06\x08\xeb\xe2\xbf\xabzF5M\x940;Q\x94v\
\x12\x11Qay\xe6\xf1\xa3\xd4f)o>p\xe4h\
\x81>\xbcN\x9a4\xc0U^^\xee@\x18\x00\x80\xfe\
\x82\x00\x00\xbd\xc4z\xfc\xd9aa\xba\xb0\xc6F\xc3\x8c\
k~0U2\xe8\x86w\xfc\xe6\x81\x09\xce}\xfb\xc7\
2\x83!\x92\x12%\x9ctv\x0f\xe2=\x9e\x95Rq\
EO%~\xc5\xaf\xe3\x9d\xbe\xb8\x87\xef>\x96\xfc\xb5\
\xa3?['\x04\x03O\x18pO0\xe4q\x89Q'\
\xff\x0d\xb5\x12\x93\xa1\x8a0\xdaD\x5c\xaeJ\xf3\x1d\xb7\
e\xe9\xaf\xbc\xb4Xio/\xf8\xdf_\xfeR\xd8<\
a\x82\xeb\x96[nq\xaa\x7f\x1e\x00\xa0O\xa0\xb1\x0e\
p\xa2\xd3\x17k\xf2\xb3\xb2\xb2\xe8\xda\x993#\xc6\x05\
\x87-n\xbd\xe9'\x93\xa9N\x1fE\xf4\xbap\xd6\xd1\
5\x98vuF2BM\x942\x1d\xef\xd5\x0c\xa2\xe3\
\xe7\x7f\xb4\xf7\xd8A\xa7\x7fz'\x84\x01A\x04\x02\xd9\
=\x7f\xc0\x13\x06\xda\x89\xd1XE-\x96Zj\xb7\xd7\
\xd2!\x83\x0bm\x7f}-\xed\xcb\xfd{>+\xa7\xd4\
!j\x0f\xa0b!\x00\xf4\x054\xdc\x01\xaa\xa7(\xcf\
\x86\xfb\xee\x1bI4\x9a!]\xaf\xbd1\xa2\xeb\xb9\x97\
'\x92\xc8\xf0iJi\xd9h\xea\x92C\x19%\x06~\
\x80\x18O\xe8\xf4\x051#\x1f\xc7\xcd9P\x03\x81'\
\x14x\xc2@7\xff\xc1\xce\x7f\xad\x9d\xd4\xa0\xaf\x93\x86\
\x0d)`\xcd\xad\x87\x82\xde\xfe\xdb1\xcd\xd8\xb15\xad\
UU\x05!QQM\xee\xfd\x01\x00\xce\x134\xe4\x01\
\xe8\x95W^\xd1\xfd\xe4\xaa\xabb\x9b/\xb9r\x02S\
\xd8\x18MD\xc4\x10\xd6\xd26\xd8\x95\x9b7\x8awF\
\x91\xbck\xb21~\xb5\xef\xe9\xeb\x89\x84\x0e\xbfo\xf1\
\xce\xdf3\x89\x901\xf7\xca\x02\xfe]+\x914\xd5\xd2\
\xe4\x98B\xaa\xd7\xd5*\x15\x15%\xc6\xeb\xaf\xcd\x15\xb7\
\x0a(\xa5E\x9e?\x05\x00pn\xd0\xb0\x07\x90\xec\xec\
l\xdb\xa0\xd2\xea1\x1d\xbf}`x\xf0\xfc\x84xg\
\xeagS\x95\xda\xda!\xa2\xc3\xe7\x87\x82\xa8\xb2\x17\xc4\
{!=\xff\xdeg\x96\xe7\xf9\x1b\xcf\xe8\x00\x93\xf9/\
\xbf\x9b1\xd2\xc2;\xfcN\xc6X\x93f\xfc\xf8b\xed\
\xc4q\xe9v\xa3\xf1\x0b\xdd\xaf\xef,{\xe6\xc5\x17\x8b\
qk\x00\x00\xce\x05\x1a\xf9\x00P^^\x1e.o\xde\
<\xc8t4+\xca4j\xec\x82\xee7\xdf\x9aJ\xba\
\xbaF\xf2w?\x922j\xe1\x9d\xbeV,\xd5\xe3\x07\
\xc3i\x0a\xf2@\x7f\xf2\x04\x01\xcf\x12CJ\x89\x83\xff\
\xd4\xc2\xdf\xaf\x1ai\xc8\x90\x02\xfd\xba\xcb\x0ew\x94\x94\
\xa6v\xfd\xf8\xc6\xca\x03yy\x15(4\x04\x00\xdf\x07\
\x02\x80\x1f\xcb\xcc\xcc\x0c\xeb|\xfa\x85\x90I3\xa7O\
b\xe5\xe5\x0b\xbb\xdf|{2Q\x94(\xfe\xae\x0f\xa0\
\x8cX\x19\xa5:\xbe[\xef1\xc0\xbf\xc1\xf1\xe0e\xd4\
  (\xfc\xcd\xf1\xdc\x1e\xa0\xac\x9a\x19\x0cE\x96;\
\x7fq\xa8\xf3\xf8\xf1\x8f\xeb\xe2g\x956\x0d\x18\xd0\x14\
\x1f\x1f\xdf\xa5\xee\x0b\x00\xf0\x9d\xd0\xe0\xfb\x191\xab\x7f\
ML\x8c\xad{\xfbv\xcb\xcc\xebn\x98\xdf\xf5\xf2k\
\xb3\x9d{?\x9fH5\x9a\x91Lv\x0d\xe0o\xb8\xe5\
\xc4\x8e\x9f\x7f\xc21\xe0#\xd40\xe0\xae6\xc8\xdf\xb5\
6B\xa5JFI\x91\xe9\x96\x1f\x1d\x91\xc6\x8eL\xdd\
[X\x98\xa9\x9d;\xb7#11\xb1\xdb\xf3'\x00\x00\
N\x0d\x8d\xbf\x9f\xe8Y\xc3?\x88\x90\xa0\xa9\x0b\x16\xac\
h\xb9\xf9\xe7qJ}\xc3D\xaa\xb0(\xe6rF\xa2\
\xe3\xf7\x0f'\x8c\x08|\x15\x044\xda*&IE\xfa\
\xf9\xf1\x19\xe6\x0d\xf7\xef\xfd\xe4\xdf\xff\xde[\x12\x14\xe4\
@-\x01\x008\x1dt\x02~\xe2\xf8\xc1\xec!\x03\xab\
\x8f\xcfm\xbf\xe3\xce\xd9\xc4l\x9eB\xda;F1\xa7\
#\x822jv?x\x07\xb3\xf9\xfd\xca\x09A\xa0\xe7\
\xd6@\x1b\xd1k\xab\xa9\xd5V@\x83mGmo\xfd\
\xfd\xf0\x17;\xb7\xa7\xec,+\xeb\xc0dA\x008\x19\
t\x08~\x22o\xc9\xca\xe9\xe1\xdd\x8e\x9f(\xa5\xa5\xf3\
\x08c\x83y\xc7o\xe5\x1d\xbf\xb8\xe2G\xc7\xef\xe7x\
\x12p/#T\x83@+\xd1jk\xe8\xd0!\x85\xac\
\xb5\xf9\xb0\xf5\xb5W\x8e6\x86\x05\xef\x1b\x12\x1d]\xe7\
\xd9\x1b\x00\xc0\x03\x1d\x83\x9f\xc8\x89\x8d\x9b\x19^\xd7|\
\x17\xef\x07\xe6\xf1\x1f\x07\x88\x9a\xfc\xe8\xf8\x03\x8bgT\
\xc0\xbd\x84\x90\x07\x01\xf7\x83\x88j\xa4\xe8q\xf9\xa4\xa3\
\xf3\x90\xfe\x9au\x07\xcd?\xbf5[\x92\xa42uw\
\x00\x08p'}B\x1b\xf8\x1e\xe5\x92\xcb[\xc8\x82\x84\
|~\xbd_\xce\xfb\xfdN\xfeR\xcf\x101\x04\x08\x11\
\xf8(\xa1ZF\xc4m\x1f\x16\xc1\x8f\x80qJN^\
\x82R^\xbe\xd6\xf1\xce\x7f\xaf\xb2\xbf\xf2\xda\x12EQ\
F\xa9\xbb\x03@\x80\xc3\x15\xa2\x9f(..\x0e\xb1\x95\
W\xcfd\x8f?\xb5\x8a\x1e\xc9X\xc8\x14y4\xef\x0e\
\xac\xfc\x0dF\xc8\x0bP'\x8c\x08\x88\xa2Be\x9a\xf1\
\xe32\x0d+\x96\xeem.(\xfe\xcc\xf9\xab\x9fUE\
M\x9cXM)EP\x04\x08P\x08\x00~\xe4\xf0\xe1\
\xc3\x96aN%\x9e\xdd\xfb\xdb54\xbfp>B\x00\
\x08\x22\x05\xf0n\xbe\x9b\x7fi\x22\x12\xad\xa0!\xc19\
\xe6\x07\xefO\xe9\xba(\xf6\xe3]\x07\x0f\x8aBBx\
\x041@\x00B\x00\xf03iii\xe6QZ\xc3|\
\xe5W\xf7\xac\xa6\x85\xc5\xf3\x98,\x8f\xe2\xef\xb2\x0d!\
 \xb0yF\x03\xc4\x8a\x01&F\x03\xea\xa4\xe0\xa0t\
\xe3\xa3\x0f}\xdaRY\xba#K\xab\xadl\x0a\x0dm\
G\x10\x00\x08,\x08\x00~h\xdf\xbe}\xa6h\x93m\
>\xbb\xeb\xd7\xabhAA\x02\x93\xd9X\x84\x00PC\
\x00\xff\xcc\x9c\xfcXh`\x06C)eJ\x9e\xe9W\
\xbf\xd8\xab\xb9|M\xca{\xfb\xf6\x15\x22\x04\x00\x04\x0e\
\xd4~\xf7C\xaf\xbf\xfe\xba\xeb\xd2\x1b\xae\xaf\x8cH^\
\xd5\xcdr\xf3\xf5\xb4\xb2\xca\xc6[}\x1b\xa1T\xcf\x1b\
~\x84\xbe\x00%\xde{\xf7\xfbO\xa9\xc4?\x9b\xa8,\
\x871\x85\x0dr\x1d<\x14JLfsL\xd2\x8a\xb6\
\xa9eeu\x9b\xb3\xb2\xc8\xc6\x8d\x1b\xd5?\x05\x00\xfe\
\x0a\x9d\x81\x1f\xdb\xb3g\x8fm\x02\xd3\xcca\xcf\xbf\x98\
D\xf7~\xbe\x80\x116\x8e7\xfeb$\x00\xef{\x80\
SG\x03\xc4#\x88]\xfc`\xa8gAAE\xd4b\
\xce\xd0\x0c\x1d|(\xe4\xad\xbf\xa5m\xd9\xba5\x03\xa3\
\x01\x00\xfe\x0d#\x00~\xec\x8d7\xdep\x5c~\xcbO\
\xea\xc3'L\xecd\x0d\x0d:ZV!F\x02\xac\x18\
\x09\x00\xf1\xfe\xbb\x8f\x011\x1a@\x88\x89\xd8\x1d\xa1\xb4\
\xbd}\x88\xd2\xd2:D\xce\xc9\xd5\xc7\xfe\xfcgm1\
\xb1\xb1\xb5[\xb6l\xf1\xdc6\x00\x00\xbf\x83\x00\xe0\xe7\
^{\xed5\xfb5w\xdf\xd9\x18<.\xba\x93\xd5\xd5\
\xebiE\x85\x95_\xf7\xf1\x10@\x10\x02\xc0\x13\x04(\
\xd5\xa8\xc7\x83\x95:]\xc1rU\x95U\xae\xac\xd2\x8d\
\xbfz]g\xec\xec\xd9\xf5<\x04`$\x00\xc0\x0f\xa1\
\x03\x08\x10yyyAa\x955\xb3\xd9\xb3\xcf'\xd1\
C\xe9\x0b01\x10N\x86\x11\xe6\xa2\x8c6\x10\x83>\
W\xba\xf4\xe2/\xed\x05\xb9)\xda_\xdc^P\x11\x1e\
^\x1e\x1b\x1b\xdb\xa1\xee\x06\x00~\x00\x01 \x80dg\
g\xdb\x22\xdb\x9ds\xd8\xbd\xf7\xae\xa6\xf9\x85\x0bP'\
\x00N\x86\x11\x22\xf3O\xad\xfc\xbb**\xd1\x12\xfd\xda\
\xcb\xf7\x1b\x7f\xf8\xa3\x1di\xad\x0d\x19\xf1\xf1\xf1]\xea\
n\x00\xe0\xe3\xd0\xf0\x07\x90\x89\x13'\xb6\x95P\xc7^\
\xfa\xf4\x13\x1f\xb2\xe8\xd1{\xa8F[D\x09\xeb\xe0\x0d\
>\x9e\x16\x07\xbdx \x14\xb7\x04\x82\xf9\xd71\x84\xb1\
\x99\xf6w\xfe\xbb\xdc\xfe\xda_V\xc5\x0d\x1a>u\xeb\
\xd6\xad\x06u7\x00\xf0q\x18\x01\x08@\xa2N\xc0x\
\xb3m\x81r\xe7\xafW\xd1\xfc\xfc\xf9L!(\x16\x04\
\xdfr\xc2J\x81f\xa2\x91\x8e\xe9\x97-\xddm\xdap\
\xff\x87Gkj\x0e\xc6\xc5\xc59={\x01\x80\xaf\xc2\
$\xc0\x00$\xea\x04\xac\xfb\xf1\x8f\xaaB\x97.\xedb\
\xc7r\xf4\xb4\xb6\xd6\xc2\x9by11\xd0\xc0C\x00B\
!\xb8\xf5\x1e\x0b\x94\x1a\x89\xc2l\xf2\xf1R\x1b+(\
2\x0c[{y\xd7\x94Y\xb3\xaa19\x10\xc0\xb7\xa1\
\xb1\x0f`\x99\x99\x99\xd6AMms\xc9\x8b//'\
\x9f\xee]\xc4/\xf7\xc6\xf1#\x22\x08!\x00\xbe\xc9=\
/\x80\xb0f\xa2\xd5\xe6if\xcd\xda+=\xf9\xc8\xce\
}YY\xa9\xc9\xc9\xc9vu\x17\x00\xf01h\xe8\x03\
\x5czzz\xc8\xf0\xea\xfa8\xf6\xfa\xdf\x92\xe9\xe7_\
\xa0X\x10\x9c\x92X!\xc0\xbf\xb4P\x83\xa1\x84F\x8f\
\xcb$5\x0d_\xd8\xfe\xf2\xa7\xc3G\x19;\x12\x17\x17\
'\x1eA\x0d\x00>\x04\x8d<|=\x04\xec?\xb0\x80\
1E\x84\x00\xac\x0e\x80o\x11#\x01\x94\xb0NFh\
#\x91h\x99n\xce\xec\xcf-\x1b\x7f\xbb\xadX\xa39\
\x18\x1d\x1d\xdd\xaa\xee\x06\x00>\x00\x01\x00\xdc\xd2\xd2\x0a\
\x83G\xb6W\xcebO\xffi\x15=|d\x01S\xd8\
h~t`b |\x8b{r \x13\xa3\x01\xb4\x83\
\x1f\x1dy\xba\xc4\xc4T\xcb-7\xee(\x8e\x8c\xfc\x12\
!\x00\xc0w\xa0q\x07\xb7\xb8\xb81-u\x03#\xf6\
K\xf7\xdc\xb9\x9d\x8c\x1d\xb3\x8fJR1o\xe4\xdby\
c\x8f%\x82\xf05<\x14\x8a\xea\x81:\xfeM0?\
:\xa2\x9d\x9f|\xb2\xa0\xe3/\x7f_1\xaa\xa3c\xc6\
\xe1\xc3\x87-\xean\x00\xe0\xe5\x10\x00\xa0\x97\xa8\x13P\
\x15\x16\xb4\x87>\xf3\xe4\xfb\xa8\x13\x00\xdfE\x04\x01\xfe\
\xbf \xc2\xe8x\xd7\xce\x8f\x17u\xfc\xf1\xcf\xabb\x0c\
\x86Yb\x99\xa9\xba\x0b\x00x1\x04\x00\xf8\x9a\xc9\x93\
'\xb7\xe7v\xb6}*=\xfd\xe4\x07l\xf4\xa8=\xfc\
Z\xaf\x10#\x01p*\xee[D\x94\x04\xf3\xe3#\xda\
\x95\xfa\xe9\xc2\x8e\x076\xae\x9e9|\xf8\x1c\x14\x0c\x02\
\xf0~\x98\x03\x00'\x95\x96\x96f\x1e\xc94\xf3\xd8\xfa\
\x87\x92\xe9\xd1\xcc\x05\x8c\xb9\xe7\x04`\x89 \x9c\x94;\
 2\xd2F5\xb4@;e\xca\xa7\x96\x17\x9f\xd9\xf6\
eE\xc5\x1e\x94\x0e\x06\xf0^h\xcc\xe1\x94z\xea\x04\
\xb0?>\xb3\x8a\x1e8\x94\xc0\x08\x8b\xc6\x12A8\x95\
\xde\x10\xa0\x95\x0a4\xe3\xc7\xef\xb1\xbe\xf4\xec\x07G\x9a\
\x9a\xf6a\x89 \x80w\xc2-\x008%q;\xa0\xcc\
j\xfcR\xba\xed\xd6\xedl\xee\xec\xcf(\xa1\xf9\x84\xb1\
6\xde\xd0\xf3\x7f\x00\xbe\x8e\xa7Bq;\xc0\xca\x5c\xca\
h977\xa1\xe3\xce\xdf$M3Xfab \
\x80wB\x00\x80\xd3\x9a>}zsiD\xc8~\xfa\
\xa3\x1b\xb7\xb293?\xa3T\xea\x09\x01\x98\x13\x00\xdf\
\xc2C\x80x\x90P\x10\x0f\x01\xe3\x5c\xe9\xe9\x0b:~\
\xff\x98{b\xa0\x18MRw\x01\x00/\x81\xa1\x5c8\
#\xee:\x01-\xe5\xb3\xd9\xb3\xcf'\xd3\xc3\x87\x17z\
\xea\x04\xa0X\x10\x9c\x5c\xcf\xed\x00~t\xe4\xea\x96$\
\xa6\x9ao\xfb\xc9\x87%!!\xe9\xa8\x13\x00\xe0=\x10\
\x00\xe0\x8cegg\xdb\x22k\x9a\xe7\xb0G\x1eYC\
s\xc5S\x04\x15<E\x10N\xc9}\xab\x88\x91V~\
|\xe4i\x97-\xd9m\xf9\xf9\xcd;\x8am6\x14\x0b\
\x02\xf0\x12h\xb8\xe1\x8c\x89:\x01\xe5!\xa6}\xd2S\
\x8fo%#G\xec\xa3\x1aM1\xea\x04\xc0\xa9\xf0\x8e\
\xdf]'\x80\x1f\x1f\xe3\x9c\xbbv-\xe8x\xfa\xf9\x15\
#\xdb\xbac\xd4\xcd\x00p\x81!\x00\xc0Y\x89\x8d\x8d\
\xed(vu\x7fJ\xff\xf4\xf47\xeb\x04\xf0\x7f\x00\xbe\
\xae'\x04\x10F\xa3\x9d{\xf6\xcem\xbb\xf9\xd6\xa9\x9b\
7o\xd6\xab\x9b\x01\xe0\x02B\x00\x80\xb3&\x96u\xe5\
vw\xec\xa6O>\xfc\x1e\x9b6%\x95R\xa9\x00\xab\
\x03\xe04x\x0e`V\xa2\xb0\xe1\xf2\xc0\x01s\x13g\
\xcc\x9a\x9f\x96\x96\xa6S\xb7\x01\xc0\x05\x82\x00\x00\xdf\x8b\
(\xf0Rm2}N\xef\xb9k+\x8b\x9b\xf1)\xa5\
\x14!\x00N\xca3\x0a@\xb5\x94\xb00\xe9X\xf6d\
\xcd\xfd\x0f.\x9b:lT\x1cB\x00\xc0\x85\x85\x00\x00\
\xdf\x9b\xa8\x13Pb1~A\x7fy\xfbV6w\xd6\
\xa7\xbc\x95\xcf\x13\x93\xbe\x10\x02\xe0\x9bD\x08`\x84\x9a\
\x99\xd39JNK\x9b\xdfq\xf7=\xabf\x0c\x1f>\
3%%\xc5\xa8\xee\x02\x00\xfdL\xa3~\x05\xf8^^\
}\xf5U\xfb5\xbf\xb8\xa31d\xf4H;\xab\xab\xd3\
\xd3\xca\xea \xc2\x98\x95_\xf1\xe9\xdcW~\x00*~\
0\x88BA:\x22\xcb\x16VYiq\x15\x97jF\
\xaf\xb9\xa4m\xee\x8ae\xf5o\xbd\xf5\x96\xac\xee\x06\x00\
\xfd\x04\x01\x00\xce\xd9+\xaf\xbc\xd2}\xeb\xa3\x8f\xd6\x1b\
&N\xecb\xc5\xc5\x06ZS\x8b\x10\x00'E\x09\x95\
\xf8g\x03\x0f\x01V\xa5\xa8\xc4\xcaZ[\x14\xbb\xc9\x90\
\xf7\xea{\xef\xb5\xa9\xbb\x00@?\xc1-\x008/F\
\x8d\x1a\xd5\x5c7 \xfcsz\xef=[\xd9\xf8\xe8=\
T\xd2\xe0Q\xc2pR<\x11\xf2\x0b\x0f\x1aJ\x14e\
\xbc\xe3\x9d\xff\xcd\x8a,<>\x0e+\x03\x00\xfa\x1f\x02\
\x00\x9c7\xee:\x01V\xe3^\xfa\xe4c\x1f\xb01\xa3\
\xf7\x10\xaa\xc1\xa3\x84\xe1T$\xc2H\x10\x93\xc8\x18\x93\
\xce\xb0|QLl\x0c\x1e!\x0c\xd0\xbf\x10\x00\xe0\xbc\
\x12u\x02\xf2\xba\xda>\x93\xfe\xf4\xf4V2z\xe4^\
*\xd1\x225\x04`b \xf4\x12\xb7\x86\x18%z\xa2\
(\x83\xe9\xdf\xdf\x9cc\xfe\xcf\x7f\x96\xcd\x8f\x89\x19\xbb\
y\xf3f\xdc\x96\x04\xe8'\xb8?\x0b}B<\x01n\
x\xa7}\xbe\xf2\xfb\xc7V\xd2\xc3\x99\x0b\x18S\xc6\x10\
<J\x18N\xa0\x86B\x852R\xcf\x8c\x86\x0c\xd35\
k?2\xdfy\xc7\x0e),\xec\xa8g\x0f\x00\xe8K\
h\x8c\xa1\xcf\x88'\xc0\x0djj\x9b\xcb\x9e~6\x99\
~yp>#l\x1cB\x00\x9c\xc8\x13\x02\x98L\x19\
\xad'\x16\xd3A:r\xf4\xff\x85\xed\xf8\xdf\xdb\x94\xf2\
X\x00\x00}\x0a\xb7\x00\xa0\xcf\xb8\xeb\x04\x98t\x07<\
u\x02f\xa3X\x10|\x8b'\x0cR\x0d?$BI\
g\xe7\x18b\xd4\xce\xe9h\xee\x88e\x8c!$\x02\xf4\
1\xdco\x83>%\xea\x04\x5c\xfe\xd3[\xea\xc3'N\
\xeadu\xb5zZ^)\x9e\x0bo\xe5\xcd\xbe\x1e#\
\x01 \x88\xe3\x80Q*&\x05jHW\xb7$57\
\xcb\xfa\xf8\xd9\x8dD\xa3iLMMEX\x04\xe8#\
\x08\x00\xd0\xe7^{\xed5\xfb\xad\x8f<\xd4h\x1c6\
\xdc\xc1*\xca\xddu\x02(a6FP'\x00<\xd4\
\xe3@C\xec\xddzV\x5c\xaceM-\x1drX\xf0\
\xb1\xb7\xb6oG\x81 \x80>\x82[\x00\xd0/D\x9d\
\x80\xd6I\xd1\x9f\xd3{\x7f\xfd!\x9b8\xe13,\x11\
\x84o\xa2\x94\xea)#\x91\xac\xb9er\xf7\x9bo\xcd\
\xbah\xf8\xb8aX\x15\x00\xd0w\x10\x00\xa0\xdf\x88\x10\
\xe0\xae\x13\xf0\xf8\xef?$\xa3F\xec\xa5\x92\xa6\x18\xc5\
\x82\xe0D\x8cR\x1d#4\x9c\x18\x8d1V\xe2L\x9a\
=e\xca\xc0\xf5\xeb\xd7\xa3\x9d\x02\xe8\x03\x18~\x85~\
\xb7o\xdf>\xd3xs\xd0B\xe5Ww\xaf\xa2\x05\x05\
\xf3\x98BF\xf1#Q\xac\x0e@C\x0f\x841\xe6\xe4\
\xc7C\x8dd\xb3}az\xe2\xd1\xf7J\x06D|8\
i\xf6\xec\x06u3\x00\x9c'\x18^\x83~\xf7\xfa\xeb\
\xaf\xbb.\xfd\xc1u\x15\x11\xabWw\xb3\xf4#FZ\
\xdf`\xe5\xad\xbexv\x00&\x06\x82\xb8\x17 &\x04\
\x9a\x98\xddau~\x92J\xba\xab\xeb\x0e\xff\xf9\xc8\xc1\
zu+\x00\x9c'\xb8\xe2\x82\x0b\x22>>\xbe\xab\xba\
\x99\xee\x93\x1e\xbc\x7f+\x8b\x9b\x81%\x82\xd0\xcb\x1d\x02\
)\xd5\xf2o\xc3\x89\xc3>~\xf8\x92EK\xea\xea\xea\
\x86x\xb6\x02\xc0\xf9\x82\x00\x00\x17\xcc\xe4\xc4\xc9\xed\xa5\
6\xd3~\xfa\x8b\xdb?d\xf1sSy\xab\x9f\x8f\x10\
\x00*1\x12d\x22\xb22\xdc\xfe\xd2_\xe6[>\xd9\
\xbd\xb0\xa6\xa6f\x90g\x13\x00\x9c\x0f\xb8\x05\x00\x17\x94\
x\x94\xf0\xe5\xb7\xba\xeb\x04t\xb1\xba\x1a=\xad\xa8\xc4\
\xa3\x84\xa1g\x14@\xa2\x8c\xe8Yk\xabY.*\xa1\
\xb4\xb2\xaa\xf8\x89\xcfR\xcb\xd5]\x00\xe0\x1ca\x04\x00\
.\xb89s\xe6\xb4\x96D\x84\x1c\xa0\xb7\xdf\xb6\x8dM\
\x8f\xfd\x8c\xb7\xfb\xf9\x84\x111\x12\x80\xd5\x01\x01L\x84\
\x00F\x89\x91\x106X.(\x98\xaa\xad\xa9\x8e+(\
(\x18\xa0n\x06\x80s\x84\x00\x00^!..\xae\xa5\
,\xd8\xfa\xa5t\xd7/v\xb0\x89\xe3\xf7QI*&\
\xa8\x13\x00\x1c?\x06L<\x0b\x0c&-mqC\xb3\
r'\xab/\x03\xc09B\x00\x00\xaf1}\xfa\xf4\xe6\
\xaa\x88\xd0\xcf\xe8\xef\x1f\xfe\x80\x8d\x19\xb5\x07u\x02\xc0\
s\x1b\x88j\xf8q\x10\xe6\xdc\xff\xc5\x84\xae'\x9e\x9e\
\xb4g\xcf\x1e\x9b\xba\x19\x00\xce\x01\x02\x00x\x15\xf1\x00\
\xa1<g\xd7g\xd2\xb3O\x7fHF\x8f\xdcC(-\
B\x08\x00\xfe\xfe\x1b\xc5(\x804p\xc0\xcc\xd9\xe1\x03\
\xe3Q\x1c\x08\xe0\xdc\x05\xc4$+\xd1X\xcc\x0e\x0b\xd3\
\xb9vfi\xba\x8c\x8d\xacy\xd92\xd7-\xb7\xdc\xe2\
T7\x83\x17\x12\xc5\x82\xa2M\xb6\xf9\xec7\x0f\xac\xa2\
\x99\xc7\xe63\xc6F\xf3\xa35\xc8sE\x08\x81\x86\x07\
\x00&\x82 \xd1h\xb3iX\xe8;\xb9\xd7\xad}>\
\xfe\xae\xbb\xba\xd4\xcd\x00\xf0=\x04DcZ\x9a\x9b;\
t@n\xc1\x9c\xb6\x9f\xdf9\x85\xea\xb5.\xe5\xb9\xe7\
\xd3+\x06\x8d\xda;}\xfa\xa8fu\x17\xf0B\xef\xbd\
\xf7\x9e9>l\xc0<\xf6\x87'V\xd1\xc3G\xe3\x19\
a\xd1\x84RQ1\x10! \x00y*\x04\xd2jM\
T\xd4^\xdb\xbf\xdfzcOvvJbb\xa2K\
\xdd\x0c\x00g) \x86\xd1:~z\xe7\xa0\xce\xa7\x9e\
]Jey\x15\xe9\xb6_,=\xf6\xd8\x9aa\xe59\
\x0b\x8e\x95\x97\x87\xab\xbb\x80\x17\xba\xf8\xe2\x8b;\xcb,\
\x86\x03\xd2m\xb7lg\x09s?C\xb1\xa0\x00G\xa9\
\x96\x12\x16\xa2TW\x8dm\xbf\xed\x97\xd3k\xdf{O\
\xa7n\x01\x80\xef\xc1\xef\x03@}}\xfd\xb0\xe1\x8b\xe7\
\xcf\x90\x8b\x8a\xa70F\xc6\xf2\x0ed\x02+(J`\
O?\xbb*\xf2\xc0\xc1y999\x11\xea\xae\xe0\x85\
\xc4\xc4\xc0\xd2!\x03>\xa77]\xbb\x95\xcd\x99\x89b\
A\x01L\x8c\xfc\xf0s\xd8\xc8\xba\xed\x83\xe5\xc2\xc2\xd8\
\xcbn\xb9e\xc6\xe6\xcd\x9b\xf5\xeaf\x008K~\x1f\
\x00\x94?<9\xda\x95\x937\x9bw\x1aCy\x9fa\
a\x84Z)e#i~\xe1\x5c\xf6\xea\x1b+\xc3\x8f\
d\xc5\xe7\xe5\xe5E\xaa\xbb\x83\x17\x12!\xa0$2\xf2\
K\xfa\xcb\x9fmg3b\xf7P*\x89G\x09\xa3N\
@ \x12\xa3\x00\x94\x04\x93\x8e\xceq\xdd\x9b\xdeJ\x08\
-*2\xa9[\x00\xe0,\xf9u\x00\xa8\xae\xae\x1e\xa8\
\xcb\xc8\x1e\xebL\xfdt\x02\xff1\xcc3\x84\xc8\xaf\x22\
\x08\xb5\xf0\x100\x8afd%\xb0M\x7fO\x0a;p\
d>F\x02\xbc\x9b\xa8\x13P\xa0\xd5\xee\xa7\xf7\xdf\xfb\
!\x9b:\xf9S*i\x8a\x08\x8a\x05\x05\x1c\xcf\xf9K\
\x8c\xa4\xab{\x88c\xf3;\xb1S\x87\x0d\x1b\x85Q\x00\
\x80\xef\xc7o\x03\x00c\x8c\x06\x7f\x99\x1e+\x8d\x1c>\
\x87\xff \x1e$\xd2{\xa5\xf0\xb5\x10p4+\x9e\xbd\
\xf6\xda\xca\xf0\xe2\xb2\x84\xf4\xf4\xf4\x10u\x17\xf0B\xa2\
b`\xb9I\xb7OZ\xff\xc0v2j\xc4^Q,\
\x08K\x04\x03\x11\x95\xf8I\x1c\xc4\xbf\x8e\xb59\xc9\x92\
\xb1Vk\xb0\xba\x01\x00\xce\x82\xdf>\x0b >>\xde\
\x12~\xf7\xfd\x8b\x95\xec\xdcEDQF\xf1\xab\x7f\x93\
\xe8\xf8\xd5\xcd=!@\xc7;\x10+ih\x0a\x22G\
3LAs\xe7:.\xf9\xc9\x8f+\xdfx\xe3\x0d\x87\
\xba\x1bx\x99\x97_~\xd9\xb9d\xedmUC\xd7\xad\
p\xb0\x03\x07\x0d\xb4\xa9)H\xbc\x87\xfc\xbd\xc4\xa3\x84\
\x03\x84\xe7\xdc%\x12u\xc9\x1a\xe7\xde\xcf\xbb\x14\xb3>\
=l\xe9\xd2\x86\xd4\xd4T\xfe2\x00\x9c)\xbf\x1c\x01\
\xd8\xbcy\xb3f\xf1\x84\x09\x09\xba\xb1\xa3\xe3\x98\xcb5\
\x8c\xbft\xd2\xfb\x84j\x08\x10#\x01#\xc9\xf1\xb2\x04\
r\xefo\xd7\x8c\x97\xc9bT\x1a\xf3n+V\xc4v\
\xe4vt\xec\xa6\x7f|\xf2}6a\xc2\xa7\xfc0\xc6\
\xea\x80\x80C5\xfc\x04\x0ef\x8a\x12=$\xf6\xa2\xe5\
?\xb9\xee\xba\xa1\xea\x06\x008C~\x19\x00\xacUU\
\xda\x96\xcb\xaf\x89q\xe6\xe4L\xe0\x0dE\xef\xbd\x7fu\
\xf3\xd7\xa8!\xc0L\x89\x12E\xaa\xaa\xe3\xc9=\xf7\xad\
\x1e\xdf\xad,9z\xf4x\xa8\xba\x0bx\xa1\xf8\xf8\xf8\
\xae}e\xc5{\xe8C\xeb\xdfg\xd3\xa7}\xeaY\x22\
HZ\x11\x02\x02\x07?o\x8d\xc4\xe9\x1c\xda\xf5\xfb'\
\xe3\x94\x0d\x8f\xe2Q\xc1\x00g\xc9\xef\x02\xc0+\xaf\xbc\
\xa2[\xf6\x83\x1f\xcc\xa5:\xedT\xd2\xd9=\x987\x13\
_\x1b\xfa?\x195\x04\xf0\xfd\xd8\x08RY\x13O\xd6\
\xaf_5\xe4x\xce\xa2\x9c\x9c\x0aL\x0c\xf4b\xa2N\
@\x8el\xdfO\xef\xfa\xc5\x87,a\xce\xa7\xfc}\x14\
O\x11D\x08\x08\x00\xea9-QJBXK\xf3\xd8\
\xf0\xd8\xd8y\x9d\x9d\x9d#<[\x01\xe0L\xf8]\x00\
\x08\xc9\xc9\xd1v\xde\xfd\x9b\x8bXGW4\xef\x06B\
\xc4\xd5\xbf\xba\xe9\xb4xk\x22\xa9#\x01#HI\xd9\
l\xe5\xe9?\xae\x0c\xcf\xfa2\x1e\xab\x03\xbc\xdb\xbcy\
\xf3\xda\xdcO\x11\x5cw\xf5\x0e6g\xe6\x1e\xfe>\xe2\
v@\x00\xe1o\xb2AL\xf2ul\xddvQ\xd7\xa3\
\x8f\x8b\xdb}\x00p\x86\xfc*\x00l\xdd\xba\xd5\xb0\xea\
\xc6\x1b'\xba>\xdb7\x9955\x89u\xff\xe2\xea\xff\
\x8c\xff\x8e\xe2\xaaB\x9d\x130\x8a\xe6\x17\xc6\xb3\xd77\
%\x85\xa7g$\xa4\xa5!\x04x3w\xb1\xa0\xd1C\
\xf7\xeb~y\xc7V:\xf3\xa2\xcf(\xed\x9d\x13\x80\xd5\
\x01~L\x9c\xaf\xfc\x1f\x0d\xff\x14\xe2\xca+\x18\xa7\xa9\
\xad\x9bQXX8P\xdd\x0c\x00\xdf\xc1\xaf\x02\x80\xee\
\xe8Q#\xfdt\xef\x02\xa6\xa1\xe3\xcf\xe6\xea\xffD'\
\x84\x80\x91\xf4HF\x02{\xf3\x1f+\xa3\xca\xf3\xe3\xbf\
\xf8\xe2\x18\xca\x06{1\x11\x02rt\xf4\x0b\xcd}\xbf\
\xdaF\xa7N\xfeL<J\x98\x87\x80v\x84\x00\xff\xc7\
\xdfc#?\xd7\x07\xb3\xba\xfaYC\x0e\x1d\x9d\xac\xbe\
\x0c\x00\xdf\xc1o\x02@ZZ\x9a.Z\xaf\x0f\xef|\
\xeaO\x93Y[\x87\xfb\xea\x9f\xbf\xcc\xfb\xf3\xb3wB\
\x08\x18M\x8fd%\xb0\xe7^\x5c5\xa6\xa1l\xc1\xd1\
\xa3GCE}\x01u7\xf02\xa2N@\x89\xd1\xb8\
W\xf3\xc8\xc6\x0f\xe9\x98\xd1\x22\x04\xa0X\x90\x9f\x13\xe7\
*\xffGC\x09\x0bu\xa5\x1d\x1a\xdb\xf9\xd4\xb3\xd1\xbc\
-0\xab\x9b\x01\xe04\xfc&\x00\xe8\xf5z\xeb\xc0\x05\
\x0b\xa6R\x9dv0\xbf\xf2\xb3\xf2+\x0214\xf8\xbd\
;k\xf1g\xdds\x02\xc4\xed\x80\xdc\xfcx\xf6\xe8\x13\
\xc9\x83\xeb[\x17\xec\xdd\xbb\xd7\xaa\xee\x02^(66\
\xb6\xa3@q\xec\xd5\xfe\xe9\xe9\xadt\xf4\xc8\xbdT\x22\
=\xc5\x82\xf8?\xe0\xaf\x18#\x06\xfe>\x87iFF\
\x8d\x991c\xc68\x04u\x80\xef\xe67\x01@[Q\
a\xe4W\xfe\xc3\x98$\x85RJ\xc4S\xc2\xce\xb9\x01\
PC\x80Z'\xa04\x9e\xdcw\xffj\xd4\x09\xf0~\
qqq\x9d\xf9\xce\xaeT\xc3\x0b\xcf}@'M\xfa\
\x8c\x87\xc1\x9eg\x07 \x04\xf8+J\xdd\x93x\x19\x93\
\x07\xc8\x0d\x0d\x98\xb3\x03p\x06\xfc\x22\x00\x88\xb4\xef\xdc\
\xf2nP\xc7\x9d\xf7M#]\xdd\x83\xc5\x13\xc3\xf8\xcb\
\xe7\xe5\x0a\xa07\x04\x88:\x01\x95\x95\x09\xe4\xae_\xaf\
\x19\xdf\xe5X\x9c\x96\x96\x86\xf2\xa3^L\x84\x80\x9c\xa2\
\xbcO5\x1b\x1e|\x9fM\x9b\x86\xa7\x08\xfa1q\x8e\
\xf2/\x12\x7f\x7f\x83]_\x1e\x1a\xdbz\xc9\xba\xe8\xdd\
\x1b6\xf8m\x95S\x80\xf3\xc5/\x02@YY\xd9\x90\
\xe8e\x89\xf3HCC4QX\xe8\xb9\x0e\xff\x7f\x93\
\x1a\x02<u\x02\xaa\xeb\xe6\x92\x0d\x8f\xae\x8ajjE\
\x9d\x00/\x17w\xf1\xc5\x9d\x99\xb2}\xbf\xe9\x81{\xb6\
J\x0b\xe6\xa1X\x90\x1fS\xcfw#u:#\xa8F\
3n\xe1]wE\xaf_\xbf\xdeoF8\x01\xfa\x82\
_\x9c \xdd\xbf\xdd0\xa0\xeb\xcd\xb7\xe70\xc6\x86\xf3\
\xb6\xfd{O\xfe;\x1d\xfe/\xec\xa9\x13\x10EJ\x8e\
\xc7\x93\x87\xfe\xb0*\xe2\x8bO\x17\xe4\xe5U\xe2Q\xc2\
^L\xd4\x09\xc8$a\xfbu?\xbca\xab\x14?7\
\x95\xbf\x8fy\x08\x01~\x8a\xbaG\x01,\xd4l\x1aH\
$i\xc4\x90!C0\x0a\x00p\x1a>\x1f\x00\x9a\x9b\
\x9bCCm\x96\x11\xf2\x91\x8c(\xf5\xea\xff\x94e\x7f\
\xcf\x95\xf8\xf7\xbaC\x00e#Hq\xf1l\xe5_\x9b\
\x97\x85\xa6\x7f>\x17u\x02\xbc\xdb\x9c9\xd1\xad\xf5c\
G\xa6\xe9o\xfd\xc9GtV\xdc>\xfa\xd5\x9c\x00\xac\
\x0e\xf0+\x9ey\x00re\xe5\xd0\xae\xa7\x9f\x1b\xa9\xaf\
\xacD\x00\x008\x0d\x9f\x0f\x00F\xa31\xc24a|\
4o\xd4\xc3y\x07}\xde\xee\xfd\x9f\x8a\x1a\x02\xac\x94\
\x88%\x82\x19\x09\xec\xaf\x7fO\x8a*\xceMHKK\
C\x08\xf0b\xa3F\x8djn\x18\x1d\xf5\x85\xe1\xde\xbb\
\xb6\xd2\xe9\xd3\xdcK\x04\xd5\xd5\x01\x08\x01~\x82\x9f\x9b\
\x12\x7fOM\xa4\xa9eH\xe7[oOZ~\xd1E\
\x03\xb0\x1a\x00\xe0\xd4|>\x00to\xdd\x19\xaaT\xd5\
\x0e\xe3W\xfeA\x8c\xb0~I\xfcj\x08\xf0\xd4\x09\xc8\
\xc8J`/\xbd\x9c\x1cU\xd7\x18\x9f\x9e\x9e\x1e\x82\x06\
\xc7{EEE5\x15\x18u{\x0d\x0f\xaf\xdf&\x8d\
\x1f\xf7\x05\x91\xa4*\xfeF:p;\xc0\x7f0Q\xfc\
\x8b\x11\x9bd6\x0d\x1d0eJ\xcc\xee\xdd\xbb\x0d\xea\
&\x00\xf8\x06\x9f\x0e\x00\xa2\xf4/\xfb\xc3cC\xed\xff\
\xf7\xaf\x09La\xe1b\xf8_\xdd\xd4\xe7\xd4\x10 n\
\x07\x8c\xa6\xb9\xf9\x09\xec\xb1'W\x0doiO<x\
\xf0`\x10B\x80\xf7\x12u\x02r\x5c\xf6\xfd\xfa\xe7\x9e\
N\xa3\xe1\xe1\x15\xbc\xe7\xef\xe6/#\x00\xf8\x0f~^\
\x12\x03s\xca\x11J~\xd10GY\x19n\x03\x00\x9c\
\x82O\x07\x80\x95+W\x8e\xd4\xcc\x993\x81\xca\xae\x01\
\xbc\xc7u?\xf3_t\xcc\xee\x8d\xfd\xe0\x84\x100\x92\
\x16\x14'\xb0{~\xb3jd\xbbc1\x8a\x05y/\
\x11\xce\x8c\x0e\x87\x86vu\xf1c\x9f\x22\xa8\xf9\x1f\xfe\
\xa623in\x1e\xda~\xfb/\xa7Ffg\xa3*\
 \xc0)\xf8\xf6-\x80\xb6\xb6Pb2\x0e$\x8cZ\
\xfbk\xf8\xff\x9bN\x08\x01Q\xa4\xaa:\x9e\xdd}\xf7\
\xaa\xf1vW\x22\xea\x04x\x1f\xd1\xf9g}\xfey\xe8\
(\x97\xb4\xa0\xfb\xf6_\xcdeMM\xc3\xf8\xfb\xd7\xe7\
\xf3F\xa0\xff\xb8\xcfGJ\xb5\x8c\x92`\xa6(\xc3\xa7\
\xac\xb9l\x1aJ\x03\x03\x9c\x9cO\x07\x80\xa6\xa4K\xa2\
\x1c;?\x8ef\x94\x89\x07\xff\x5c\xb0\xa1\xbe\xde\x10\xe0\
\xae\x13P\x1bO\x1e\xd8\xb0Z\xd4\x09\xc8\xcc\xcc\x0cS\
w\x01/P\x92U2pDS\xe7\x82\xae\x07\x1eL\
V*\xabf\x11\x97s0\xef(\xf4\xe2\xfdSw\x01\
\xff\xc0OE\xa2'\x12\x0dSL\xc6\xe1z\xbd\x1e\xf3\
\x00\x00N\xc2\xa7\x03\x80RZ\x1eN\xea\xea\x06\xf3\xc8\
o\xe1?\x8a\xf1\xdc\x0b\xd6\x90\xf3\xffc\xb5N\x00\x0f\
\x01\xa5\xe5s\xd9#\x7fH\x1e\x98]8\x1fu\x02\xbc\
Cmm\xed\xe0\xf0\xbd\xbb\x13\x5c\xcf=\x97\xc4JJ\
\xe6P\xd95\x82\xbf_g\xf5\xb8h\xf0\x19\xa2-0\
\x90n\xfb\xa0\xae\x8d\x8fLj\xfd\xf7\xbf\xdd\xb7\x07\x01\
\xe0\xeb|\xb2\xf1\x13C\xb9\x8a\xa2\x0c\xd3\x0c\x1f.\xae\
\xb0M\x8c\xb0~\x9b\xfcw:\x22\x80\x9c0' \x9e\
\xbd\xf2jR\xd8\x91/\xe7\xd7\xd4\xd4\x0cRw\x81\x0b\
@\x1c+\xc6\xf7>\x8cw}\xf0\xe1\x0a9\xf3X<\
?xFy\xc2\x1a:\x7f\x7f\xe4>\x0f\xc5m\x00E\
\x09u\x1dJ\x1f{\xd1\xc8\xb1\xd1)))\xe2V\x0f\
\x00\x9c\xc0'\x1b\xc0\x0d\x1b6\xf0s\x9c\x8c\xd0D\x0d\
\x1bH\x18\xd1\xf23^\xfc\xec\x15\xd4\x10 \x96\x08F\
I99s\x94\xd7\xdfX&\xed\xf9|\x16\xea\x04\xf4\
?\x11\x14\xab\xaa\xaa\x06t\xfdcs\x9c\xbc}\xd7\x12\
9\xfd\xf0l\xf1\xbe\xb8\xdf\x1ft\xfe\xfeN\x8c\x02\x18\
\x99\xa4\x89 \x03\xc3\xc7\x0c\x1f><H}\x1d\x00T\
>\xd9\x08\xc6\xc4\xc4P\xc7\x87\xdb\x87\xb0\xce\xae\x81\xfc\
G\xb3\xe7\x5c\xf7\x1ej\x08\x10+\x01\xc6x\xea\x04\xfc\
%9\xaa\xba.!=%=\xc4\xb3\x07\xf45Q\x07\
>\xf7`nx\xd0\xfe/\xe3\xed\xff\xfa\xe7J\xd7\x17\
_$P\xc2\xc4\x95?Vh\x04\x061\x0f@G\x98\
\x12\xeaJ\xcf\x88rfd`\x22 \xc07\xf8\x5c\x00\
\x10Wu#\xecvK\xfb\x9d\xf7F\xbb\x8e\x1c\x1d\xcd\
Os\xf1h^It\xba\x9e=\xbc\x83\x1a\x02<\xc5\
\x82\xb2s\x13\xd8\x93\x7fL\x1eF;\x16\xec\xdf\xbf\x1f\
u\x02\xfa\x98\xe8\xfc\xafX\xba4xHc\xc5\x02\xfb\
\xf3/%\xc9\x19Y\xf1\x94y:\x7f\xf1\xbex\xdb\xb1\
\x02\xe7\x9f\xfb\xfc\xa3TGey@\xf7\xcb\xaf\xc7t\
?\xf9,\xc27\xc07\xf8\x5c\x00\xd8\xbd{\xb7fV\
rr\x8c\x14\x111\x8a\xb9\xe40\xc6\x88\xc1[\x1bt\
w#\xe4\x99\x130\x8a\x16\x14\xcd#\xbf\xbe\x7f\xcdX\
\xa7\xb2D\x14\x0bRw\x81\xf3\xac\xa7\xf3\x1fC\xb5\x8b\
\x9d\x0f>\xb4J.,\xec\xb9\xe7\xef\xee\xfc\xd5\xdd \
0\x88\xf7\xdbL\x1592l\xf00\x1b\x9e\x0e\x08\xf0\
u>wB\xd4\xd5\xd5I\xb2\xdd5\x98\x18\xf5\x11\xfc\
\xec6\xf2\xeb9\xaf\xfe;|\x15\x02H\x14\xa9\xac\x8a\
g?\xbfsuTs\x1b\xea\x04\xf4\x011\xb2\xb2v\
\xc5\x8a\x901\x1a\xfd\xa2\xee_\xdc\xbdJ\xa9\xa9\x9e\xcb\
\xaf\x00G\xba\x7f\xff\xe8\xfc\x03\x13\xa3\x12\x93$\xdd\x80\
E\xf1c\xef\xb9\xe7\x9e\x01\xea\xab\x00\xc0\xf9\x5c\x000\
\xee\xda\xa5m\xbb\xee\x07\x13XE\xf5p\xde\xa4\x8b\xfb\
\xb9^\xffwPC\x80\x89\x12e\x04\xa9o\x98C\x1e\
\xdc\x98\x1c\xd5\xd2\xbe\x10u\x02\xce\xaf\xfc\xf4\xf4\x88Q\
\xad\x9d\x0b\xba~\xf3\xdb\x95J}\xdd,\xear\x0d\xf7\
\xfc\xde}\xef8\x87\xf3\x89QEg0H\x92\xa4W\
_\x00\x00\xce\xe7\x1a\xc6\xee\xa6&I\xc9-\x18\xaat\
vDz\xf3\xf0\xff7\x89N\xc8s%\xaaD\x91\xd2\
\xf2x\xb6\xe1\x91U\xa2N\xc0\xb1c\xc7\xc2\xd5]\xe0\
\x1c\xd4\xd5\xd5\x0d\x19\x9aW\x94`\x7f\xfa\xd9$V|\
<\x9e_\xf9\x8b\xd9\xfe\xe2\xca\x1f\xb5\xe0\x03\x1a\x13\xf3\
\x83\x8cT\xaf\x0f\xe5\x01\x00K\x01\x01N\xe0S\x01 \
%%E{\xf1\xef~7\x9c\x18\x0cA\xfc\x92\xda@\
.`\xf5\xbf\xef\xa37\x04P\x16E\x8bJ\xdcu\x02\
\x22\xf3\x8e'\xa0N\xc0\xb9\xe9\xe8\xe8\x18fx\xf7\x83\
\xb9\x8e\xcd\xff^!\xe7\xe4\xcc\xa5\x8a\xd2\xd3\xf9\xe3\xca\
?\xc01J4\xfcB!\xcc\xf1\x9f\xff\x8dm\x7f\xf6\
\x05\x8c\xb8\x01\x9c\xc0\xd7\x1aH\xad\xc6d\x1bB\xad\x16\
#\xa1\xcc'\x1bw\xde)\xf5\xac\x0e\x18I\xb3s\xe3\
\xd9\xcb/'iv~\x1a\x7f\xe8\xd0!T\x0c<K\
\xe2\x9e\xbf\xb8\xf2\x97\xff\xf1\xf6l\xd7\xfb\xdb\x96\xbb\x0e\
|)f\xfb\x8b{\xfeb\xc2\x1f:\xff\x00'\xce5\
\xfe\x8f\x86\x1f(\xc1\xae\xc3GGw\xbf\xf2*\xce1\
\x80\x13\xf8T#i0\x18(\xd1\xba\x1f\xde\xa2c\xee\
\x93\xdb7\x9d\x10\x02FI\x99\x99s\x957\xdeX1\
\xbc\xa6!\x1eu\x02\xce\x9c\xe8\xfc\xb3\xb3\xb3\xc3\x0c\xa9\
{f\xb9\xde\xdb\xbaL>xh\x0e\xd6\xf9\xc3\xc9P\
B\xc5\xbd\xff Ktt8*\x02\x02|\xc5\xa7\x02\
@sa\xa1\x8e\x15\x14\x0cc\x94\x86\x10\xe6~\xf6\xbf\
\xcf\x87\x00\xfe\xed\x18\x9a\x9b\x9f\xc0\x1e{*y\x18k\
]\xb8s\xe7N\xac\x0e\xf8\x0eb9\xd7\x9e={B\
\xa2*k\xe6\xbb^|5I\xce\xc8\x98{b\xe7/\
~\xb7\xee\x1d\x018F\xc4h!\x934\x13'\x0cY\
\xb8p\xe1P\xf5e\x80\x80\xe7S\x01\xc0\xf5\xaf\xad\xfa\
\x96\x9f\xfej2i\x10\x8fqe\xe2\x01\x1f>\xdd\xd0\
\xf7\x84\x00\xf7\xed\x80\x82\x82y\xe4\xbe\x07W\xc7\xeam\
\x8bx\xe7&\x8a\x1b\xc1I\xf4\xac\xf3\x9fa0'v\
=\xb81Y]\xe7?Zt\xfe\xe2\xf7\x89\xce\x1fN\
\x86\x1f\x1f\x12\xd1HZJ\xa9N}\x09 \xe0\xf9L\
\x00\x10C\xbe\x83\x07\x0f\xd4\x91\xee\xceA\x84(A\xe2\
a\x1f\xfe\xd0\xd8\x8b\xbf\x03o\x9c\xd4:\x01\x95\x09\xe4\
\xae\xbb\xd7\x8cw*K\xd2\xd3q;\xe0\x9b\xc41p\
Urr\xe8H\x99$v\xdfz\xc7jVU%f\
\xfbc\x9d?|\x17\x11\x0cMDa\x11\xac\xa5\x05E\
\xb8\x00T>\x13\x00\x8e\x1c9b\x8e\xbd\xe1\xca\x09T\
g0\xf1~\xc0\xa7\x87\xff\xbf\xa97\x04\x10\x1e\x02\xaa\
k\xe6\x92\xfb\x1eX5\xbc\xaa!\x11u\x02\xbe\xae\xf0\
\xc8\x91HQ?\xc1\xf9\x9b\xdf%+\xb5us\xa8\xcb\
\x85\xd9\xfepZ\xe2\xdc\x12\xab\x85\x18aa\x8e\x0fw\
D\xb7\xac\xbbn\xb8\xba\x09 \xe0\xf9L\xc3i0\x18\
$Y\xaf\xb71\x8d$\x96\xfe\xf9M\xe7\xdf\xc3\x13\x02\
\x88\xd1],\xa8\xbcr\x8e\xf2\x87\xc7V\x0e\xccC\x9d\
\x80\x1e\xc5\xc5\xc5\x83\x06\xe7\x14\xc4\xdb\x9fzv\xb9R\
Q>\x9b2\x19E~\xe0LQ\xca\xa8\x99t\xb6\x0f\
tee\xe3|\x02P\xf9L\xe3\xe9t:\xb5Z\x8d\
>\x98Rj\xe0?\xfa]\x00\x10Dg\xc6;5\xcf\
\x9c\x00Q'\xe0\x85\x97\x93\x22\xf3\x8b\xe6UU\xb5\x05\
t\x09SEQ\x86\x0f\xd8\xbb\x7f\xb6{\x9d\x7fv\xb6\
X\xe7\xdf3\xec\x8f\x22?pF\x18ab\xd4\xd0\xa4\
\x990a ?\x9e\xc4SD\x01\x02\x9e\xcf\x04\x80\xd6\
m\xdbL\xdd\xff\xfd\xdfh\xa6\xc8\xe1\x94\x121\x91\xc7\
_C\xc0W\x13\x03s\xf2\xe3\xd9K\x7fY\xa9\xdd\xb7\
{N \xd6\x09\x10\xf7\xfckkk\x07\xb7\xffe\xd3\
,\xc7\xbb\x1f.\x97\x0f\x1c\x98\xab>\xd5\x0f\xcf\xf3\x87\
\xef\x81R),D\xac\x14\x19 \x8e-\xcfk\x00\x81\
\xcbw\x1a\xd1\xed)\xa6\xee\xbf\xfec\x02\xedv\x0c\xe4\
i^/:Ju\x8b\xdf9!\x04\x8c\xa6\x19Y\xf3\
\xd8K/'\x8f\xc8-\x09\xa8\xdb\x01\xa2\x81.,,\
\x8c4n\xdf\x19\xefz\xf7\xfd\x15\xf2\xe7\x9f'\xf0\x97\
\xc7\xf0\xdf\x0b\xd6\xf9\x03\x00\x9c\x07>\x11\x00D\x09\xe0\
\xc1\x13\xa2-b\x22\x0f\xff0\xf1\xfe\xd1\xef\xaf\xfe\xd4\
\x10 \xca\x06{*\x06\xbe\xf8\xd2\xca\xc8\xea\xbay\x81\
P'@,\xf5;\xbc{w\xf0\xe0\x92\xf2\x04\xd7\x1b\
\x7f_!g\x1c\x9d\xc3_\x16K\xfdD\xdd\x04\xf7\xef\
F|\x058k\x12\x06\x8e\x00z\xf8\xc4\xd90~\xfc\
\xf8\xd0a+\x97\x8f\xa7\x1a\x8d\x8e\xd2\xc0\x19\xfa=a\
$`\x14)*J \xbf]\xbfJ\xd4\x09\xe0\x81\xc8\
o\xaf\x82E\xe7\x9f4{\xb65\x9a\xff=\xbb\x1e\xdc\
\x90$\x17\x17\x9f8\xec\x8fu\xfep.(\xbfv\x10\
\xb5\x000w\x04\x80\xf3\x89\xce\x94\x9f\xb0\xa2\xd1\xd7\xf2\
\xf4.\xbe\x06T\x07 :<O\x08 Q\xa4\xac|\
\x1e\xf9\xd5\x9d\x17O\x96tK\xd2\xd2\xd2\xfcn$\xa0\
g\x9d\xff\x94\xf0\x01K\xba\x7f\xf1\xcb\xd5\xac\xb2*\xe1\
\x84u\xfe\xb8t\x83\xef\x8fw\xfdb\x95\x0d\xff\x1a\xee\
jn\xc6\xf2Z\x00\x0e\x8d\xaa\x0fPC\x00\xef\x04\xd9\
\x08R[;\x97\xde\xfb\xc0\xaa\xa8\xba\xd6E\xfe4'\
\xc0}\xcf_\xac\xf3ol_\xd8\xf5\xcb{\x92\x95\xda\
\xda9Tv\x8d@\xe7\x0f\xe7J\x9c?\xfc\x1f\x0da\
$\xc8u mt\xfb\xda\xeb\xc6l\xd8\xb0\x81\xbf\x06\
\x10\xd8\xd0\xb0\xfa\x085\x04\x98D\x08`\xe5\x15\xf1\xe4\
\xf7\x8f\xae\x1ap$gaNNN\x84\xba\x8bO;\
~\xfc\xf8\xa0\x01\x99\xd9\xf3\xecO=\x9d\xc4\xca\xca\xe3\
\xa9\xd2\xfb<\x7f\x1c\xa3p\xce<!\x80\x99\x88\xbd{\
\x80\x9c\x9370\xe6\xd81\x04\x00\x08xh\x5c}\x88\
\xe8\x0c=\x9d\xa2\x12E\x8a\x8e\xcfQ^\xfb\xcb\xf2\xf0\
\x9c\xfcx_\xaf\x13\xd0\xd1\xd114,\xf5\xf3Y\xce\
\x7f\xbf\xbbT\xce\xcb\x9b\xc5\xff~\xa2\xc8\x0f:\x7f8\
\xbf(?\x7f\x181\xd0\xc1\x03#\xae|\xe6\x99!X\
\x0a\x08\x81\xcew\x1aX\xcf<\x80\x80\xc7\x7f\x09\xbd\x13\
\x03iN~\x02{\xf9\xb5$\xed\xe7\xa9s\xbf\xf8\xc2\
\xf7n\x07\x88\x06X\xac\xf3\x97\xff\xb1y\xa6\xf3\xfd\x0f\
V\xb0/\xdd\xcf\xf3w?\xd5\x0f\x9d?\xf4\x091\xa1\
\xc8j5\x92\xd0\xd0A[\xb6l\xc11\x06\x01\xcd'\
N\x00-\xa7H\xd4\xc4\xd3\xbb\xa8\xe6%\x04t\x18\xf8\
Z\x08\xc8\xc8J`/\xbe\x944\xba$/\xc1\x97\x9e\
\x1d\xd0\xbb\xce\x7f\xdb\xc7s]\xdb\xb7\xaf`\xfb\xf7\xc7\
\xf3\x97\xb1\xce\x1f\x00\xa0\x9f\xf8D\x00\xb0\x7f\xf6\x99\x95\
\x95\x96\x0f\xe3=_0aX\xc2#\xa8!@\xd4\x09\
\x18E\xb3s\x13\xd8K/\xad\x1aTZ\xbd\xf0\xe8\xd1\
\xa3\xa1\xde>\xb4)\x96\xfae\x1f8\x106\xe0X\xc1\
|\xe7\x1b\x7fM\x96\xd3\x0e\x8a\xce\x1f\xeb\xfc\x01\x00\xfa\
\x91O\x04\x80\x96\x0d\x8f\x87v<\xf5\xccd\xeat\x0d\
\xe0]\x1b\x9e\xe7\xad:a$`$\xcd/\x8cg\x1b\
\x1fJ\x1e\xdc\xd4\xb9`\xf7\xee\xdd\xee\x8e\xd4\x1b\x89\xce\
\x7f\xcd\xbcy\xb6(\xa2Y\xe0\xfa\xc3\xe3+\x95\xe2\x92\
9'\x0c\xfbc\x9d?\x00@?\xf1\xfa\x00 \xaef\
-\x16\xb3\x85\xda\x1d\x03yw':6Q\x0c\x00\x9d\
\x84J\xfc.\xd4\x100\x8aTT&\x90\xbb\xee^\xe3\
\xadu\x02\xc4{y\xc5\x15W\x04O\x0e\x8dH\xec\xfe\
\xd9/W\xc9\x95\x95=\xb3\xfd\xddE~\xd4\xdd\x00\x00\
\xa0\x1fx}\x00\xd8\xb9s\xe7\xe0\x88\xe4\x15Q\xfc\xca\
_\x8f\xe1\xff\x93SC\x80\xa7N@uu<\xf9\xf5\
\xfd\xab\xa3\x9aZ\x17\xa5\xa7\xa7\x87\xa8\xbb\x5cp\xee{\
\xfeG\x8eD\x8eih^\xd8\xf9\x8b\xbb\x92\x95\x9a\xda\
\xb9X\xe7\x0f\x00p\xe1x}\xc3\xab\xd3\xe9\xf4\xd4\xa4\
7\x13\xdeS\xa8/\xc1I\xa8!\xc0]'\x80TT\
\xcde\x0f\xfd>yXE\xf5\xc2\x9c\x9c\x0a\xaf\xa8\x13\
PZZ:\xd8\xbd\xce\xff\xf7O$\xc9\xe5es)\
\x93\xd1\xf9\x03\x00\x5c@h|\xfd\x88\xe8L=\x9d\xaa\
2\x92\x16\x95\xc4\xb3\xa7\x9eK\x8e\xc8\xf8bAuu\
\xdb\x05}\xfe\xb9x\x9e\x7f\xe8\xce\xd4\xb9\xae\x7fmY\
)\xe7\xe4\xc6S\xb9\xf7y\xfe8\xfe\x00\x00.\x104\
\xc0~F\x1d\x09\x10\xab\x03\xa2\xa4\x82\xbc\xd9\xca\xeb\x9b\
\x96i\xf6\xef\x99}\xa1\xea\x04\xd4\xd4\xd4\x0c\xeazc\
\xd3E\xf2\xce]\x8b\x95\xf4#\xb3(SP\xe1\x0f\x00\
\xc0\x0b\xa0\x11\xf6Cj\x08\x10\xeb\xe9\xc7x\xea\x04\xbc\
\x98<\xba(g^\x7f\xd6\x09\x10\xf7\xfc\xf3\x0e\x1d\x8a\
4\xed\xd85\xc7\xfe\xde\xd6\x95\xf2\xde\xbd'>\xcf\x9f\
\xff'\x02\x00\xc0\x85\x84\x00\xe0\xa7\xd4\x10\xe0)\x16\x94\
\x95\x9d\xc0^y%y`M\xfd<11\xb0\xaf\xeb\
\x04\x88\xa5~\x07\x0e\x1c\x08\x1bTS?\xdf\xf5\x8f\x7f\
\xae\x94\xd3\xd3\xe7\xf2\x97\xb1\xce\x1f\x00\xc0\x8b \x00\xf8\
\xb1\xaf\x85\x80\xfc\xc2\x04\xf2\xbb\x87V\x0fk\xeb\x5ct\
\xf0\xe0\xc1 u\x97\xf3Nt\xfe7^zi\xd0\xc4\
\x8e\xeeE\xce\x87\x1eM\x96srN,\xef\x8bu\xfe\
\x00\x00^\x02\x01\xc0\xcf\xa9!@\xcc\x09\x18I\x8e\x97\
%\x90_\xde\xb3fd\x97c\xf1\xfe\xfd\xfb\xcf{\x08\
\xe8Y\xe7?X\xa1\x8b\x9dw\xff&Y\xa9\xa8\x8e\xa7\
\x8a\x22:\x7f\xac\xf3\x07\x00\xf02\x08\x00\x01\xa07\x04\
\x10e\x04\xa9\xad\x9b\xc3\xee\xbe/9\x9a_\xa1\x9f\xcf\
:\x01\xa2\xf3?\xb0kW\x98{\x9d\xff\x1dw\xaeT\
\xea\xebgS\xc5\x85\xa7\xfa\x01\x00x)4\xcc\x01\xe2\
\x84\x10\x10E*\xaa\xe2\x95\x87\x1e]\x15UQ\xbd\xb0\
\xbc\xbc\xfc\xbc\xac\x0e\x10\xeb\xfc'v9\xe6\xdb\x1f\x15\
\xeb\xfc\xf1<\x7f\x00\x00o\x87\xc69\x80\x88\xce\xb8'\
\x04\xb0\x82\xe2x\xe5\x8f\xcf%\x1b\xbeHK8\xd7:\
\x01\x8a\xa2\x0cs\xaf\xf3\xff\xcb\x1b+\xe5\xdc\x9c\xb9T\
F\xe7\x0f\x00\xe0\xed\xd0@\x07\x98\xde\x91\x00\xcaF\xb2\
\xdc\xfcx\xf6\x97\xbf&i\xf7}\x92\x90\x97\x97\x17\xa9\
\xeerV\xea\xea:\x86\xb4\xff\xe5\x8d\xd9\xaem\xdb\x96\
\xcb\xe9G\xe6R\xc6\xff\xbd\x9e{\xfe8\xb6\x00\x00\xbc\
\x18\x1a\xe9\x00\xa4\x86\x00\xf7S\x04\xa5\xcc\xcc\xb9\xe4\xd5\
\xd7\x96G\x1c\xc9\x8e?\x9b:\x01\xe2\x9e\x7fNNN\
\x84a\xdb\xfff\xb9\xb6~\xb4T\xfe\xe2\xcb9\x94|\
5\xdb_\xdd\x0d\x00\x00\xbc\x14\x02@\x80\xea\x09\x01\xfc\
\xdb1,#;\xc1\xf5\xc2\x8b\xc9\x03\xabj\xe7\x9f\xc9\
\xc4@\xb1\xd4/\xeb\xf3\xcfC\x87\x97\x94\xcfs\xfd\xdf\
?W\xca\x87\x0e\xc5\xf7t\xfe\xea.\x00\x00\xe0\xe5\x10\
\x00\x02\xd8\x09#\x01\xee:\x01\xf4\xa1GWE;\x95\
\x05\xd9\xd9\xd96u\x97o\xe9Y\xe7?\x8ah\x16\xda\
\x1f},I>\x86u\xfe\x00\x00\xbe\x08\x01 \xc0\xa9\
!\xc03'\xa0\xf8\xf8\xbc\xee\x9f\xdfy\xf1\x88\xd6\x8e\
\xa5iii\xc1\xea.\xbdD\xe7\xbfv\xee\x8a\x90\xf0\
\xd6\x8e%\xdd\xb7\xffj\x8d\x5cV\x9a\x80u\xfe\x00\x00\
\xbe\x09\x01\x00\xbe\x0a\x01\x84\x8dP**\xe2\xbbo\xff\
\xe5\xaa\x89]\x8e\xc5\xc5\xc5\xc5\xbd\xb7\x03\xc4=\xff5\
\x8b\x16\x85\x8d\xd2:\x16\xba\x8b\xfc\xd4\xd5\xcf\xa1.\xcc\
\xf6\x07\x00\xf0U^\xdfp+\x8a\xc2\xd4o\xa1\x0f\xa9\
!\xc0\xe4\x0e\x01U5s\xba\x1e\xd8\xb8r@Q\xd1\
\x82\x8a\x8a\x8a\x08\xb1\xbd\xa8\xa8h@t[\xe7<\xfb\
cO\xaePjjfS&\xa3\xc8\x0f\x00\x80\x0f\xf3\
\xfa\xc6[\x92\xa4\x06\xf9xE\x0d\xef\xa1\x14\xfe\x810\
\xd0\x87Dg\xee\xe9\xd4\x95\x91\xac\xa00\xde\xfe\xe8\xd3\
\xab\x832\x8e-\xe9\xect$\x0c\xf8\x22m\xa1\xeb\xd5\
\xd7\x92\xe4\xdc\x5c\x14\xf9\x01\x00\xf0\x03^\xdf\x80'&\
&\xb6W~\xba\xbb\x8aw\xfdm\x8c\x11\x07\x7f\x09!\
\xa0\x0f\xa9#\x01\xee9\x01rn^\xbc\xf3\xcf\xaf\x5c\
n\x7f\xf8\x91k]\x1fl\xbdTN\xcf\xc0:\x7f\x00\
\x00?\xe1\x13\x8d\xb8.nV\x9bf\xd2\xc4\x12\xde;\
5\xf3\xfe_\xdc\x13@\x08\xe8Cj\x08\xb0PJF\
)\xe9\xe9\xf3\xe4\xbf\xbf\xb5\xd2\x95\xbag\x01\x0f\x05\xe2\
\x91\xbeX\xe7\x0f\xbe\x8bq\xad\xad\xdd\xc4\xe5j\xce\xca\
\xcaB;\x02\x01M\xa3~\xf5j\xf7~\xf0\xae!x\
\xd4\xa8H\xe7\xb6\x9dc\xa8\xac\x84\xf3\xeeG\x8bN\xa8\
o\xa9\xbf_\x1d\xa3\xd4\xcc\xbf\x06\x11Jm\xfc%\xfd\
\x09\xdb\x00|\x0aO\xb5NJi#koO{\xd2\
\xde\xf1\xde\xc6\x8d\x1beu\x13@@\xf2\x89\x11\x00\x8d\
FcW\x5c\xcez~\xf1\xdf\xc9\xcfbE}\x19\xfa\
\x87\xc4;\x7f\xad\xf8*:~t\xfe\xe0\x8b\xc4\xa8!\
\xff\xb03\x93\xa9\x9e\x84\x85\xd6\xf1\x97\xd0\x8e@\xc0\xf3\
\x89\x00 F\xed4\x84\xca\xbc\xfb\xe99i1t\xd7\
Oz:}t\xfc\xe0\xabD\xe7\xcf\xff\x11\xedG\x8b\
n\xe6E\x05!\xefn.P7\x01\x044\xdf\x99\xc8\
\xc5C\x80\xfa\x1d\x00\xc0\xd9a\x84\xf1\x04\xdb\xcd\xdb\x91\
\x06\xed\xa8Q\xf5\x1b6l@{\x02\x01\x0f3\xb9\x01\
 P0\x22\xcb.~-\xe1T\x7f\x06\x08h\x08\x00\
\x00\x108<#\x89\xb8\xfa\x07\xe0\x10\x00\x00\x00\x00\x02\
\x90O\x04\x00\xadV\xdb\xc5\xda\xda\x9ayz\x17\x93\x00\
\x91\xde\x01\xe0{\xe0\x0dHSS\x07\xed\xa6-\x94R\
\xb4#\x10\xf0|\x22\x00DFF\xb6\xa5\xbf\xfd\x8f\x02\
\x22\xbb:\x19\xa3\xb8\x7f\x07\x00g\x85\x12\xeab\x84\xda\
\xe5\x9c\xbczb\x22e\xea\xcb\x00\x01\xcdgn\x01\xb8\
\xccav\x12\x1cRI$\xda\xc6\x83\xbc\xcc\xe3;\x12\
<\x00\x9c\x96\xdaN0FX\x97d1\xd7J\xa1\xa1\
\xcd\xb8\xfa\x07\xf0\xf0\x99\x00`\xba\xf7\x17\x9d\x96g\x1e\
\xcf zC\x15\xa5\xc4\xce_\xc2I\x0c\x00\xdf\x8d_\
0PB\x1bu\xab\x93sm\xff\xddr\x5c}\x15 \
\xe0\xf9\xce\x08\x80\xcb\xe5\xa0!\xa1UD\xa2\xad\x8cQ\
\x94\xf0\x04\x803\xc5\x9b\x0c\xd2\xc9/\x19\xea\xb4\xa3G\
4\xa9\xaf\x01\x04<\x9f\x09\x00\xc1\xc1\xc1\xe2\x8a\xdfA\
\x98\xe2\xe2_q\xf5\x0f\x00g\x8c\x8a\xbb\x00\x8a,\xe6\
\x0f\x89\xf6\x03\x008\x9f\x09\x00\xd5\xd5\xd5]\x1d\x05\xb9\
E\xd4)\xf3\x13\x18\xcf\x03\x00\x803C\x89\xbb\x84\xb8\
\x22gfW566V{^\x05\x00\x9f\x09\x00\x89\
\x89\x89\xae/\xfe\xfe\x9fZ&\xbb\x9a(\x11s\x00\x10\
\x02\x00\xe0\x0cP\xe6$\x8c\xb4u\x16\x176EDD\
\xb4\xaa\xaf\x02\x04<\x9f\x09\x00\x82i\xfcP\xa7v\xce\
\xac\x12\xa67\xd4\xf3T\xef`\xb8\x15\x00\x00\xa7\xe0i\
\x1f\x98\xcc\xa8\xd4\xa2\x89\x899\xae\x9f\xb7\xa0Y\xdd\x04\
\x00\x9cO\x05\x00Gr\xb2\xd3\xf6\xe4c\xd94$\xa8\
\x921\xd6\xcd_\xc2(\x00\x00\x9c\x12eD\xe6\x9f\x1a\
\x0d\xd7\xac\xcd\xb5=\xffd\xad\xfa2\x00p>\x15\x00\
ZZZ\x9c\x8a\xa3\xab\x82\xcar\x1b\xa5\xfc\xc4\x06\x00\
8-\xaa\x10F\xbah{Ge\xbb\xc3\xd1\xa2\xbe\x08\
\x00\x9cO\x05\x80u\xeb\xd69\xb2\xfe\xef\xff2\x94\xa6\
\xe6V~R\x8b\xc9\x80\xb8\x05\x00\x00\xa7F\x99B\x15\
\xe68\xfe\xde\xbby\xcf?\xff|\x95\xfa*\x00p>\
\x15\x00\x84\xb2\xaa*\x07\xd5H\xb5\x84\x92V\xca(\x96\
\xf4\x00\xc0\xb7\xa8\xf3\x83\x14\x9e\x00:\x98NWko\
h\xea\xda\xb8q#n\x19\x02\x9c\xc0\xe7\x02\x806&\
F6?\xff\xc7li\xd0\xc0RFY\x07?\xcbq\
R\x03\xc0\xb7PF\x9cL\xa3\xa95\xdfq[\x96\xe9\
\x8e\x9fb\xf8\x1f\xe0\x1b|o\x04\xc0hTt\xf3\xe2\
+\x88\xd9Z\xcf3~7\x0f\xfa\x08\x00\x00\xf0M\x8c\
'\x00\x99P\xda\x22\x8d\x1fW\xa6[\xb8\xb0C}\x1d\
\x00T>\x17\x00n\xbe\xf9f\x97\xb3\xbc>Oik\
m\xe6'7n\x01\x00\xc0\xa9(\xc4\xe5\xea\xea\xca\xcb\
\xc9kiiiS_\x03\x00\x95\xcf\x05\x00\xf1$\xaf\
7\x9f\x7f\xb2\x9a\xd5\xd65P\xc2\xba\xdd\xcb|\x00\x00\
\xbeN\xcc\x10v\xf0\xf6\xa1\xfd\xe8\x7f?\xac\x8a\x8d\x8d\
\xc5\x08\x00\xc07\xf8\x5c\x00\x10*\x07\x0ff\xd2\xd4)\
\x15\xc4b\xada\x84v\xa9\x13~\x00\x00\xdc\x13\x00)\
c.\xaa\xd16k\xc6\x8f+\xd5E\x0cp\xa8\x9b\x00\
\xe0\x04>\x19\x008%t\xf3\x9b\x85\xda\xe9\xd3\x8a\x08\
%m\xfc|\x97\x11\x02\x00@%\xae\xfe\xedL\xaf\xaf\
2?\xf1\xfbL\xc3\xcf\xef\xc4\xd5?\xc0I\xf8d\x00\
\xd8\xb0a\x03#\x16K\x0d\x91\xe5\x06J\xc4D@\x00\
\x80^\x8c_\x188\xa8,7I\x0a+\xb7\x0c\xb2\xd8\
\xd5\xd7\x01\xe0\x04>\x19\x00\xc4<\x80C\x87\x0ee\xcb\
Y\xd9U\xe2\xea\x9f\x9f\xeeX\x09\x00\x00\xbd\xc3\xff\xbc\
\x95h#\x8aR\x91\xff\xbfw\x0e\xff\xf3\x9f\xff\xc4\x08\
\x00\xc0I\xf8\xea-\x00\x12\x17\x17\xe7dmm\x0d\xfc\
\x84o\xa6<\xed\xab/\x03@`cb^\x10\x0d\x0f\
\xad\xb0<\xfepfcpp;\x0a\x00\x01\x9c\x9c\xcf\
\x06\x00\xc1\xf2\xc7\xdf\x97i/\x9aQ\xc8\xcfxQ\xe4\
C\xc1<\x00\x80\x80\xc7\xc4mAJ\xa5z\xed\x9cY\
\xa5\xd2\xfc\xf9X*\x0cp\x0a>\x1d\x00\x0cW\x5cQ\
\xa7\x8d\x1eW\xc6\xbfm\xe5\xb9\x1f\xcb\x01\x01\x02\x9cg\
\xf8\x9f\xb4\xb3\xb6\x8e\xca\xce\xea\xea\x5c\xbb\xdd\xee\xf4l\
\x01\x80o\xf2\xe9\x00\xc0U\xb1\xe6\xe6RBI\x0b\xa5\
\x04':@\x00c\xeeQ@\xdaE\xc2B\xabu\x8b\
\x17\x14l\xff\xe7?\xcb\x12\x13\x131\x02\x00p\x0a>\
\x1d\x00$I\xaa\xeb\xa8o\xcc\x95\x22\x22+x\xf6\x17\
\x13}\xc4\xf2\x1f\xdc\x06\x00\x08HL\xa1\x84uj\x06\
\x0f,\xb7=\xf3D>\x9d;\x17\xa3\x82\x00\xa7\xe1\xeb\
#\x00$t\xd3\xab\xd5\xc6\xeb\xaf\xce\xe1\xbd~\x03e\
\x0c\xa3\x00\x00\x81\xca\xbd\x1a\x88v*\x1d\x9d\xb5\xfc\xa7\
\xca\xc8\xc8HL\xfe\x038\x0d\x9f\x0f\x00\xb2F#\xee\
\xffW\xf0\xb3\xbf\x95P\x8a\xc4\x0f\x10\x80\xc4\xc8\x9f{\
5\x90\xc9\xd0L\x9a\x9a\x8eo\x7f\xfd\xf5,\x0c\xff\x03\
\x9c\x9e\xcf\x07\x80'\x9ex\xa2\xb2\xfd\x8bC\x19T\xd2\
V\xf36\xc0}\x1b\xc0\xb3\x05\x00\x02\x88\xbb\xfa\x9f.\
.\xae\xd9\xfa\xe6kM\x03\x8cF\x5c\xfd\x03|\x07\x8d\
\xfa\xd5g\xa5\xa6\xa6\xb2\x9f\xff\xed5mpX\xd8\x10\
\xe7\xc1\xf4aT!!\x8c\x12\x0d%\x84\xff\x03\x00\x81\
\x82\x9f\xf0\x8aR[\xd7M\xda\xda[\xa3\xee\xfaU\xcb\
\xa2e\xcb\xaa7m\xda\x84 \x00p\x0a>?\x02 \
\x14utT*z\xfdnJh\x09\xa1L<\xf6\x13\
'=@\x00\x11\x81\x9f\x11jb\xdd]\xc3\x1c;?\
\x9e\xd5v\xc7\xdd+\x17N\x9f>=--M\xa7\xee\
\x02\x00\xdf\xe0\x17\x01 11\xb1\xbb\x84\xb8\xf2\x0c\x97\
\xac\xca`\x1aM-o\x09\x9c\xe2\x9e\xa0\xba\x19\x00\x02\
\x00\x0f\x01bD3\x84tvMt\xa6\xa4$\xb6\xdf\
\xf7\xbb\xe4\x8b\xa2\xa2\xa6n\xde\xbcY\xef\xd9\x03\x00N\
\xe4\x17\x01@\xd0$'w\x9an\xba1\x8f\xea\x0du\
\x8c0Q\x1a\x18\x01\x00 \xc0PB\xb5\xfc\xfc\x0f#\
\x0e\xe7D\xc7\xb6\x1d\x89mO\xffi\xe5%3g\xc6\
\xa4\xa4\xa4\x18\xd5]\x00@\xe57\x01\xa0\xb3\xb3\xb3K\
ik/f\xb2\xab\x9eR*\x9e\x10\x88\x00\x00\x10\x80\
<!\x80\x86\xf1\xb6 \xc6\xf1\x7f\x9b\x97\xda_\xfd\xdb\
\xaa\x99C\x87N\xdc\xb7o\x9fI\xdd\x05\x008\x9f\x9f\
\x04\xd8\xe3\xd5W_u\xae\xb6\x0ch\x8fh\xac\x9d\xc2\
::\xa2(#6L\x06\x04\x08L\xfc\xa4\xe7\x177\
\xd4H\x98bS22-Z\x83A\x1a6/\xbee\
j||\xc3\x96-[\xb0\x5c\x18\x80\xf3\x9b\x11\x00\xa1\
fE|W\xd0\xab/\x1d\xa4!!%\x8c\xba\x97\x04\
b2 @\xe0\x12\xf9?\x94\x87\x80\xc9\xdd\xaf\xfdm\
\x99\xfd\xf9W\x92\xd7&&NIII\xd1\xaa\xdb\x01\
\x02\x9a\xdf\x8c\x00\x08o\xbf\xfd\xb6\xf3\xea\xc9s\xab,\
\xfb\xf7\x8e\xa3\x0e\xc70\xcah\x10F\x01\x00\x02\x93z\
\xde\x8b/F\xca\x14\x9b\x9c\x93\x1b\xe4*-\xd7G_\
\x7fm{\xcc\x8c\x19\xd5[\xb6l\xc1mB\x08h~\
\x15\x00\x84\x857]+O]\xbdz\x80\xeb\xd0\xe1\xe1\
J{[\x84\xfb\xe4\xf7\xb3\x91\x0e\x0083\xdf\x08\x01\
V\xa5\xb4\xcc*\xe7\xe7kc\xef\xb8\xbd=&6\xb6\
\x06!\x00\x02\x99\xdfu\x8ck\xd7\xaeuV\x18u\xa9\
\xc4%g\xf1\xb3\xbe\x812\x22V\x04\x00@\x80\x12\xbd\
?\xff\xd0\xf0\x9e>\x94\xd8\xed\x13\x1c\xa9{\x17\xb6\xff\
\xea\xde\x15kW\xad\x8aE\x9d\x00\x08d~\x17\x00(\
\xa5,\xed\xe5\x86r\xddU\x97\xa7K\x91\x91\xc7\x09e\
\xed\xfc\xc4\xc7\x5c\x00\x80\x00\xd7\xbbD\xb0\xab+\xc6\xb1\
\xeb\x93%m\xbf~`\x15\xea\x04@ \xf3\xbb[\x00\
\xc2\xe6\xac\xcdD7u\x8a\xb3{\xfb\xce!JM\xed\
P~\xe2c.\x00\x00\x88\x10 \xf1\x10`\xa0\xb2b\
\x95\x0b\x0amr[\x9b\x14\x93\xb4\xbae\xc9\xe5\x976\
o\xda\xb4\x09\x0f\x0f\x82\x80\xe2\x97\xf7\xc6\xc5(\x00\xb5\
\xd9r\xa4\x88\x904\x1a\x16&V\x04\xb4\xf3\x97\xc5\xc3\
Bp\xbf\x0f \xc0yF\x02HxO\x9d\x00\xe7\xdf\
7%\x8b:\x01[\xb7n5\xa8\xbb\x00\x04\x04\xbf\x9d\
\x1c'B@\xf0\xdf\xff\x9akX\x92\x98\xc1\xbb\xfd:\
\xca\x98S\xdd\x04\x00\x01N\xcc\x09\xe0\x9f\xc3\x98\x22O\
\xee\xde\xf4\xd6\x12\xf2\xcfwV\xae\x9c1c<n\x07\
@ \xf1\xcb[\x00=bbb\xea\x06o\xdfe\x94\
Z[\xc7\x13Y\x8e\xe4\xa9\xc0\x84\xdb\x00\x00\xf0\x15\xb1\
J\x88\xd9\x5cG2\xad\xac\xcb\xae\x89\xbdf]\xfb\xa2\
\xe4\xe4:<E\x10\x02\x81_\x07\x00\xb1\xc4g\xc3\x7f\
\xfe\xa7\xd7J\xd2\x00\xd7\x91\xa3\xc3(cA\x8cR\xcc\
\x05\x00\x00\xd1\x08\x88v@|1RE\x0er\x1d\xcb\
\xb6\xb9\x8e\x97\x19\xa3\xaf\xbf\xb6-f\xc6\x0c,\x11\x04\
\xbf\xe7\xd7\x01@X~\xd5\x95\xad\xa1{\xf6SZX\
4\x81\xff8\x80Pw]\x00\x04\x00\x008!\x04\x10\
\x03U\x14\x9bRZf\x93\xf3\x0b\xb5\xb1w\xfc\x0cu\
\x02\xc0\xef\xf9}\x81\x1c\xf1\xa8`\xc7\xb5W\x14\x1a\xaf\
\xbb\xfa(\x95\xa4Z1\x17\x00\x93\x01\x01\xa0\x87'\x04\
P\x8d{\x89\xa0\xbd{\xa2\xe3\x93\xd4\xc5mw\xdc\xbd\
\xea\xca\xc4\xc4\x19(\x1b\x0c\xfe\xcc\xef\x03\x80\xd06l\
X\x954*j\x0f\xa3\xe48#\xb4\x93\xbf\x84\x00\x00\
\x00\xbdD\x02PW\x07\x84\x12\x87}\x823%ua\
\xfb#\x8f/_\x18\x1b;\x05\x13\x03\xc1_\xf9\xfd-\
\x00\xe1\x85\x17^p\x5c1m\xaa=\xc2l\x1d\xcd*\
+\x86Q\x85XQ\x17\x00\x00\xbe\xe9\x1bu\x02\xac\xac\
\xa5M3)iUK|\xd2\x8a\xa6\xb7\xdez\x0bO\
\x11\x04\xbf\x12\x10\x01@\xb8\xfb\xf5\xd7Y\xf8\x981z\
\xfb\xd6\xed\xa3\x89\x22G\xf2S\xdd\xc0{\xff\x80\x18\x01\
\x01\x803\xe7\x09\x01DL\x0c\xb4\xb92\xb3\xac\x12Q\
\xb4Q\x8b\x966\xcdKF\x08\x00\xff\x120\x01\xe0\xf9\
\xe7\x9f\xb7\xaf\x0b\x0dn\x0cij\x1b\xc3\xda\xdb\x07P\
\xc2\x82\x18\xa1:\x8c\x02\x00\xc07\x89\x8b\x03\xde>\x18\
\x09S\x82\xe4\xa3Y6-%\x9a\xb1\xcb\x974\xc7\xaf\
@\x08\x00\xff\x110\x01@\xf8\xd1\x0b/\xb0\x11\xeb\xd6\
j\x9c\xbb?\xb5\xb1\xd6\xb60\xca\x88\x05\xb7\x02\x00\xe0\
dD\x08\xe0\x9fE\x08\xb0\xc9G3-\x92,k&\
]\xb6\xb6y\xd1\xaa\x95\xf5\xa8\x13\x00\xfe \xa0\x86\xc0\
\xe3\xe2\xe2:\x8b5$5\xe8\xc5gv\xd1\xa1Cs\
\xf9\x19\xde\xca_\xc6\x89\x0c\x00\xa7\x22\xae\x0fB\x89\xa8\
\x18\xf8\x7f\x9b\x97\xb6=\xfc\xc8\xea\x85\xd3\xa7O\xdf\xbc\
ys@]<\x81\x7f\x0a\xb8{\xe0\xd1\xd1\xd1\xad\x05\
\xa5\xa5\xbbH[{:#\xa4\x9a\x9f\xddv\xfe\x15\xab\
\x02\x00\xe0[\xd4\xd1Aq; \x8c8\x9d1\x8e\x1d\
\x1f-n\xfb\xd5\xbd\xab\xae\x5c\xb5j\x06B\x00\xf8\xba\
\x80<\x80\xc3\xa3\xa3\xbb\x17_q\x85\xc5\x95\x97\x1fB\
\x9a[B(#fF\x89V=\xd9\x01\x00z\xa9\xed\
\x02\xff`F\xeatY\x95\xf2J\x9b3\xfb\x98v\xfa\
O~$\xca\x06\xd7\xe2v\x00\xf8\xaa\x80\x0c\x00\xa9\xa9\
\xa9\xec\xf6??\xd7b\x1d1B\xa3\xe4\xe6E\xb0\xc6\
\xa60B\xa9\x85o\xa2\x08\x01\x00\xf0M\xa2]p\xaf\
\x0e\xa0\xccHd\x97\x8d\x95WY]%\xa5\xba\xf1W\
\xafm\x99\x9d\x98\xd8\x88\x89\x81\xe0\x8b\x02v\x19\xdc\xa0\
A\x83j\x8c\x17\xaf\xfa\x8cF\x0dO\xe3\xa7v5%\
\xac[\xdd\x04\x00pR\xa2X\x10\xff\x12B\xba\xed\xe3\
\x9d\x1f\xedZ\xd0\xf1\xdc\x8b\xcb\x16\x8c\x193\x01\x8f\x12\
\x06_\x14\xd0\xeb\xe0%I*&\x8d-\x07\xe8\xe0\xc1\
Y\x8c\x11Q&\xd8\x81\xf9\x00\x00p:\xee\x8a\x81\x94\
D\x10\xa7cr\xf7\x9bo/#\xff\xfaw\xf2\x82\xb1\
c'\xa5\xa4\xa4\x18\xd5]\x00|B\xc0Ob\xf9}\
N\x96\x22iu\x92\xebhF\x08\xe9\xea\x12\xb7\x02\xcc\
\xfce\xdc\x0a\x00\x80S\xe2\x8d\x83\xbbN\x80\xfb)\x82\
\x87\x8e\xd8\xb4T\xa3\x1d\xb9xiS\xfc\x8a\xa5\xa8\x13\
\x00>#\xa0G\x00\x04Ji\x09\xb9|\xcd'\xa6_\
\xfe|\x0f\xd1H\x15\xb8\x15\x00\x00g\x82\x87\x00\x8d{\
u\x00S&w\xff\xfd\x1fK\xed\xaf\xbc\xbc*i\xe6\
\xcc\xc9iii:u\x17\x00\xaf\x86\x00@)3\x86\
\x84\x94T}\xf9\xf9GD\xd2\xe42B\x9a\x08a2\
n\x05\x00\xc0wQC@8S\xe4\xc9\x8e\xb7\xb7,\
k\xfb\xdd#\xab.\x1a;v*\x96\x08\x82/\x08\xf8\
\x00 \x88\x10\xd0\xb6ti\xb5\xe9\xbe\xbb\xf6R\x9d\xe1\
(e\xa4\x960\xe6R7\x03\x00\x9c\x8e\xb8c\x18J\
dy\xa2c\xd7'\x8b\xda\xee_\x9ft\xe5\xaaKQ\
,\x08\xbc\x1e\x0eP\xd5\x8f\x7f\xfdkG\xc8\xb4\xa9\xf5\
\x86\x88H\xea:\x94n\xa5Ng\x10\x13\x0f\x04\xa1\x14\
\xbf#\x008%\xd1\xfb{\xbe0#u\xb9l\xf2\xf1\
2\x9b33C?\xfd\xe6\x9f\xb6/J^\x81:\x01\
\xe0\xb5\xd0\xb9\xa9^}\xf5UeF||\xeb\xe8e\
\x8b\x9b\xb4z\x83I\xce\xc9\x89$\xdd\x8eP~Z\xeb\
\xd5\x13\x1c\x00\xe0\xa4D\x1b\xd1\xfb(a\x97lU*\
*\xacrY\x99n\xfcUW\xb6\xa2N\x00x+\x04\
\x80\x13l\xd9\xb2\x85\xcd\x983\xa79&ye\x9b\xe3\
\xbf\xef\x8d\xa0mm\x83\xf9\x89m\xe5\xa7\xb6X\xfb\x0b\
\x00pZ\xbd!@\x96mrq\x89U\xaek\xd0\x8c\
[\x93\xdc\x12\xbf|9B\x00x\x1d\x04\x80o\x10!\
@c\xb3\xd5\xc7\xb7\xb4\x0dR\xda\xda\x07S\xa7+\xd8\
]\xfdK\xcc\x14\xc0H\x00\x00|\x07O\x08\xa0F\x1e\
\x02\xacr^\xbeY\xe2M\xc7\x88\xc5\x8b\x9a\x96_v\
Y\xcb\xa6M\x9b0\xb7\x08\xbc\x06\x02\xc0I\xec\xde\xbd\
\x9b\x19/Y#\xcb%\xa5\x06\xf9\xf8q+u\xc96\
q\x7f\x0f!\x00\x00\xce\x04o$\xbe\xaa\x13p$\xc3\
\xaa\xd3\xe95#\x17$\xb6\xa0N\x00x\x13\x04\x80\x93\
\xd8\xb8q#!:]\xed\xf2\xdf=\xd0&\x97Wh\
\xe4\xfcB\x1bU\x14\x1e\x02\x88\x89\x7f \x04\x00\xc0w\
\xea\x0d\x01L\x09r\x1d>j%\xf6.\xed\xa4\x8b/\
kYs\xedU\xf5b\xce\x91\xba\x1b\xc0\x05\x83\x00p\
\x0a\xe2\x81A1\xb1\xb1u\xb1\xd7]\xdb\xc2\xecv\xea\
<\x9ai\xa6\x0a\xb3\xf1\xb3\x1a!\x00\x00\xceHO\x08\
 L\x09V\xb2r\x82\xe4\xaa*]\xd4e\x17\xe3)\
\x82\xe0\x15\x10\x00NC\xcc\x07Xs\xf5\xd5\x8d\xe1\xb3\
g6\xe9\x82B%WZZ\x10?\x91C\xf8im\
\x10'\xb6\xba\x1b\x00\xc0\xe9\x88\xeb\x051\x12`\x15\xb7\
\x14\xe5\xc2\x12]\xf4\xad7\xb7\x13I\xaa\x16\x17\x1a\xea\
>\x00\xfd\x0e\x01\xe0;\x88\xa1\xba\xf9+W\xb6\x0c\x89\
\x8bm\xd5\x1a\x8dA\xf2\x91\xcc\xc1TQB\x18%Z\
\x8c\x02\x00\xc0wQ\xdb\x09\xf1a\xa0.\xc5\x22\x8b%\
\x82Y\xd9\xd2\xf2\xf5\x1b;\x16\xadX\x86\x91\x00\xb8`\
p\x15{\x06\x92\x93\x93\xed\x9f\x97\x96f\xd3\x91#\xb7\
\x13J\x0b\xf8K-\xa2\x5c\xb0g+\x00\xc0\xe9\x89\x10\
\xe0y\x8a \x0b'\xdd\xdd\x93\x1c\xa9\x9f-n\xff\xed\
\xfd\xc9\x0b'O\x8e\xc5\xa3\x84\xe1B\xc1\x08\xc0\x19\x12\
3w\xd7\xccOh\x1fd6\x0f\x91\xcb+\xc2\x89\x22\
V\x06\x88\x22A\x14!\x0a\x00\xce\xc8W\xc5\x82\x5c6\
\xb9H\xad\x13\xb0:\xa99~\xc5\x0a\xac\x0e\x80~\x87\
\x00p\x16\xae\xf8\xe5/\x95\x98\xeb\xff_\xb7\x9c\x99m\
\x94\xabklD\x96-\xfce\x84\x00\x008c\x9e\x10\
@\x8c\xfc\x22\x22H\xc9\xc9\xb5\xf1\xc6C36qa\
\xcb\xace\xcbZ\xde~\xfbm\xa7\xba\x1b@\x9fC\x00\
8\x0b\xeeQ\x80\xab\xaf\xae\x19u\xd5\x95]\xae\xf4#\
\x06\xb9\xba\xd6Jd\xc5F(\x15\xe5\x82\x11\x02\x00\xe0\
\x8cx\xda\x0bj\x10\x13\x03]G2\xad\x92^O\xa3\
\x97'\xb5\xc4/_\x8a\x8a\x81\xd0o\x10\x00\xce\x92\x98\
\x14\x183kV\xf5\x8c\xdbn\xe9t\xe5\xe7\xeb\xe4\xb2\
\x0a\x1e\x02d\x11\x02\xdc\xf7\xf1\xc4\xbd>\xf7\x8e\x00\x00\
\xa7!B\x80Z'\xc0\xe6J?j#\x9d\x9d\xda\x98\
uW\xb4\xae\xb9\x0au\x02\xa0\x7f \x00|\x0f[\xb6\
l\x11#\x01U#\xaf\xb8\xacM.>\xae\x93\x8b\x8b\
-\xc4]#\x80\x9f\xcc\x08\x00\x00p\x86zB\x00a\
J\x90\x92\x9d\x13$\x97WjQ'\x00\xfa\x0b\x02\xc0\
\xf7$\x12\xfa\xec\xc5\x8b\xeb\xc6_~I+mm\xd3\
\xbar\xf3\xac\x841+?\xa5\x11\x02\x00\xe0l\x88&\
C\x84\x00\x9br\xbc\xd4\xe6*(\xd2E\xdfp]{\
\xcc\x8c\x19\xd5\xa2\x16\x89\xba\x0f\xc0y\x87\x00p\x0e\xc4\
\xbd\xba\xa4\xab\xaej\x8c\x88\x9d\xd1\xa2'\x8aN\xce\xcc\
\xe6\x01\x80\xd9\x10\x02\x00\xe0L\x89\xb6\x82\x7fx\xe6\x04\
\xc8.\xabR^aue\x1e\xd3M\xbf\xe3g\x9d\x8b\
V\xac\xa8\xc1H\x00\xf4\x15\x04\x80s\xf4\xfa\xeb\xaf\xbb\
\xae\xfe\xd9\xad\xcd\x83g^\xd4\xae\xb4wj\xe5\xbc<\
\xabz;\x00\x13\x03\x01\xe0\x8c\x89\xf6\x82_\xee\x8bG\
\x09[\x94\x9aZ\xb3\x5cR\xa2\x8d^we\xdb\xec\xc4\
\xc4\x06L\x0c\x84\xbe\x80\x00p\x1e\xbc\xfc\xf2\xcb\xce\xa4\
\xff\xf7\xff\xea\xa3\x96/ic\x955:\xf9\xf8\xf1 \
\xa2\xc8\xe2v\x00J\x06\x03\xc0\x19\xfbZ\x9d\x80\xe2\x12\
\x9b\x5c[\xab\x19\xb7fU\xf3\x92K.i\xc2\xa3\x84\
\xe1|C\x008O\xc4H\xc0\xdc\x15+\xeab\xfe\xdf\
\xd5\x1drv\xb6A\xae\xaa\xb1\x12\xd9\xc5C\x00\xea\x04\
\x00\xc0\x99\xeb\xad\x13 \xcb6%'\xdf*1&\x8d\
\x9c\x17\xdf\xbc\xe4\xf2\xcb\x9b\x11\x02\xe0|B\x008\x8f\
z\xea\x04\x8c\x5cwe\xa7\x9c\x91\xa9\x93+klD\
\xf1\x14\x0b\xe2\xa75\x9e \x08\x00g\xc43rH\x0d\
bb\xa0,\xea\x04\xf0\xb6z\xe8\xfc\x84\xe6e\x08\x01\
p\x1e\xe1\xca\xf4<\x8b\x8b\x8bs\x1e*+;`{\
\xe1\xd9\xad\xfa93?%\x1a]\x0ee\xb4\x9e2\xd2\
\xcdS\xbd\xc2?0\xab\x17\x00\xbe\x13\x0f\x01\xfc\x02\x8d\
\x861E\x9e\xdc\xbd\xe9\xad%\xe4\xcd\xb7\x93\x16M\x9e\
\x1c\x93\x96\x96\xa6Sw\x018'\x18\x01\xe8\x03\xeeb\
Aqq5\xd3\x7f\xfc\x93\x0eWa\x91].+W\
\xdc\xf3|\x99\xc2O\x5cw\xc1 \x8c\x06\x00\xc0w\xf2\
\xb4\x13b.\x11\xb3\xb9\xb2\x8eY\xe5\xb2J}\xd4e\
\x17\xb7\xa1N\x00\x9c\x0f\x08\x00}D\x14\x0b\x9a\xbdt\
qm\xb3l?\x1a\xb4zE\x81n\xd4h\x179\x9a\
\xa1\xa7L,\x13$&~Vc\xf4\x05\x00\xce\x84\x08\
\x01F\xaa\xc86\xb9\xe4x\x90\xab\xb0X\x17}\xe3\xf5\
\x1d\xa8\x13\x00\xe7\x0aW\xa1\xfd\xe0_\xff\xfa\x97i\xd9\
\xa4I\xd1\xfaw\xb7\xae\xec\xfa\xcb\x1bK\xa9K\x9e\xe2\
~,(\xa1\x1aO\xc2\x07\x008=F\x98\x8b7\x16\
M\xc4`\xcc\xd6\xcd\x99\x95b{\xf6\x99\x0fS3\xd3\
\xd3\x13\x13\x131'\x00\xbe\x17\x8c\x00\xf4\x83w\xdey\
\xc7uQbb\xd3\xa4UIM\x92VG\x9d\x99Y\
6\x1e\x02\xac\xfcd\xd61J$\x84\x00\x00\xf8.\xea\
\xea\x00O\xb1\xa0\x9aZ\xab+/W\x8c\x04\xb4\xcf^\
\xb0\xa0\x1eu\x02\xe0\xfb@\x00\xe8'\xe2\x96\xc0\xd4\xb9\
s\x9bc\xaf^\xd7&WU\xeb\x5c%%b\xad\xaf\
\xc4c=\x7f\x0f\x98\x96P\x8a \x00\x00\xa7\xd5\x1b\x02\
\x5c\xb2E)\xaf0\xcbuut\xdc*\xf1\x14\xc1\xe5\
x\x8a \x9c5\x04\x80~$B@\xccE\x17\xd5\xc5\
\xdetC\xb3c\xeb\xf6Ze\xd8\xd0.jwH\xc4\
\xde\xad\xe7A\xc0\x84\x10\x00\x00\xdf\xa5\xa7N\x00\x95e\
\xab|,'HR\x14\xcd\xd8\xc4\x85\xa8\x13\x00g\x0d\
\x01\xa0\x9f\x89I;\x1b\x1f\x7f\xbc\xc6x\xe3\xf5\x99\xf1\
\xbf\x7f\xb8ZjhVXI\x89\x9e8\x1c65\x04\
\xb8\x03\x00\x82\x00\x00\x9c\x0ao\x1c<\xc5\x82D\x9d\x80\
\xa3\x99VI\x924C\xe7\xc5\xa3N\x00\x9c\x15\x04\x80\
\x0b$55\x95=\xf6\xc4\x135\x86\xf9\xf1\x0d\x84(\
\x8a\xebp\x86\x85\xb8\x5c\x16*n\x07\xb8\xdf\x17\x14\x0e\
\x02\x80S\x13!\x80\x7f\xf6\x84\x80\xc3\x19V\xc9\xa5h\
G-Ml\x9a\x9a\x90\xd0(F\x1b\xd5\xdd\x00N\x09\
\x01\xe0\x02\xda\xb8q#\x7f\x074\x8d\xf3o\xfdi\xbd\
\xd6hv9\x0f|)\x13\xad\x96Q\x97,\x0a}\x18\
\xc4-\x01\xb1\x1f\x82\x00\x00\x9c\x8c\xa7m\xe0!\x800\
\x9b\x92u\xccF\xba\xba\xb4\xb1\xd7]\xdb\x8e:\x01p\
&\x10\x00.01\x120m\xc6\x8c\xd6z\xa7)\xdf\
:.\xeah\xd0\x15\x97:\xe4\xcf\xf7k\x89\xc3i\xa1\
\xd4]BX\xbcG\x18\x0d\x00\x80\xd3\xa0F\xca\x14\xab\
\x9c\x9bou\x15\x16\xeb\xa3o\xb8\xae\x1du\x02\xe0\xbb\
\xa0S\xf1\x22\x9b7o\xd6\xc4\xc5\xc4\x0c\x1b\x9c\x99\xb7\
\xb4\xf3\x91G\x17\xb0\xe6\xe6\x89DaC\xf9\xdb\x14\xca\
(1\x22\x04\x00\xc0\xa9\xf0\x9e^\xe6\x0dD\x03\xd1\xeb\
su\xf3\x13>\xb1=\xfd\xe4\xd6\xd4\x8c\xf4C\xa8\x13\
\x00\xa7\x82\x11\x00/\x22\xd2zHdd\xdb\xb8\xc5\x0b\
\xabXm]\x96e\xe9\xa2V\xd6\xd0LYs\xa3\xe8\
\xfc\x8d\xfc\x04\x17\xf7\xfc0\x1a\x00\x00\xdf\xc2\x1b\x05\xc9\
\xfd(aY\xb6*U\xd5VW\xae\xbbN@\xeb\x9a\
+\xaf\xac\x13\xe5\xc9\xd5\xdd\x00z\xa1#\xf1b\xe5\xe5\
\xe5\xc3\xc3\xd2\xd2\x17t?\xffb\xa2\x92\x93?\x95\x9f\
\xdcCx\xf7\x1f\xca\x83\x80(%\x8c\xf7\x0e\x00\xbe\xa5\
\xb7b\xa0\xde\x98\xadOZ\xfe\xb1\xf5\xb7\xf7o\xdd~\
\xf8\xcb\x8c\xe4\xe4d\xbb\xba\x0b\x80\x1b:\x11/\xa7(\
\xca\xb0\xce\xa7\x9e\x99\xec\xf8\xcf{\xd3\x89\xd9\x1c\xa7\xe4\
\xe5O\xe2\xa7\xf8p\xe6\x9e\xf8\x83*\x82\x00\xf0m\x9e\
\x10@\x1b\x89V\x9be\xbc\xf1\xba\x9d\xbak\xd7m\xdf\
WQ\x91\x9d\x98\x98\xd8\xad\xee\x02\x80\xce\xc3WT\xe4\
\xe4DD\xb4\xb6.\xe9\xb8\xe7\xb7\x8b\x95\xa2\xe2\xd9\xfc\
\x0c\x1f\xcc?l\xcc=Q\x10A\x00\x00\xbe\xce3'\
\x805\x12I\x93i\xfc\xc1\xb5\x1f\x93k\xd6n=\xda\
\xd2\x92\x13\x1f\x1f\xdf\xa5\xee\x02\x01\x0e\x9d\x86\x0f),\
,\x0c\x1e\xd1\xd8\x92\xd0z\xc3\x8f\x12\x98N7\x955\
7\x8f\xa2\xb2<\x800*\x82\x80X:\x88 \x00\x00\
\xbdx\x08P\xf8\xe7FJ\xa5L\xe3\xf5\xd7\xec\xd2\xfd\
\xe4\xa6\xad\x19\x0d\x0d\x99qqqNu\x17\x08`\x98\
\x04\xe8C\x9e{\xee9\xfb\xb0\xb8\x19%\xa6\xf1q\x07\
\xa2\x1e\xbc\xbb\xc9u(\xbd\x95\xb5\xb69\x18Q\x18e\
\x8a\x862*\xf1 \xe0~O\x11\x04\x00\xc0\x83\x9ax\
\x08\xb0\xc9\x19\xc7l\xa4\xbdS\x17\xb5:\xa9\x0du\x02\
@@'\xe1\xa3RRR\x8c\x1d;v\x98V\xac\xb9\
lV\xf7\xbf6\xcf\xb7\xff\xef}1Ip$Q\x94\
\xc1<\x08X\xd5[\x03X1\x00\x10\xe0\x98\xfb\x1f\xf7\
H@\x13\xd5h\x8f\xe9\x93\x97\x7fl}\xea\xb1\x1d\xa9\
\x07\x0e\x1c\xc4\x12\xc1\xc0\x86\xce\xc1\xc7\xa5\xa5\xa5\x99\xc9\
\xae=\x11#%%\xda\xe4r-\xecz\xe5\x8di\xcc\
\xe5\x1aE(\x1b\x84 \x00\x00=z'\x06\x1a\x8d\xc7\
t\x09sSmO\xfd\xfe\xc3\xd4\xcc\xcct\x84\x80\xc0\
\x85N\xc1O\x88\x11\x811\x84\x0c\xd3\xbd\xf6\xb7aA\
S\xa6$v\xff\xed\xcdX\xa5\xadc\x14\xef\xf9\x07\xf2\
3\xdf=Y\x90\xbf\xd9\xb8\xe5\x03\x10\xc0\xbe\x0a\x01\x86\
\x1c\xdd\xfcy)\xb6g\x1e\xff\xf0PA\xc1a\xcc\x09\
\x08L\xe8\x10\xfc\x84x\x02\xd83\x9b65F\xdf~\
[E\xcc\xba++\xe9\xb1\xbc<\xfd\xac\x19\x1dJc\
\xb3\x83\xb5\xb73\xcax\xd8\xa3\xee'\x88\x89\xe7\x0b`\
D\x00 \x00y\x1e%\xcc\x0c\xd4\xe5\xb2*\xe5\x95V\
\xb9\xb4\x5c3r\xd5\x9a\xd6\x98\xd93\x1b\xf0\x00\xa1\xc0\
\x83N\xc0O1\xc6\xaf\xf9\x09\x19\xdfz\xdb\xaf\xc6\xb1\
\xb2\xd2\x19Jk[\xac\x5cX<\x86\xbf\x18\xc9_\x0f\
\xe6\x89@\xc7\xdf~\x0d\x82\x00@\xe0\xf1\x8c\x04\x90&\
\x22\xe6\x04\x5c\xbdn\x97\xe1\xd6\x1fm\xcd\xa8\xaf\xcf\x89\
\x8b\x8b\xebTw\x81\x00\x80\xc6?\x00t55\x8dd\
\xff{\x7ff\xd7\xb3/\xc4\x12\xb3i\x0aO\xfec(\
\x93#\xc9\x09s\x04\xc4\x07\xc2\xc0\x85\xa5N\xd6\x12o\
\x02\xde\x07\xe8s\xfc`\xfb\xaaN\xc0\x0fo\xdcI\xd6\
]\xba\xe3\xcb\x9a\x9ac(\x16\x148\xd0\xd0\x04\x08\xf1\
\xa0\xa1\x19\xc1\xc1\xe1\xc3\xc3\xc3\x17\xb5\xdfx\xcb4\xa6\
\xd5NeM\xcd\xa3\xa9K\x0e\xe7\x0d\x81x\xd6\x80\xfe\
\xc40 \xfe\x0c\xff\x84\xe3\xa3\x0f\xf5t\xf8\x9eo\xf9\
\x07c\xe2a.\x8cQ\xaa\xe5?\xa3\xa6\x03\xf49~\
\xe0)<\x044\x10*e\xea\xaf\xbb\xfa\x13\xc3\xcd?\
\xfc\xf0\xdd/\xbf\xccZ\xb7n\x9dC\xdd\x05\xfc\x18\x1a\
\x98\x00\xc3\x83\x80~tQ\x93i\xdae\x8b\x16\xb7\xdf\
\xf2\x8b\x99\xae\xd2\xb2\xb1T#\x853\xa7+\x82:\x9d\
\x03\x08e\x16\xc2\xa8V\x0d\x03b\xbe\x80\x1b:\xa3\xf3\
\xe3\x84N_P(#N\xfe;w\xf1\x17\xbb\x89\xde\
\xd0F\x09\x95\x99\xa3;\x94\xff\xbaC\xf8v\x84\x00\xe8\
S\xea\xf1(B\x80\x18\x098\xa6_{\xc5.\xeb}\
wnO\xcd\xcc<\x8c\xd5\x01\xfe\x0f\x8dK\x80\xda\xb7\
o\x9fI~\xef=\xe3\xec\x95\xab'H\xc1\x96\xd1\xdd\
\xff\xdb:\xaa\xfb\xaf\x7f\x8f\xe1]\xce \xde&\x04\x13\
\xa7k ?:l<\x0c\xe8\x18e\xfc\x8a\x94\xf6N\
\x18E\xa7tvN\xd1\xe9\xcb\xfc\xd7\xd8\xc14\x9aZ\
\xfe\xcblb\x8a\x5c\xaf_\xb9\xbcF7w\x8e\xb3\xe3\
\xd1\xc7'\xd2\xee\xee\x18\x1e\xc2\x22\xc5\xef\x1d\xbfo\xe8\
K=!\x80\x7fq\xd7\x09\xd0\xad\x5c\x9ab{\xfc\xd1\
\x0fS\xd3\xd3\xb1D\xd0\xcf\xa1a\x09p[\xb7n5\
\x0c\x1e<\xd8D\x8b\x8a\xf4\xe1YY\x83\xc3g\xcc\x9c\
J:;\x86v>\xf2\xc4d\xd2\xd00\x9c\x07\x82`\
\xc6H\x18a,\x98\x1f,\x06\xde)\xf1 \x800p\
*\xdf\xe8\xecU\xbc\xb3g\xbc\xe3\xa7\xc4\xc1\x7f]m\
\x8c\xd2\x06\xfe\xfbl\xe5W\x5c5\xe6_\xdd\x9e)E\
\x8f-e\xc5\xa59\xe9\x87\x8e\x94M\xfc\xed]\xc1\xc6\
\xad;\x97v\xfc\xf1O\xcb\xa8\xc31M\x84\x00J\xdc\
\xb7\x04\x00\xfa\x14?p=s\x02\xf4\x86l\xfd\xe2\x05\
\x9fX\xff\xf4\xf4\xb6\xd4\x03\x07\x0e!\x04\xf8/4\xde\
\xd0+--M7t\xe8\xd0P\xd2\xd2bq\xfc\xf1\
\xf9\xf0\xf0\x11Q\x93\xa5\x90\xa0\xe1\xf6\xf7?\x1c+g\
\x1e\x1b\xc9\x08\x0d\xe3\xcd\x84\x95\xef\x1avB\x18\x10\xc3\
\xd4\xbd\xb7\x0a\x02\x9d'\x00\xb8;|\x11\x04x_O\
\xec\xfc\x9b\x16\xfeS+?\xdbZ5C\x87\x96\x1b\xae\
\xbd*\x878\xec\x15\xf5{\xf6f)K\x96\xd7i.\
Mj\xeb\xe8\xe8h\x9d8qb\x9b\xb8Es\xe5\xbc\
yc\xba\xff\xf1\xaf\xa4\x8eW^_A\xbb\xbbE\x85\
\xc7pJ\xa9x\xd6\x03@\x9f\xf2\xac\x0e\xa0\x8d\xc4d\
\xca\xd2/LH\xb5>\xf5\xd8V\xd4\x09\xf0_\x08\x00\
pJ\xad\xad\xad\x11z\xbd>\xac\xfd\x8d\xbf\x87iw\
\xee\x1a\xa3\x19;f\x9c\xd2\xdc2\xd8\xb9c\xd7x&\
\xcb\x91\x84R\x0bo1\x82\xf8U\x83\xd9\x13\x06z\x88\
\x05\x05\xfe\x7f\xff\xda\xd3\xd9\x8b\xa1S\xf7O\x8c2*\
\xee\xe5w\x89\x8e\x9e\xff\xc5\x1d\x8c1\x17\xffU4\xe9\
\x16\xce+\xd0\x0c\x1dR\xce\x1a\x9b\xca:\x0b\xf2\xf3-\
\xff\xfeW\x8d\xc6dj\xf9\xe2\x8b/\xaaNvu\x95\
\x92\x92\xa2]8eJt\xe7\x9f^J\xee\xfa\xe7\xe6\
e\xa4\xb33\x86\xbf<\x00!\x00\xfaCo\x08\xd0k\
s\xf4\xcb\x97\x7fb{\xf8\xc1\x0f\xb6\xa4\xa4d`b\
\xa0\xffA\x00\x803\x92\x99\x99i\x9d4i\xd2\x08W\
FFx\xfb\x8fo\x1fMG\x0c\x1bO\x8d\x86\x01\xf2\
\x91\xccQJS\xd3 \xbe\x8b\x99wv=E\x86\x0c\
\xfc\xab\x95w\x80:\xf5\xb5\x1e\xe2x\xf3\xc9\xe5\x86\xbc\
c\x17\x1d\xbd\xe8\xf0U\xee\x0e_\xdc\xcbo\xe7/\xda\
\xf9_I\x0c\x9fv\x91\xd0\x90\x1a\xed\x94)E\xa4\xdb\
\xde\xe0\xcc\xc8\xaa\xa6]\x9dM\xc6{\xef\xac\xb0\xdc~\
k\x0d\xff}\xd4J\x92T\xa9\xfe\x0bNK\xac\xda\xb8\
2))\xa6m\xc3\x1fV8\xb7\xefX\xcc\x9a\x9b\xa7\
\xf0\x97\x07\xf0\xdf\x9e\xd6\x17\x7f\x7f\xe0[<!@\xad\
\x13p\xcd\xda\x9d\x86[~\xb4u_II6\x96\x08\
\xfa\x174$p\xd6D\xe7\xb4v\xed\xdaq\xcc\xe9\x1c\
\xd0v\xcb\xcfG:?\xda5\x94DFFH!\xc1\
V\x22i\xb4\x84\xc9aJa\xc9H\xa6\xc8\xe1\x94\xb9\
'\x10\xf2\x0b\x0a\xa6\xe1]\xa6\x9e7-&\xfe\xa3\x18\
-8\xd9\xb1\xe7~\x8d\x7f\xea\xf7\xe3\x92w\xe2\xa2s\
?\xa1\x83\xef\xc5\xdbB&\xee\xdf\x8b\x86\xaf\x9b0\xea\
\xae\x96\xc6_\x94\x09\x95\x9a\xb5cF\x1d':M\x9d\
\x5c\xd7\xd0@\x1a\x9a\x9a\xb4\xe3\xc6\xd4\x06\xbd\xb7\xa5\x80\
X,\xf5\xfb\xf7\xef\xcf?\x97g\xaf\xaf_\xbf^\xe2\
\x1f\x93:\x1e|x\xb9\xfd?\xff]\xc6Z\xdb\x10\x02\
\xa0\xdf\xf0\x93\x81\x1f\xeb\xac\x89J\x9aL\xfd\xff\xbb\xe6\
c\xe9\xa6\xff\xf7\xe1\xd1\xfa\xfa\x9cs9\xa6\xc1\xbb\xa0\
\x11\x81\xefMT\x1b\xdc\xb0a\x03\x8d9v\x8c&=\
\xf6X\x84e\xd0\xa0QD\xa6:\xb9\xbaj`\xcb\x95\
\xd7\xc4\x90\xc6\x86A$88\x98j$-\x934F\
b\xef\x8e`\xad\xed\x83\xf9Q'V\x17\x9cp\xcb@\
`\x12\xe5\x1d\x1b\xefXyH\xf8\xda\xa8A\x7f\x10\xa5\
\x92\x1d\xfc\xff\xdb\xc9\xff\xbf\xbf\xf1\x88T\xa6\xf0\xff\xde\
N\xc9j\xada&S\x0d\x95\xe5N\xe6\x92]\xac\xad\
\xad\x83\xff\xbd\xea\xcc\xcf?\x93c\x5c4\xbf\x9c\xb8\x5c\
E\xef\xdc|s\xa9\xf8\x13Y\x93&1\xfe{a\xfc\
\xefs\xb2@qV\xc4\xef\x98\x7f\xc4\xb4\xfd\xe6wI\
\x8e\xff\xfco\x09\xed\xec\x9e\xc6_\x89\xe0\xff\x9dX\x1d\
\x00}\x8e\x1f\xc0bu@#\xa5R\x86\xf1'7\xed\
\xd4\xfd\xe0\xda\x1d\xef\x1e8\x90\x89\xdb\x01\xfe\x01\x0d\x08\
\x9c\x17\xa2\xa3\xda\xbd{\xb7\xbbS\xaf\xab\xab\x93\x8c\xbb\
vimZ\xad\x14\x7f\xdbmc%\x93-\x82h\x89\
\xc5\xb1\xf3\x93\x11]\x0f\xfda\x12\xbf\xa0\x1e@\xf5\x06\
#\xa3=\xc7\x1f\xef*E\xdd\x01\x97+\x8c8\x5c\x83\
xGl\xe6?\xbbo'x\xb6\xf7)\xde\xc0\xd1.\
\xa6\xd3\xd5S\xad\xb6\x8e\xff=\xf8\xd5\x0dsw\xdc\xbc\
\xfb\xe6\xb1\xc0\xee`\x0ak6\x5c~I\x81\xf9\xde;\
\xf3\x98]nf\xc4\xd5\xf5\xc5\xe6\xcdY\xc5YY\x0e\
y\xcc\x18\xd91d\x88\x5cYY)o\xdc\xb8\xf1\x1b\
\xe1\xe1\xfcp\x8f\x04\xdcqwL\xe7\x8b/\xac\xe8z\
}\xd3r\xeatNA\x08\x80\xfe\xc0O\x04q.\xf4\
\xd4\x09\xc8\xd4\xaf\xbd\xe2\x13\xdb}wn\xdb\x9d\x99y\
\x04\xab\x03|\x1f\x1a\x0f\xe8SbB[WW\x97\xc6\
d2Q\x9e\x0c\xb4\xf6\xcd\x9b\xf5\x91\xa3F\x19\xa7^\
\xbe.\x86\x87\x02Ql\x88\xc8\x92$i5\x1aK\xf7\
'\x9f\x8e\xec~\xe6\xf9\x18\xde\xe2DR\x8d\xc6\xbd\xad\
O)\x0aa\xb2\xec\xe4\xf9\xa3Y\xbfjE\x81\xe5\xb6\
[\xf3\x5cv{\x93\x86*=\x0fEa\x95))\xb9\
G>\xfd\xb4\xc5\x14\x13\xe3\xecJHpj\xb5Z\xb9\
\xbd\xbd\x9d\xad]\xbb\xd6y>\xae\xf0\xcf\x94\xb8\xed\xb2\
2!a\x9c\xf6\xed\xcd\xc9\x1d/\xbc\xb2\x94:\x9c\xb1\
b\x89 B\x00\xf4\xb5\xaf\x85\x00\x8d6[\xb7ry\
\x8a\xed\xf1\x87\xb7\xbe\xf3\xd1G\x07\xd7\xad[\x87\x07\x08\
\xf904\x1cpA\x1c>|\xd8b0\x18z\x87\xfa\
\xbb\xbb\xbb5\xa2\x16A\xcb\xcb/[\x22\xa2\xa2\xccc\
V]<\x81JR\xdf\x86\x00EQ\x1a\xf6\xec+(\
I;\xd4Bf\xc4t\x05\xfd\xe8G]\xbcsw\x05\
\x07\x07\xf7v\xec\xd5\xd5\xd5]\xder\xa5#\xc2\xd4E\
#G\x8e\xd5|\xb0me\xe7\x1f\xff\xbc\x9c:\xec\xee\
\x10\x80:\x01\xd0\xd7zB\x00\xff\xd2D\x0d\xc6c\xba\
E\xf3Rl\xcf\xfd\xf1\xc3w>\xfc\xf0\x10B\x80\xef\
B\x00\x00\xaf#n'\xf0\x80\x10\x1c\x19\x19\xf9\x8dy\
\x02\xe7\xdf\xbe}\xfb\xda|\xe9~\xa6\xa8\xd50\x22t\
\xd0(\xcb\xd6w\x93:\xff\xf4\xd2J\xda\xd55\x8d\xb7\
\xcc\x11\x14K\x04\xa1\x1f\xf0cM-\x16d\xcc\xd6%\
.\x10#\x01\xdb\x0e\x95\x94\x1cB\x9d\x00\xdf\x84\x00\x00\
\xe0cz\xeb\x04<\xf7\xf2\xaa\xae\xb7\xff\xb5\x94vv\
NA\x08\x80\xfe\xc2z\xeb\x04\xe8\x8f\xe9\x93V\xa4\xd8\
6\xdc\xff!\xea\x04\xf8\xa6>\xbf\xc2\x02\x80\xf3k\xd3\
\xa6MJL\x5c\x5c\xe3\xb4\x1b\xaek\x91\xabj%V\
Rje\x0e\x87\x85o\x12K,\xf1\x00!\xe8S\xbc\
\xf3\x97x\x080PY\xb1\xca\x05\x856\xb9\xb9Y\x13\
\xb3\xea\xe2\xe6%\x97_\xda\xcc\x8fML\x0c\xf4!\x08\
\x00\x00>h\xcb\x96-\x8c_\x81\xd5/\xdf\xf0`\xab\
\x5cZ\xa1Q\xcaJ\xcd\xd4\xee\xb0\xf1M\x08\x01\xd0\xe7\
<!\x80\x18\x09Sl\xca\xb1\x1c\xabD\x14\xcd\xd0\xf9\
\x09\xcd\xf3\x92\x92\x9a\xdez\xeb-\xcc\x09\xf0\x11\x08\x00\
\x00>*55\x95mx\xf8\xe1:\xfd\xf2\xc5\xadJ\
u5q\x15\x14Y\xa9\x83\x87\x00J\xcc\xbc\x89\xf6\xc9\
\x8a\x8b\xe0;\xf8\xc1%\xf1\xcf\xee\x10 \x1f\xcd\xb2i\
\x19\xd5\x8e]\xb1\xb49~\xc5\x0a\x84\x00\x1f\x81\x00\x00\
\xe0\xc36n\xdc(\xbe\xd4/\xfb\xf5\xdd-\xac\xbb[\
r\x1d\xc9\xb0QY\x09\xe2\xad\xb3\x89\xbf\x8e\x10\x00}\
\xcas|\xa9! #\xd3*\xc9\xb24\xf1\x8a\xcb\xda\
\x17%'\xd7\x8a[U\xean\xe0\xa5\x10\x00\x00|\x9c\
\x18\x09\x88\x99>\xbdq\xec%k\x1a\x8d&#u\x1c\
J\xb7\xf0\x10`#\x94\xf1\x10\x80\x91\x00\xe8\x0f\xd4H\
y\x08p\x1d\xcb\xb1\xba\x8e\x97\x19\xa2\xaf\xbf\xb6-f\
\xc6\x8c\x1a\xf7\xad*\xf0Z\x08\x00\x00~@4\xb4W\
\x5csMK\xc8\x8c\xd9\xf5\x86\xd0 \xc9\xf9e\x9a\x1a\
\x02\x88I\xdc\xafUw\x038\xef\xd4\x80\xe9\x1e\x09\xa0\
\x8abUJ\xcb\x82\x5c9y\xba\xe9\xbf\xfcyGL\
ll5B\x80\xf7\xc2\x95\x01\x80\x1f\x11u\x02\xa2\xac\
\xd61\xe6\x1d\x9f\xac\xec|\xfe\xc5\x15\xa8\x13\x00\xfd\x85\
\x1fg\xe2\x1f\x99w*M\x9e:\x01\xf3Rl\x8f=\
\xf2ajff:\xca\x06{'\x8c\x00\x00\xf8\x91W\
_}UI\xbe\xe2\x8a\xe6\x81\xf3\xe2\x1btT#\xc9\
99\x16\xe2pX\xf9&\x13\x0f\x018\xdf\xa1\xcf\x88\
!\x00uu\x80\x81\xc8.\x9bRVas\x1d/\xd3\
E_\xbd\xb6uQrr#\x96\x08z\x1f4\x08\x00\
~FL\xbe\x9a1gNs\xecu\xd7\xb4\xc9\x15\x15\
:v\xbc\xdc\xcaC\x80\x8d7\xccF,\x11\x84\xbe\xa6\
\xder\xd2SY\xb1(%\xc7\xcd\xac\xad\x83\x8e\x5c\xb0\
\xa89>\x09\xab\x03\xbc\x0d\x02\x00\x80\x1f\xea\xad\x13\xb0\
q}+\xbf\x0a\x93XY\x99\x95\xd9Q,\x08\xfaG\
O\x9d\x00\xaa\xc86Wf\x96\xa8\x13\xa0\x8dJ\x5c\xd8\
\xbc\xec\xf2\xcbQ,\xc8\x8b \x00\x00\xf8)\xb5N@\
\xad>qA\xab\x5cV\xa1\x91\xf9\xd5\x18u8\xd4%\
\x82X\x1d\x00}\x8b\x1f\x5c<\x04\xb8\x97\x08\x06\xb9\xeb\
\x04\x10I3r\xf1B\xd4\x09\xf0\x22\x08\x00\x00~\xcc\
]'@\xa3\xa9_~\xff\xbd\xcd\xbc\xf3'N~5\
F\x9d.\xf7\xea\x00\x84\x00\xe8k\x22\x04\xf0\xcfj\xb1\
\xa0L+\xe9\xb2kc\xd6]\xd1\x1a3sf\xc3\x96\
-[\x10\x02.0\x04\x00\x00?\xa7\xd6\x09h\x18\xbd\
:\xb9\xc1`\xb1Pg\xdaA+\x95\x99\x18\x090\xf3\
\xcd\x08\x01\xd0\xa7<\xc7\x97'\x04(\xd996\xb9\xbc\
R\x17{\xcb\x8f\xdbcf\xcc\xc0\x12\xc1\x0b\x0c\x01\x00\
 \x00\x88\x86\xf6\xcak\xafm\x0d\x9b\x11\xdbh\x08\x09\
\x95\x9c\x07\xd2\xacT\x11\x15\x03\x99\x11u\x02\xa0\x7f\x88\
bA\xcc\x22\x97\x95[\x5c\xd9\xb9\xfa\xe9\xbf\xfcy{\
Ll,\x8a\x05]@H\xfe\x00\x01\xc4]'\xc0b\
\x19m\xde\xb63\xb9\xf3\xcf/\xad\xa4v\x07\x1e%\x0c\
\xfd\x82\x1fg\xe2\x1f\x99\x07\xceFb0\xe4\xea\xe6\xc5\
\x7fb{\xfa\xc9\xad\xa9\x19\xe9\x87P'\xe0\xc2\xc0\x08\
\x00@\x00q\xd7\x09\xb8\xf2\xca\x96As\x174\xe9t\
\x92$\xe7\xe4\x8a\x89\x81\xee%\x82\xa8\x13\x00}I\xdc\
\x07\xf0\xac\x0e`\x9e:\x01\x95UVWI\x89n\xfc\
\xd5k[f'&6bb`\xff\xc3\x09\x0f\x10`\
D\x9d\x80\xe9\x09\xb3\x9bb\xaf\xbb\xb6Yil\x94\xe4\
\xa2b+\xb1\xa3X\x10\xf4\x0f\xcf-'j\xa0\xb2\xcb\
\xaa\xf0cO\xaeo\x94\xa2\x93V\xb5&]\xbd\xae\xf9\
\xf5\xd7_\xc7H@?\xc2\xc9\x0e\x10\x80\xd4:\x01\x0d\
\xcb\x1e\xb8\xbf]>^\xa1ee\xa5\x22\x04\xa0X\x10\
\xf4\x0b~p\xb9\x97\x08R\xa6X\xe5\xbc|3\x95$\
:pv\x1c\xea\x04\xf43\x04\x00\x80\x00\xf5U\x9d\x80\
\xf9\xad\xae\xcajI.,\xb2R\xa7\x13K\x04\xa1_\
\xf4\x86\x00E\x0er\xa5\x1f\x09\xd2\x12\xa2\x1d\xb9xY\
S\xfc\x8a\xa5\xa8\x13\xd0O\x10\x00\x00\x02Xo\x9d\x80\
\xfb~\xddB\xda\xdb5\xce\xec\x5c3\xea\x04@\x7f\xe9\
\x0d\x01\x84\xd9\x5c\x19YV\xe2\xe8\xd2\xc4\x5cyy\xeb\
\x9a\xab\xae\xaa\x17\xf3U\xd4\xdd\xa0\x8f \x00\x00\x04\xb8\
\x9e:\x01cV%5\x1a\x82\x82\x99\xf3\xd0!+u\
\xc9\xa8\x18\x08\xfdB\x0d\x01&Q1P\xc9\xca\x09\x92\
\xcb\xcatQ\x97]\xd2\xb6(9\xb9V\xccWQw\
\x83>\x80\x00\x00\x00\xee9\x01W\x5cw]\xf3\xa0\x99\
\x17\xd5i\xc3\xc2%\xe7\xfe\x036O\xb1 fB\x9d\
\x00\xe8\x1f\xd4\xe0\x9e\x13p\xbc\xdc&\x17\x16k\xa3\x7f\
|SgLl,\x8a\x05\xf5!${\x00\xe8\xe5\xae\
\x13\xa0\xd7\x8f1\xef\xda\x9d\xd4\xf9\xe7\x97\x92\xa8\xdd9\
\x85\x11\x16NQ'\x00\xfa\xd8\xd7\xea\x04\x18\x8d\xc7\xb4\
\xf3\xe2w\x07=\xf9\xc4\xd6\xd4\xcc\xf4t\xd4\x09\xe8\x1b\
\x18\x01\x00\x80^\xe2\xbe\xeb\xd8\xd8\xd8\x96\x98\xcb/m\
\xd0\x13\xaaq\x1e\xcb\xb6P\xa7\xd3\x8a:\x01\xd0\xd7\xc4\
\xad\xa6\x9e:\x01\xd4%[\x95\x8aJ\x9b\xab\xb4D\x17\
}\xd5\xda\xd6\xd9\x89\x89\x0d\x98\x18x\xfe\xe1\x84\x06\x80\
\xaf\xf9\xe0\x83\x0f\x94\xe9s\xe64M\xbb\xea\xdaV\xb9\
\xb1^#\x9e\xe9\x8e:\x01\xd0_zC\x80\xa8\x13P\
r\xdc\x22\xd75H\xe3\xd6$\xb7\xc4/_\x8ebA\
\xe7\x19Nf\x00\xf8\x16\xf7}W\x93\xbe~\xf9\xef\x1e\
hU\xaaj\x88\x5cZf%\xdd\xdd\xee\x10\x80:\x01\
\xd0\xd7<!\x80\x1a\x89,\xdb\x94\x9c\x5c\x9b\xa4(\x9a\
\xb1\x8b\x17\xb5\xccZ\xb6\xac\xe5\xed\xb7\xdfv\xaa\xbb\xc1\
9\xc2I\x0c\x00\xa7\xc4\x18\xa3\xfc#\xa6\xed\xde\x07\x92\
\x1c\xef\xbe\xbf\x94vtM\xe5\xafD\xf0\xa6C\x83\x10\
\x00}\x8d\x11\x22S\xc2\x1a\x89\xa4\xc94\xfe\xf8\xc6\x9d\
\xba\x1f\xdc\xb0\xe3\xe3cG\xb2\x92\x93\x93\xed\xea.p\
\x0e0\x02\x00\x00\xa7\xe4\xae\x13@H\xfd\xf2\xdf\xdc\xdb\
B\xba:%gf\x96\x8d\xba\x14\x9bX\x1d\xc0\xfb\x7f\
,\x11\x84>\xc5\x0f.O\x9d\x00\xa6\xd8\x5c\xe9Gm\
\xa4\xb3S\x1b\xb3\xee\x0a\xd4\x098O\x10\x00\x00\xe0\xb4\
z\xeb\x04$\xafl2\x1a\x0c\xc4q\xf8\x88\x85\xca2\
\x8a\x05A\xbf\xe8\x09\x01\xee:\x01\xd99Ary\xa5\
6\xea\xb2\x8b\xdbQ'\xe0\xdc!\x00\x00\xc0w\xea\xa9\
\x13\x10:sn\x83!<\x848\x0f\x1c\xb4RY\x09\
F\x9d\x00\xe8'\x22g\x8a\x10`S\x8e\x97\xda\x5c\x05\
E\xba\xe8\x1b\xaek\x8f\x991\x03u\x02\xce\x01\x92;\
\x00\x9c1Q'`\x84\xd9<\xca\x92\x92\x9a\xd4\xf9\xd4\
s+\xa9\xc31\x8dQ\x12\xc9C\x80V\xdd\x05\xa0\xcf\
\xf4\xce\x090\x18\xb3u\xf1sRl\x7f\xfe\xe3\xb6\xd4\
C\x87\x0e\xa2N\xc0\xf7\x83\x11\x00\x008c\xee:\x01\
S\xa7\xb6\xc6\x5crq\x93\x9ew\xfa\xce\xec\x1c+u\
\xa0N\x00\xf4\x0f\xcf\xed\x00b\xa0\xb2lQjj\xcd\
rI\x896z\xdd\x95m\xa8\x13\xf0\xfd\xe0\x84\x05\x80\
\xb3\x22\xea\x04,_\xbd\xbay\xdc\xeaK\x9bE\x9d\x00\
Vr\xdc\xca\xec\x0e\x0b\xdf\x84:\x01\xd0\xe7\xbe*\x16\
\xe4\xb2\xc9\xc5%6\xb9\xb6V3n\xcd\xaa\xe6%\x97\
\x5c\xd2\x84G\x09\x9f\x1d\x9c\xac\x00p\xd6\xdc\x93\xaf<\
u\x02\xda\xe4\xc2\x12\x8dRUm\xa6\xdd\xdd61\x12\
\x80:\x01\xd0\xd7<!\x80\x1fk\xee:\x01\xf9V\x89\
1i\xe4\xbc\xf8\xe6%\x97_\xde\x8c\x10p\xe6\x10\x00\
\x00\xe0{\x11\xab\x03\x88FS\xb7\xfc\xb1G[\x94\xf2\
2\xc2\xaf\xc6\xac\xd4\xe1\x10\xab\x03\xcc\xbc\x89\xc6\xea\x00\
\xe8S\xe2v\x00\xffl\x10\x13\x03\xe5#\x99V\xfe\x83\
f\xe8\xfc\x84\xe6e\x08\x01g\x0c'(\x00\x9c\x13w\
\xb1 \x87cR\xe7cO'um\xfa\xc72j\x17\
\x13\x03Y8o^P,\x08\xfa\x1c#D\xe1\x9f\x1b\
)\x952\x8c7^\xb7\xcbr\xc7m;\x0e\x1e?~\
4..\x0e\x15\x03\xbf\x03F\x00\x00\xe0\x9c\x88bA\
1S\xa76\x8eY\xe5\xae\x13@\x1d\x87\x8f\x88%\x82\
(\x16\x04\xfd\xc2s|Q\x03%\xcc\xe6\xca:f\x95\
\xcb*\xf5Q\x97]\xdc\x86:\x01\xdf\x0d\x01\x00\x00\xce\
\x99X\x8b\xbd\xfc\x92K\x9a\x06\xcd\x8bo0\x84\x84P\
gZ\x9a\xc5\x13\x02\x08\xea\x04@\x7f\x10!\xc0H\x15\
\xd9&\x97\x1c\x0fr\x15\x16\xeb\xa2o\xbc\xbe\x03u\x02\
N\x0f\xc9\x1c\x00\xce\x1bQ' \x8a\x901\xe6\xcf\x0f\
\xac\xec|\xe6\x85\x15\xd4\xde\x8d:\x01\xd0o\x18a.\
\xde\xa95\xb9\xeb\x04\xcc\x99\x95b{\xf6\x99\x0fS3\
\xd3\xd3Q'\xe0\xe40\x02\x00\x00\xe7\x8d\xa8\x130s\
\xe9\xd2\xd6\x89\xcb\x97\xd6i-V\xea\xcc\xc8tO\x0c\
\x143\xb6\xb1D\x10\xfa\x9a\xba:\xc0\xf3(\xe1\x9aZ\
\xab+/W\x8c\x04\xb4\xcf^\xb0\xa0\x1eu\x02\xbe\x0d\
'$\x00\x9cW[\xb6l\x91\x97\xacY\xd32vE\
r\x9bR_\xabS\x8e\x1f\xb7\x12;B\x00\xf4\x8f\xde\
\x10\xe0\x92-Jy\x85Y\xae\xab\xa3\xe3V%\xb5\xc4\
/_\xde\x88\x10\xf0u8\x19\x01\xe0\xbc\xeb\xad\x13\xb0\
\xfe\x81VW\xd1q\x89\x95\x96[\x99\xc3S,\x08u\
\x02\xa0\xaf\xf5\xd4\x09\xa0\xb2l\x95\x8f\xe5\x04I\x8a\xa2\
\x19\x9b\xb8\x10u\x02\xbe\x01\x01\x00\x00\xfaDo\x9d\x80\
\x87\xd6\xb7\xc9\xe5\x15\x1a\xe5\xf8q3\xea\x04@\x7f\xe1\
\x07\x97\xa7X\x90\xa8\x13p4\xd3*I\x92f\xe8\xbc\
x\xd4\x098\x01\x02\x00\x00\xf4\x19\x11\x026<\xfcp\
\xad~\xd1\xfcV\xa5\xb5\x8d\xb9\xb2\xb3\xad\xd4\xe9\xc2\xa3\
\x84\xa1_\x88\x10\xc0?{B\xc0\xe1\x0c\xab\xe4R\xb4\
\xa3\x96&6MMHh\x14\xb7\xaa\xd4\xdd\x02\x16\x02\
\x00\x00\xf4)Q'\x80h4\xf5so\xfeQ\xb3Q\
\xa7\x91\x1c\xe9GE\x9d\x80 \xde:\x9b\xf9f\x84\x00\
\xe8S\x9e\xe3\x8b\x87\x00\xc2lJ\xd61\x1b\xe9\xea\xd2\
\xc6^wm;\xea\x04 \x00\x00@?\x10#\x01\xe2\
\x01B\x83\x12\x165\x18Bl\xa2N\x80\x1a\x02\x98\x11\
u\x02\xa0\x7fP#e\x8aU\xce\xcd\xb7\xba\x0a\x8b\xf5\
\xd17\x5c\xd7\x1e\xe8u\x02\x10\x00\x00\xa0_\x88\xab\xad\
\xe5\x97\xaei\x0e\x9d4\xa1\xc1\x12\x1e\xa9q\x1cJ\xb7\
PY\xb61\x14\x0b\x82>&\x86\x00\xf8\x87\xc4\xdc\xc5\
\x82\x14\xabRV\x1e\xe4:\x96\xa3\x9d\xfe\xd3[;\x16\
%\xad\xa8\x09\xd4\x91\x00\x04\x00\x00\xe87\xa2\xa1\x9d\xb9\
xq\xdb\xb4\xe4\x8b\xeb\x89QO\x9d\x99\xc7,\xd4\xe1\
\x08\xc2\x12A\xe8\x0f\x9e\x10\xc0\x0cbu\x80RUm\
u\xe5\xba\xeb\x04\xb4\xae\xb9\xf2\xca:Q\xc3B\xdd-\
`\xe0\x84\x03\x80~%&_\x0d\x19?\xb6e\xf6\x8d\
?hdv\xbb$g\xe7Z\x89\xc3a\xe5\x9bL\x08\
\x01\xd0\xd7\xbe\xaa\x13\xe0\xb2*\xe5\x95V\xb9\xb4\x5c\x1b\
\xb5jM\xdb\xec%\x89\x0d\x81V'\x00'\x1b\x00\xf4\
\xbb\x0f>\xf8@!z}\xe3\xb2{\xef\xe9\x90\x0b\x8a\
\xb4\x8c7\xc4<\x04\xb8\x8b\x05\xa1N\x00\xf4\xb5\xde\x10\
 \xcb\x16\xb9\xb0\xc8\xc2d'\x19\xbbp~K\xa0\xd5\
\x09@\x00\x00\x80\x0b\xa2\xb7N\xc0#\x1b[\xe5\xd2\x0a\
\x8dRVf!v\xbb{$\x00!\x00\xfaZo\xb1\
 E\xb6\xb9\x0eg\xd8$B\xb4C\xe7\xccj^}\
\xddu-\xaf\xbf\xfez@\x84\x00\x9c`\x00pA1\
\xc6(s8&\xb7?\xf8P\x92\xfd\xbf\xef&\xd2\xce\
.\xf7\x03\x84x\xf3\xa4A\x08\x80\xbe\xc6C\x80\xc2?\
7\xf2\xcc\x99i\xbc\xfe\x9a]\xba\x9f\xdc\xb45\xa3\xa1\
!3..\xce\xa9\xee\xe2\xb70\x02\x00\x00\x17TO\
\x9d\x80\xe5w\xfd\xba\x99R\xc2\x9c\x87\x0f[\xa9KF\
\xb1 \xe8G\x94\x1fk\xcc&g\x1c\xb3\x91\xf6N]\
\xd4\xea\xa4\xb6@\xa8\x13\x80\x00\x00\x00\x17\x9c\xb8\x1d\x10\
\x137\xbda\xe2\xa5\x177h-6\xc9\xf9\xa5\xa8\x13\
\xc0D\x9d\x00,\x11\x84>\xf5U\xc0\xf4T\x0cTr\
\xf2lry\xb96\xfa\xa6\x1b:\x17-[\xe6\xd7K\
\x04\x11\x00\x00\xc0+\x88\x82,K\x92\x93[B'M\
h\xb4\x84G\x88:\x016*+6\x86bA\xd0\xc7\
D\x08\xe0\x1f\xe2\x18\xd3S\xc6,ri\xb9\xd5\x95\x91\
\xa5\x8b\xbe\xee\x1a\xbf\x1e\x09@\x00\x00\x00\xaf\xe1\xae\x13\
\x90\x98\xd8:-ye=5\x18%\xc7\xd1\x0c\xf1\xec\
\x00\xab{\xb2\x16\x96\x08B\x1f\xf3L\x0cd\xe2Q\xc2\
V\xa5\xaa\xca\xe6\xca+\x10u\x02\xda\xfc\xb5N\x00N\
(\x00\xf0*\x9e:\x01\xe3[f_wM3\xe9\xea\
\xd2\xf0FX\x14\x0br/\x11D\x08\x80\xbe\xf6U\x08\
\x10u\x02*\xcc\xae\x82b{\x8e\xbd\xe3\xe8[\xdb\xb7\
\xdb\xd5]\xfc\x06N&\x00\xf0:\xa2N@L\x5c\x5c\
\xe3\xb4\x9f\xfc\xa8E\xa9\xac\xa2rY\xb9\x95twc\
\x89 \xf4\x0bu\x89\xa0\x81\xb8d\x83\x5cZ&\x0f\xbc\
\xf4\xb2\xfc\xd9\xeb\xae\xa8\xf3\xb7'\x08\xe2\xbe\x1a\x00x\
\xa5u\xeb\xd6\xc9T\xaf\xcf\xb2<\xfc\xbb\x9d\xfa\x15\xcb\
Sh\x90-\x93\xf7\xfa\xf5\x840\x997\xce\xfc\x1f\x80\
\xbe\xc4\x83&%!\x94\x91q\x86\xca\x8ae\x893g\
\x8eNKK\xd3\xa9\x1b\xfd\x02\x02\x00\x00x-J)\
\xe3! \xd3\xfa\x87\x0d\xdbt\xab\x93?ffs\x06\
o\x90\xeb\x10\x02\xa0\xaf\x89I\x81\xe2\xe1A\xc4\xe9\x18\
&?\xff\xe2|\xe3\x07\xdbVF\x87\x87\x8fIII\
\xd1\xaa\xbb\xf8<\xdc\x02\x00\x00\xaf\xf6U\x9d\x80{[\
\x88\xa3[r\x1e\xcd4\xab\x8f\x12F\x9d\x00\xe8k\xe2\
\xd82\x89I\x81\xae\x03\x07\xad\x06\x93A\x1a0{V\
\xedc\xcf?\xdf\xe8\xd9\xec\xdb\x10\x00\x00\xc0\xeb\xf5\xd4\
\x09\x18s\xe9\x9aFCH\x08s\xa6\x1d\xb4\xf0F\x99\
\x87\x00\x14\x0b\x82\xbe\xa3\x1eWT\x1cg\xe2\xd1\xd5\xae\
\xc3\x99:\xe7\xa1\xc3\x05O\xe6\x1e+r\x07S\x1f\x87\
[\x00\x00\xe0\x13\xc4\x9c\x80\x83\xb9\xb9\xf9\x1dI\xcb\xb6\
\x9a\x7f\xf9\xb3\x1dL\xaf?\xd2s;@\xdd\x05\xe0\xbc\
\xf3\x84\x00\xb1\xfa\x84\x862\xbb}\x8cy|\xf4\x02\xc6\
\xd8$u\xb3OC\x00\x00\x00\x9f\x91\x98\x98\xe8\xda}\
\xe8\xd0q\xf3\xe5\x97\xee\xb0\xdcz\xf3Nf4eP\
F\xeby\x83\xec\xf7u\xdb\xe1\xc2b\x94\xe8)e\x03\
\xed\xbb>\xbe\xa8\xeb\x99\xe7\x12\x15E\x19\xa3n\xf2Y\
\xb8\x05\x00\x00>E,\xc5Z\xb4fM\xf3\xd8\x95\xcb\
\x9aHg\x97\xc6\x99\x9bg%N\xa7\x85o2\xa1N\
\x00\xf4\x05\xf5V\x80\x98v\xaa#]\xdd&\xb9\xb0H\
'\x17\x145\xe8\x97/\xc9q?\xd5\xd2Ga\x04\x00\
\x00|\x8e\x18\x09x\xe7\x93Or\xcd\xbf\xfe\xe5G\xfa\
\x8b\xd7\xec\xa2!!\x19\xfc\xe5Z1\x12\x80\xd5\x01\xd0\
\x17D\x08\xe0\xf4\x94\x91H\xa5\xb6n\x92k\xef\xbe\xb8\
\xfbn\xba)J<\xcdR\xdd\xc5\xe7 -\x03\x80O\
\x12\xcf\x0e z}\xdd\xf2G\x1fjQ\xaaj\xa8\x5c\
Td%v\x07\x8a\x05A\x9f\xe2\xdd\xbd\xc4\x8f,\x8d\
\x14\x14$k\x87\x0ci\xdf\x95\xf2q\xf6[\xdb\xb7\xfb\
\xe4<\x14\x9c \x00\xe0\xd3\xc4\x15\x18\xff\x88i\xfb\xcd\
\xef\x92\x1c\xff\xf9\xdf\x12\xda\xd9=\x8d\xbf\x12\xc1\x9b7\
\x0dB\x00\xf4\x09F\xba\x09e%\xd4b\xd9Vq\xf7\
\xcf\x1f\x9f\xf2\xe3\x1f\xd7RJ}n\xe4\x09\xb7\x00\x00\
\xc0\xa7\x89\x86w\xe3\xc6\x8d\xc7l\xbf\xbew\xbb\xe9\x07\
\xd7\xedb:\x9d{b o\xa5Q,\x08\xfa\x04\xa3\
D\xc7\x0f\xac\x08b0\xc4\x8c\x9f6c\xd9\xfb\xef\xbf\
oR7\xf9\x14\xdc\x02\x00\x00\x9f\xd7['\xe0\x92\xd5\
\x0dF\xb3\x91:\x0e\xa5\xab\xc5\x82P'\x00\xfa\x84\xa8\
Q\xa9!v\xbb\xe4\xfchgg\x9bY\xbf\xff\xaf{\
\xf6t\xaa\xdb|\x06F\x00\x00\xc0/\xb8\xeb\x04\xe4\xe5\
\x15\xb8\xae\xb8t\xab\xf9\xce;>bz\xc3a\xd4\x09\
\x80\xbe \x02\xa5{\x14@a\x11Jg\xd7\xa4\xd9k\
\xd6,\xda\xbf\x7f\x7f\x90\xba\xd9g`\x04\x00\x00\xfc\xc6\
\xa6M\x9b\x94+\xae\xbf\xbe\xc5<\xf5\xa2zKD\x10\
u\x1e<l\xa3N\x17\x1e%\x0c}\x81R\xc2$\xca\
\x14\xea\xca\xca\xe9\xaa\xabm>\xf8\xfa\xfe\xcf\xda\xd4m\
>\x01#\x00\x00\xe0W\xe2\xe2\xe2\x9cY\xa5\xf9E\xa6\
k\xae\xdai\xba\xf6\xeaO\xdc\x0f\x10\x22\x04\xc5\x82\xe0\
\xbc\xf2\x8c\x02P\x1d\x93\x95p9;o\xe2\x8cY\xd3\
\xe3RRR\xc4*\x14\x9f\x81D\x0c\x00~G\x8c\x04\
\xc4\xc4\xc55N\xbb\xe1\xbaV\xa5\xb2R\xa3\x1c/\xb3\
2\x87\xc3\xcc7a\x89 \x9cW\xfc@\xd2\x88I&\
\xc4b\xee\x92$c\xce\xf3\x1f\xfc\xaf\xc9\xb3\xc5\xfb!\
\x00\x00\x80_\xea\xad\x13\xb0q}\x8b\x5cZ\xa1Q\xca\
J\xcd\xd4\xee\xb0\xf1M\x08\x01p^\x88c\x88\xf1c\
\x89\x10&)9\xb9\xdd\xc6\xf0\x88c\x89\x1b\x1e\xa8z\
\xeb\xad\xb7|b\xde\x09N\x00\x00\xf0kj\x9d\x80\xa9\
m\xbf\xf9\xddr\xc7\x7f\xde]J;\xbb\xa6\xa2N\x00\
\x9c/b\xa9)?\x88\xba\xf8\xa7\x0c\xf3\x83\xbf}\x93\
^w\xd5\x07f\xb3\xf9\xb8\xba\xd9\xaba\x0e\x00\x00\xf8\
5Q'\xe0\x9dw\xde\xc9t\xd7\x09\xb8\xfe\xaa\x9e:\
\x01\x0d|\x93\x82:\x01p^0\xa6\xe1GR\x10i\
o\x1b,\xd7\xd7\xfb\xccj\x00\xdc\x02\x00\x00\xbf'n\
\x07\xb8\xeb\x04\x5czI\x83\xd1\xe4\xae\x13`\xa1\xb2b\
#\x94\xa1N\x00\x9c;\xf7-%F]\x87\x8f\xda\xed\
\xdbwf?UV\x5c\xa4n\xf1j\x18\x01\x00\x80\x80\
 \xea\x04\xe4UV\xba\xeb\x04X~v\xebGL\xab\
=\x82:\x01p\xae\xd4\xf0(\xbeXXW\xd7 \xa5\
\xa91\xd8\xb3\xc5\xfb!\x00\x00@\xc0\x10K\x04\xf3\x1a\
\x1a\x0a;\xd7\xac\xdcf\xbe\xf3g\xdb\x99\xc9\xe4\x0e\x01\
X\x22\x08\xe7\x8c11\xa7\xc4`Y0/JQ\x94\
\xc1\xea\xab^\x0d\x01\x00\x00\x02\x8a\x08\x01%mm\x05\
\xa6\xeb\xae\xed\xa9\x13\x90\xc9\x1b\xeezF\x98K\xdd\x05\
\xe0\xac1B(c\xc4 \x85\x84\x0c\xe0?\x8a\x0f\xaf\
\x879\x00\x00\x10p^}\xf5\xd5\x9e:\x01-\x9e:\
\x01\xe5\x16\xe2pXE\xc5@,\x11\x84\xef\xc5=\x95\
\x848y\x14h\xa6NW\xfe\xa3\xef\xfe\xd7\xeb\xe7\x01\
 \x00\x00@@R\xeb\x04\xd4/\xdf\xb8\xbe\xd5]'\
\xa0\xa4\xc4J\x9cN\x0b\xdf\x84:\x01pV\xd4cE\
D\x00I\xa9\xads:w\x7f\x96\xf7Dk\xe3a\xcf\
V\xef\x85[\x00\x00\x10\xb06n\xdc\xa8P\xbd>\xc3\
\xfa\x87\x0d\xdbt\x17\xaf\xda\xc5\xac\xd6\xa3\xbc%\xc7\xa3\
\x84\xe1{a<R\xf2\xe3'\x84\x86\x87\x85\xa7\xa4\xa4\
\x18\xd5\x97\xbd\x16\x02\x00\x00\x044Q'`\xe3\xef\x7f\
\x9fe]\x7f\xffv\xe3\x0f\xae\xdd\xc5x @\x9d\x00\
\xf8\x9e\xc4`\x80\xa4\x89\x1e\x1b\xb9p\xe1\xc2\xd1\xa2\x08\
\x95\xfa\xbaWB\x00\x00\x80\x80'F\x02R\xd3\xd2\x8e\
\xb1\x9b\xae\xdfj\xb9\xe5G;\x98^+\x1e%\x5c\xcf\
7!\x04\xc0\xd9c\xee[\x02^\x7f\x8b\x1d\x01\x00\x00\
\x80KLLt\xb9\xeb\x04\x5cu\xc5V\xf3/n\xdf\
\xc1\xb4=!\x00u\x02\xc0?!\x00\x00\x00\xa8z\xeb\
\x04\xac\x5c\xba\xcd\xf2\xf3[>b\x06\x1d\xea\x04\x80\xdf\
B\x00\x00\x008\x81\x08\x01\x99UU\x05\xae+\xae\xda\
f\xfc\xd1\x8d\x1f\x11\x9b\xf50%\x08\x01p\x16<K\
\x02\xbd\xfa\xfe\xbf\x80\x00\x00\x00\xf0\x0d\xe2v\xc0\xc1\x92\
\xdc|\xcb\x1d\xb7\xed\xd4'\xaf\xd8M-\x96,\xde\x9a\
\xd7#\x04\xc0iQ\xfe?\xc6\xb4\xd4\xa07\xf3\x9fL\
\x9e\x17\xbd\x17\xea\x00\x00\x00\x9c\xc4\xa6M\x9b\x14\xa2\xd7\
\xd7\xb9\xeb\x04\x94UJJY\xa9\x85\xd8\x1d6\x86b\
ApJ\x22\x01P'1\x99\x9a\x99\xc1P\xf4\xe8;\
\x9b\xf3RSS\xbdv\x12)F\x00\x00\x00N\xe1\x84\
:\x01\xdbu\xab\x92>f\x16O\xd9`11\x10\xab\
\x03\xe0D\x22\x10\xf2\x0f\x0d\xff&H\xc9\xce\x1e\xd5u\
\xef\xfd\xa3\xd4M^\x0b\x01\x00\x00\xe04\xd4:\x01\x99\
\xd6\xf5\xf7o5]{\xd5\xce\x9e\x07\x08!\x04\xc0\xc9\
0\xc6t\xfc\xa8\x08f\x1am\xc4\x8aI\x93\x0c\xea\xcb\
^\x09\xb7\x00\x00\x00\xbe\x83\x18\xc6\x8d\x99>\xbda\xcc\
\xaa\xa4F\x83\xcdF\x9ci\x07mTfA\xfcj\xcf\
\xcc\xaf\xfap!\x05_\xa1\xa2\x0a\x00m\x97F\x0c+\
\x0f\xfd\xf9meO>\xfbl\x95\xba\xc5\xeb\xe0\xc0\x05\
\x008\x03\xeb\xd6\xad\x93\xf7\x1c;V(_\xbaz\xbb\
\xe5\x8e\x9f}\xc4\xb4Z1\x12\x80\xa7\x08\xc2\xd7\xf1\x03\
\x820\xa6(\x15\x95\xcd\xa5\xf9\xf9\x85\xea\xab^\x09\x01\
\x00\x00\xe0\x0c%''\xdbE\x9d\x80\x8e%\x0b\xb7\x9a\
\x7fq\xdb\x0ef\xd0\x1d\xa5\x8cbu\x00\xf4\xa2\x94:\
)%-\xc4\xe1l.z\xf5\xd5v\xf5e\xaf\x84\x00\
\x00\x00p\x16D\x9d\x80\xff|\xfey\xa1|\xd9\x95\xdb\
M7\x5c\xff\x11\xb3\x98\xc4\x03\x84P' \xc0\x89\xf9\
 \xfcC\xe6\xdf\xb4i&N8n\xbc\xfd\x96\xd2\xac\
I\x93\xbcz\x8e\x08?n\x01\x00\xe0lm\xde\xbcY\
s\xe5\x92\xa4ImO<\xbe\xd2\xf9\xde\x07\x8bYk\
\xdb\x14\xfe\xf2\x00~\x05\xa8\xf3\xec\x01\x81\xc43!\x94\
\xc9\x94\x91R\xdd\xc2\x05\xdbm\xffx\xfd\xff\xf8\xb1\xb0\
OL\x22Uw\xf1:\x18\x01\x00\x00\xf8\x1e\xc4\x9c\x80\
w>\xdev\xcc\xf6\xd0\x83\x1f\xe9\x93\x92R\xa4 \xeb\
1~E\xe5\xbe\x1d\xe0\xe9\x0c \xe0\x88\xfb\xff\x94\xba\
\x98\xcb\xd9\xc1\x7f\xf2\xea\xe1\x7f\x01\x01\x00\x00\xe0{\x12\
!\x80\xea\xf5G\xad\x7f\xd8\xb0M\xb7*y\x17\xb3\x98\
3(\x11\x8f\x12\xc6\x12\xc1\x80\xc6S \xff\xacx~\
\xf0^\x08\x00\x00\x00\xe7@\xad\x13\x90e]\x7f\xff6\
\xd3\xb5W\xedbF}\x86\x98\x18\x88\x10\x00\xde\x0e\x01\
\x00\x00\xe0\x1c\x89\x8a\x81\xefl\xdbvL\xb9\xf1\xba\x0f\
-?\xf9\xe1v\xa6\xd7\x89G\x09\xa3X\x10x5\x04\
\x00\x00\x80\xf3@\xdc\x0e\xc8\xab\xaf\xcfw]u\xc56\
\xf3\x9d\xbf\xd8\xc1t\xe2Q\xc2\x9e\x91\x00u\x17\x08\x14\
b.\x80\x0f@\x00\x00\x008O\xc4\x12\xc1\xbc\x86\x86\
\x82\xaeE\x09;,\xb7\xdf\xba\x93\x19t\xee\xdb\x01(\
\x16\x140\xc4\x80\x8f\x22\x17\xe4\xd7\x17\x1f:T\xea\xcd\
+\x00\x04\x04\x00\x00\x80\xf3H\x84\x80\x7f\xef\xdbW\xe0\
\xbav\xed6\xd3M7x\xea\x040\xd4\x09\x08\x04\x94\
\x12\x07c\xa4\x95\xd576\x8d\x89\x8bkQ_\xf6Z\
\x08\x00\x00\x00\xe7\xd9-\xb7\xdc\xe2<\x98\x9b\x9bo\xbe\
\xedg;\x0c\x97\xae\xfe\x98Z,\x99\xfc\xe5Z\x84\x00\
\xff\xa4\xce\xf3P\xf8\xe7V\xcd\x94\x98\xe3\xba\xe5\x89u\
\x9e-\xde\x0d\x01\x00\x00\xa0\x0f$&&\xba6>\xf7\
T\x96\xf5\xe1\x0d\xdbu+\x97\xef\xa2!!\x19=\x15\
\x03\xd5\x0e\x03\xfc\x09c2\xa1\xa4U\x17;\xad\xc4\xf6\
\xda+\xe5\xea\xab^\x0dO\x03\x04\x00\xe8#\xe2)\x82\
D\xa3\xa9[\xfe\xd8\xa3m\xae\xe3\xa5\x92\x5cTl\xa5\
NW\x10\xa1\xcc\xe4^@\x88j\xac~\x83\xbf\x91\x22\
\x00TKC\x87}n\xbc8\xf9\xd0\xc6\x8d\x1b\x9b\xd5\
M^\x0b\x01\x00\x00\xa0\x0f\xb9C\x00\xbf\xf2_\xfe\x9b\
{[H{\xbb\xc6y\xec\x98\x95\xba\x14\x11\x02\x8c\x08\
\x01\xfe\x83\x12\xea\xe4\x9f\xab;+\xcb\xb7\xff\xb1\xa1\xf6\
s\xf5}\xf7j\x08\x00\x00\x00}Lt\x061\xd3\xa7\
7\x8cY\x95\xd4h4\x18\x88\xe3\xf0\x11+\x95\x15\x1b\
F\x02|\x9fz;\x87\xf1\xf7\xb2\x95\x1a\x0d\xb9\x8aN\
\xb7\xf7\xe2w\xfe\x95\xef\xd9\xea\xdd0\x07\x00\x00\xa0\x1f\
|U'\xe0\x9a\xad\x96\x9f\xfdt\x07\xd3k\x0f\xa3N\
\x80\x7f\xa0\x8c9)\xa1\xf5\xa6\x9f\xfc0\xcb\xf4\xf2\x9f\
j\xd4\x97\xbd\x1e\x02\x00\x00@?\xf1\xd4\x09\xa8*\xec\
L\x9c\xb7\xcd|\xe7\x1d<\x04x*\x06\xa2N\x80\x8f\
\xa3Tf\x94\xb4\x92\xb0\xf0\x0a\xe3\xacY^\x7f\xef\xbf\
\x07\x02\x00\x00@?\x12!\xe0\x93\xc2\xc2B\xf9\x8aK\
?2\xfd\xf0\x86\x8f\xdd\x0f\x10B\x9d\x00_\xc6\xdf:\
\xd6\xcd\xdf\xc3\xfa\xae\x9c\xec\x9c\xae\xae\xae\x06\xf5u\xaf\
\x87\x00\x00\x00\xd0\xcf\xd6\xad[\xe78\x98\x9b\x9bg\xbe\
\xedg\xdb\x0d\x97^\xfc1\x0d\xb2e\xf0\x97Q'\xc0\
\xc7\xb8\xef\xff3\xe6\xa2\x1aM\xbdv\xc9\xe2\xfcz\xa2\
)\x0b\x0b\x0b\xf3\xfa\x02@=\x10\x00\x00\x00.\x00\xb5\
N\xc01\xeb\xc3\xbf\xdb\xa1[\xb6\xf4c\xd4\x09\xf0I\
\x0a!\xb4\x83\xbfY\xc7Mk\x92>'7\xdfP\xaf\
\xbe\xee\x13\xb0\x0a\x00\x00\xe0\x029\xa1N@\x8bR^\
F\xe4\xe2\x12+u8l\x84\x123V\x07x7\x11\
\xd2\xdc\x93\xff\xb4\xda\x1a\xed\xe8Q\x9f\x1f)/\xde2\
\xe3\x96[\xaa\xd4\xcd>\x01\x07\x17\x00\xc0\x05\xc6\xaf\xfa\
)s8&u>\xf6tR\xd7\xa6\x7f,\xa3v\xc7\
4\xfeJ8o\xa25\x08\x01\xde\x89\x07\x00\x85\xbfq\
\xed\xc4l\xce\x08\xfe\xe7\xdf\xfe~\xb4\x95\xfd'.1\
\xce\xa7F\x00p\x0b\x00\x00\xe0\x02\x13O\x8d{\xe7\xdd\
ws\x94\x1b\xae\xddj\xb9\xf9\x87bu@\xef\xa3\x84\
q;\xc0k1\x1e\xcd\x9cT\x91\x9b\xa8\xa2T\xb8L\
.\x87\xfa\xba\xcf\xc0-\x00\x00\x00/\xb0e\xcb\x16\xb6\
\xfc\x92K\x9a\x06\xcd\x8bo0\x84\x84PgZ\x9a\xc5\
S,\x88\x98(\xa1\xb8X\xf3\x22\x9e\xe1\x7f\xe2\xa0\x92\
T\xcb\xe3[z\xa5\xce\xb2%\xcf\xa4m\x12\xef\xa1\xba\
\x8bO\xc0A\x05\x00\xe0%\xc4\xc4\xc0\xbc\x86\x86\xc2\xce\
ys<u\x02\x0c\xc6#\xa8\x13\xe0]<\x9d?s\
0J\xaaiX\xe8Q\xcbC\x0f\x1c\xa8\x1c\x12\xd2\x22\
\x0a=\xa9\xbb\xf8\x0c\x04\x00\x00\x00/\x22\xea\x04\xa4\x14\
\x15\x15i.\xbbx\xab\xf9\xf6\x9fngV\xab(\x16\
\x84%\x82\xdeC\xe1\x9d\x7f\x9bf\xf8\xb0|\xfd\xad7\
\xefn\x8e\x1e\x9bJbb\xba\xd5m>\x05\x01\x00\x00\
\xc0\xcb\x88:\x01\x9f\xe7\xe7\x17\x99n\xb8\xf1c\xc3%\
\xabw\xd3 [&%\xa4\x1e!\xe0\xc2\xe3a\xcc\xc9\
\xdf\x8b\x06\xc5n\xcf\xd0\xaf\xbb<5\xa7\xab\xabL\x8c\
\xdc\xa8\x9b}\x0a\xe6\x00\x00\x00x\xa1M\x9b6)\xc4\
\xa4\xaf_\xbe\xfe\x81VW\xd1q\x89\x95\x96[\x99\xc3\
a\xe1\x9bL\x84R\x09\xab\x03\xfa\x1f\x133\xff)k\
\xd1\x0c\x1a\x98\xab\x1d\x1f\xfd\xf1\x13\xf9\xb9;o\xba\xe9\
&\x9f}\x96\x03\x02\x00\x00\x80\x97\xea\xad\x13\xf0\xd0\xfa\
6\xb9\xbcB\xa3\x1c?nF\x9d\x80\x0b\xa3w\xe2\x1f\
%\x95\x9a\x89\x93\xf6\x06\xbd\xf5\xd7\x94\xc4%K*7\
n\xdc\xa8\xee\xe1{\x10\x00\x00\x00\xbc\x98\x08\x01\x1b\x1e\
~\xb8V\xbfh~\xab\xd2\xda\xc6\x5c\xd9\xd9V\xeat\
\xb9W\x07 \x04\xf4\x0f\xd1\xf9\xf3\x7fdJh#\xb1\
Z\x8f\xb1\xf6\xd6\x1d\x1fF\x86\xef\x9a<y\xb2\xa2\xee\
\xe2\x93\x10\x00\x00\x00\xbc\x9c\xfb*S\xa3\xa9\x9f{\xf3\
\x8f\x9a\x8d:\x8d\xe4H?j\xa5\xb2\x12\xe4\x19\x09\xe0\
)\x00!\xa0\xcfx:\x7f\xa2\xb8;\x7f\xbd.K\x7f\
\xc5%\xa9\xe6\xa7\x9f\xde?-an\xa5g\x0f\xdf\x85\
\x00\x00\x00\xe0\x03\xc4H\xc0\xf2\xd5\xab\x9b\x07%,j\
0\x84\xd8D\x9d\x005\x040#\xea\x04\xf4\x0d\xb5\xf3\
\x17_\x9a\xa8V\x97a\xbc\xfe\xff}l\xb8\xe2\x8a\x1d\
\xfbj\xca\x8fm\xda\xb4\xc9\xe7\x97f\x22\x00\x00\x00\xf8\
\x0811p\xf9\xa5k\x9aC'Mh\xb0\x84Gj\
\x1c\x87\xd2-T\x96m\x0c\xc5\x82\xfa\x0ce\xc4N\xb4\
\xba\xe3\xfa\xdbn\xfeXY<\x7fk\xbeA\x97=w\
\xee\xdc.u\xb3O\xc3\x01\x03\x00\xe0C\xc4\x92\xb3\x94\
\xdc\xdcb\xd35\xd7n5\xdfv\xcb\x0e\xb5N\x80\xfb\
)\x82\xea.p\xde01\xc3\xbf\x95(\xae\xc2\xe6\xee\
\xae\x1d\x99\x8c\xe5\xc4\xc6\xc6vx\xb6\xf9>\x8c\x00\x00\
\x00\xf8\x98-[\xb6\xc8C\xc6\x8fm\x99}\xe3\x0f\x1a\
\x99\xdd.\xc9\xd9\xb9V\xe2pX\xf9&\x13\xa5\x14\xed\
\xfay\xa0V_l\xa6\x06C\xae\xe1\x92U\x9f\x166\
\xd7\xefN\xf8\xd9\xcf|\xeaa?\xdf\x05\x07\x0a\x00\x80\
\x0f\xfa\xe0\x83\x0f\x14\xa2\xd77.\xbb\xf7\x9e\x0e\xb9\xa0\
H\xcb\xca+E\x08\xb01B\x8c\xa8\x13pn\xd4\xce\
\xbf\x85\x98\x8c\x05\xba\xe9\xb1{L\xf7\xdd\xb5\xab96\
\xb6\xf8\xe5\x97_\xf6\xabQ\x16\x04\x00\x00\x00\x1f\xd5[\
'\xe0\x91\x8d\xadri\x85F)+\xb3\x10\xbb\xdd=\
\x12\x80\x10\xf0\xfd\x88\xce\x9f\xff\xd2\x9a\x88\xd9\x92\xaf\x8b\
\x99\xf4\xa9\xf9\xd9'\xb6\xa5\xd5\xd4|9s\xe6\xccN\
u\x17\xbf\x81\x83\x03\x00\xc0\xc71\xc6(s8&\xb7\
?\xf8P\x92\xfd\xbf\xef&\xd2\xce\xaei\x8c\x92H\xde\
\xc4k\x10\x02\xce\x8c:\xe3_\xe1_\x9a\xa8\xc9\x9c\xab\
\x1d7v\xaf\xe5\x95\xe7\xb6\xed)(\xd8\x9f\x98\x98\xe8\
\x93\xb5\xfe\xbf\x0bF\x00\x00\x00|\x5cO\x9d\x80\xe5w\
\xfd\xba\x99R\xc2\x9c\x87\x0f[\xa9KF\xb1\xa03\xa4\
v\xfe\xe2K3\xd1\xe9s\xf4\x09\xb3S\xcd\x7f||\
\xfb\xde\xc2\xc2/\xfc\xb5\xf3\x17\x10\x00\x00\x00\xfc\x80\xb8\
\x1d\x10\x137\xbda\xe2\xa5\x177h-6\xc9\xf9\xa5\
\xa8\x13\xc0D\x9d\x00\x84\x80\xd38\xa1\xf3o\x22\x1am\
\xb6~MR\x8a\xe9\xe6\x1fnOkn>\xb8`\xc1\
\x02\xbf\xed\xfc\x05\x04\x00\x00\x00?\xb1e\xcb\x16\xb6$\
9\xb9%t\xd2\x84FKx\x84\xa8\x13`\xa3\xb2l\
\xa5\x84\xea\x18%\x98\x13p\x02\xb5\xe3\xf7|\xcb\xf8\x95\
\xbf$\xe5\x18\xaf\xbct\xb7\xf1\xd2\xd5\x1f\x15\x86\x85\x1d\
\x9d1c\x86\xdf,\xf7;\x15\x04\x00\x00\x00?\x22\x8a\
\x05\xcdLLl\x9d\x9a\xb4\xa2\x8e\x9a\x8c\xd4u$K\
\xcb\x5c.B)\x93\x18#:,\x13<\x81\xa8\x9d@\
I3\xd1H\xd9\xc6k\xae\xda\xad,]\xba\xadv\xec\
\xa8\xacq\xe3\xc6\xb5\xaa{\xf85\x1c\x08\x00\x00~\xc6\
S'`|\xeb\xf4\xcb.\xadu~\x9cR\xa8I\x5c\
\xd8\xc9\xea\xea%\xd2\xd5e\xa2\x8c\x19\x19\x0f\x01\x81<\
\x1a\xe0)\x9aD[)\xa1\xd5To\xc8\xd5_\xb2\xea\
S\xb20~G\xfd\xc4\xe8\xac\xd1\xa3G\xb7\xa8\xbb\xf9\
=\x0c\x07\x01\x00\xf81\xb1B\xc0\xdef\x9f\xe8|\xf1\
\x85\xc5\x8e-\xff^\xac\xd4\xd4\xce\xa0\x8c\x0cd\x94\xe8\
\xf8\xe6\x80\xbb-\xc0\x7f\x1f\x0e\xde\xf17\xb1\xd0\xa0\x02\
i\xd2\xc4\xa3\xech\xd6\x17A[\xde<V\xa8\xd5\xe6\
L\x9c8\xb1M\xdd-  \x00\x00\x00\x04\x00EQ\
\xa2;\x1ezt\x99c\xcb\x7f\x97\xb2\xe6\xd6\xc9\x8c\x90\
p\xde\x1dZ\x08\xa5:\x7f\x0f\x01\xea\xfd~q\xaf_\
<\xd2\xb7\x81\x06\xd9r\xa4\xe9\xd3>3<\xfb\xc4\xc7\
o\xfe\xf7\xbf\xfbn\xb9\xe5\x96\x80,\xa3\x8c\x00\x00\x00\
\x10\x00\xdc\xb5\x02\x18\x1b\xdb\xf9\xfb\xa7\xe6\xda\xdf\xfc\xc7\
,\xa2\xd1\xc6(\xad\xad\xa3\xf9\x8b\x03\x19\x0f\x01|\x17\
\xbf[)\xd0\xdb\xf1\x13\xa6\xf0\xbfX7\xe3W\xfe\x92\
\xc5\x92\xa3\x9b;{\xaf\xf5\xb1\x87v\x1cz\xf7\xdd\x83\
q\x01\xda\xf9\x0b\x08\x00\x00\x00\x01B\x84\x80-[\xb6\
\xe8\xe2$i\xf00KPR\xeb\xaf\x7f\x93H\x1a\x9b\
/\xe2=d$\xdf,\xaa\x07j\xc5~\xfe\x10\x04<\
\x9d\xbf\xb8\xe2'v\xfe]\x0b1\x99*\x88\xdd\x9eg\
\xb8\xea\x8a4\xc3\xad?\xd9w\xb4\xa9)=...\
`;\x7f\x01\x01\x00\x00 \xc0\x88 P[R20\
$\xbf(\xb1\xedW\xf7,$\x1d\x9d\x93\x98\xd39\x9c\
o\x0a\xe3\x1f>\x1b\x04<\x9d\xbe\x07e\xcc\xc1\xff\x1e\
\x0dL\xa3-\xa7L)0ox \xdd\xae\xd3\x7fr\
8\xed\xf3\x22r\xe9\xa5\xdd\xfe\x5c\xe0\xe7L!\x00\x00\
\x00\x04 \x11\x02\x0e\xef\xde\x1d\xac\xfd\xcf\x87\xe1c\x97\
%&v\xbd\xf0\xd2L%+g\x22\x7f}\x18\xdf\x1c\
\xce?\xdcA\xc0\x17B\xc0W\x1d?\x93\xf9w\x0a\xa5\
\xc4\xce\x18\xa9\x97\x22#\x8e\xe8\xef\xbbkOsZ\xfa\
\xce\xca\x98\xe8\xda\x12\xb3\xb9\xe5\xaa\xab\xae\xf2\x8bg\xf9\
\x9f\x0f\x08\x00\x00\x00\x01\xee\xe8\xd1\xa3\x03-o\xbf=\
p\xa0\xc9\x12'g\xe5\xccq\xec\xd9?\x91w\xa6C\
\xf9&\xaf\x0f\x02\x9e\xce\xdf=\xd4\xdf\xcd\xbfi\xe6?\
\xb5\xf1\xff\xdefi\xc0\x80b\xe3\xcd7\xa56N\x9b\
\x9c\xf2yY\xd9\xf1u\xeb\xd69\xd4?\x02*\x04\x00\
\x00\x00p+--\x0d\x0b\xfa\xe4\xb3\xb1\xca\xfb\xefO\
\xd4\x04\x85\xccu~\x9c2\x91\xc8\xaea\x8c\xd0pJ\
D\xfd\x00Q;\xc6\xfd\x94AI\xfd#\x17\x04\xef\xe8\
\xc5C{\x94\xde\xab}B\x9b\xf8\xcfU\xba\x85\x0b\xf2\
4\xc3\x86\x94\xb3\xfa\xfa\xe3\x1dyy\xf9![\xde.\
y\xff\xd3OE\xe7/\xab\x7f\x14N\x80\x00\x00\x00\x00\
_SXX\x18<\xbc\xadmJ\xeb\xad\xbf\x8a\xd6\x0d\
\x1f:\xc7y(}\x02\xe9\xb6\x0fd\x8cYx\xb7a\
\xe6a\xc0\xac\x86\x01\xd1\x87\xb8?\xf8\xa7>\xe9O<\
W\xf8\xbd\x1f\xe2\xde\xbe\x8bw\xf8\xdd\xfc\xbfA\x94\xea\
\xedb:]\x83v\xfa\xb4<\xb9\xe4\xf8\x01\xe3\x8fn\
\xcc7\xdfvs\x0d\x7f\xbdF\x92\xa4J\xb1?\x9c\x1a\
\x02\x00\x00\x00\x9cTZZ\x9a\xee\xa2\xd1\xa3g7\xaf\
\xbb~\x22\xeb\xee\x1eO\xcd\xa6\x81Jm\xdd\x10~\x85\
=\x94w\xc76\xde\x85h\x18eZ\xca\xa8E|\xe5\
?\x9fnd\xe0[!\xe1\x84\xce\xfddN\xe8\xf0I\
\x07%\xd4\xc9_\xe2W\xfe\xa4\x93\x84\x86\xd4h\x86\x0c\
.U\xba\xed\xf5\xac\xb6\xb60\xf8\xaf\x7f\xc9\xcd\x0f\xb6\
\x1e\x984iR\x83\xf83pf\x10\x00\x00\x00\xe0\xb4\
6o\xde\xac\xb9r\xc5\x8a\xb1D\xa3\x89\xeaz\xf9\xf5\
\x91]\xcf<?\x8e\x19u\x91\x92\xd5j\xe5\xddH0\
kl\x1aF\x14\x16\xca;j=\xdf\xfd[\xfd\x0a\xa5\
L\xc3\x181\xf0o\xdc\xab\x0bT\xa20\x8f:a\x8f\
\xba\xd4\xd7N\xc4/\xf4\x99L%M\x0b\x0d\x0b+\xe3\
\xff\xfef\xa5\xad\xb5\x958\x1d\xcd\xfa\x05\x09e\xe6\x97\
\x9e\xcf\xd5j\xb5\x95\xbb7o\xce\xda]R\xe2\xd8\xb0\
a\x03\xa3\xfc\xffH\xfd\xb3p\x06\x10\x00\x00\x00\xe0;\
\xad_\xbf^\x1a2d\x88fxw\xb7T\xff\xe5\x97\
\xda\x84\xe4d\xeb\x88\xd9\xb3\xa7\xd0\xee\xee\xc1\xad?\xfe\
\xd9\x14\xa5\xb4l\x181\xe8mL\x92\xbe\xfe\x8c\x19*\
F\x05\xa8\x95vu\x0fbD\x09\xe1\x9d\x8eA\xbc\xcc\
;}'\x91h+1\x19\xaa\x88LZEg\xef\xde\
_E]\x8a\xcc\x5c\x8enb4W\x07\xbf\xf0L&\
\x1d?\xb6\xbc\xb1\xb00'\xf5\xe5\x97k\x8c\xa1\xa1J\
\xf7\xd2\xa5\xae\xc8\xc8H%11\xf1d\xe1\x01\xce\x00\
\x02\x00\x00\x00|/[\xb7n5\xb8\x5c.\x8d\xfc\xef\
\x7f\xeb\x0d\x1d\x1d\xba\xa5\xb7\xdc>\x92\x86X\x06\xa8\x9b\
9-\x915L\xac \x88\xe8\xb8o}\x8c\x9c\x95=\
\x92j5ADq\xcf\xe1\xeb\x22\xc1AU\x96\xe7\x9f\
=B\x83\x83\xab4\xbc\xb7\x17k\x13\xd5?HHw\
w\xc7\xa1\xb7\xdf\xcei\xaa\xadu\x18\xc4\x0c\xfe\xc8H\
\xd1\xd1\xbb\xd0\xe1\x9f?\x08\x00\x00\x00p^l\xde\xbc\
Y?e\xca\x14\xf7\x15~\x8f\x96\x96\x16jU\x14m\
\xfb\xdbo\x9b]\x99\xf9\x86IW\xae\x19f\x0e\x0e3\
\x1f}\xf3\xed\xa2\x0eB\xed\xc1\xbf\xb8\xa5C\x190\xc0\
a\xb1X\xc4\xfd\xfd^v\xbb]\x996mZ'\x86\
\xf5\x01\x00\x00\xfc\x80\x185\xe0A!X\xfd\x11\x00\x00\
\x00\x00\x00\x00\x00\x00\x00\x00\x00\x00\x00\x00\x00\x00\x00\x00\
\x00\x00\x00\x00\x00\x00\x00\x00\x00\x00\x00\x00\x00\x00\x00\x00\
\x00\x00\x00\x00\x00\x00\x00\x00\x00\x00\x00\x00\x00\x00\x00\x00\
\x00\x00\x00\x00\x00\x00\x00\x00\x00\x00\x00\x00\x00\x00\x00\x00\
\x00\x00\x00\x00\x00\x00\x00\x00\x00\x00\x00\x00\x00\x00\x00\x00\
\x00\x00\x00\x00\x00\x00\x00\x00\x00\x00\x00\x00\x00\x00\x00\x00\
\x00\x00\x00\x00\x00\x00\x00\x00\x00\x00\x00\x00\x00\x00\x00\x00\
\x00\x00\x00\x00\x00\x00\x00\x00\x00\x00\x00\x00\x00\x00\x00\x00\
\x00\x00\x00\x00\x00\x00\x00\x00\x00\x00\x00\x00\x00\x00\x00\x00\
\x00\x00\x00\x00\x00\x00\x00\x00\x00\x00\x00\x00\x00\xce\x08!\
\xff\x1f\x93\xc4r\xbfG\x0d\xb2\xfb\x00\x00\x00\x00IE\
ND\xaeB`\x82\
\x00\x00\x0f\x15\
\x89\
PNG\x0d\x0a\x1a\x0a\x00\x00\x00\x0dIHDR\x00\
\x00\x02\x00\x00\x00\x02\x00\x08\x06\x00\x00\x00\xf4x\xd4\xfa\
\x00\x00\x00\x01sRGB\x00\xae\xce\x1c\xe9\x00\x00\x00\
\x04gAMA\x00\x00\xb1\x8f\x0b\xfca\x05\x00\x00\x00\
\x09pHYs\x00\x00\x0e\xc3\x00\x00\x0e\xc3\x01\xc7o\
\xa8d\x00\x00\x0e\xaaIDATx^\xed\xdd]\x8b\
\x1bG\x1a\x86\xe1x\x19\xc3\x046\x90\x80\x0f}\xe8\xff\
\xff\x8b|\xe8CC\x02\x1bp\xc0\x03\xden\xab&\x89\
\xed\x19\x8d\xa4\xfe\xaa\xb7\x9e\xeb\x02\xd3R\xd88\xac\xba\
\xba\xea\xeejy\xfc\x13\x00\x00\x00\x00\x00\x00\x00\x00\x00\
\x00\x00\x00\x00\x00\x00\x00\x00\x00\x00\x00\x00\x00\x00\x00\x00\
\x00\x00\x00\x00\x00\x00\x00\x00\x00\x00\x00\x00\x00\x00\x00\x00\
\x00\x00\x00\x00\x00\x00\x00\x00\x00\x00\x00\x00\x00\x00\x00\x00\
\x00\x00\x00\x00\x00\x00\x00\x00\x00\x00\x00\x00\x00\x00\x00\x00\
\x00\x00\x00\x00\x00\x00\x00\x00\x00\x00\x00\x00\x00\x00\x00\x00\
\x00\x00\x00\x00kx\xd5\x8e\xac\xec\xe3\xdbw_\xdaK\
\x80R\xde|xom\x08\xe0$\xaf\xc4\x82\x0f\x8cF\
\x08\x8c\xcd\xc9]\xc0\xa2\x0f\x8cN\x04\x8c\xcb\x89\xbd\xde\
\xdd\xb4\xf0\x7fn\xaf\x01\x22\x08\x81\xf18\xa1\x17r\xb7\
\x0f\xa4\x13\x01cq2_`\xe1\x07\xf8\x87\x08\x18\x87\
\x13y\x86\xc5\x1f\xe0G\x22`\x0cN\xe2\x13,\xfc\x00\
\xe7\x89\x80\xfa\xfe\xd3\x8e\x9c\xdc[\xfc\x01^f\xae\xac\
O\xc15\x063\xc0\xf5\xec\x04\xd4\xe5\xc4M,\xfe\x00\
\xb7\x13\x015\xc5\x9f4\x8b?\xc0r\x22\xa0\x9e\xe4\xef\
\x00x\xde\x0f\xb0\x12\xf3i=\xa9\xc5\xe6\xa7\xf9\x01l\
\xc0N@\x1d\x89'\xca\xe2\x0f\xb0!\x11PC\xda#\
\x80y\xdb\xdf\xe2\x0f\xb0!\x8f\x03j\x88\xaa4\x83\x12\
`?v\x02\xfa\x16sr,\xfe\x00\xfb\x13\x01\xfd\x8a\
81\x16\x7f\x80\xe3\x88\x80>\x0d\x7fR,\xfe\x00\xc7\
\x13\x01\xfd\x19\xfdK\x80w\xed\x08\xc0\x81\xdc\x8c\xf5g\
\xe8\x223\xe0\x00\xfab'\xa0\x1f\xc3\x9e\x08\x8b?@\
\x9fD@\x1f\xfcu\xc0\x00\xec\xca\x0dZ\x1f\x86\xac0\
\x83\x0b\xa0\x7fv\x02\x8e5\xdc\x87o\xf1\x07\xa8C\x04\
\x1c\xc7#\x00\x00\x0e\xe3\xa6\xed8C\x95\x97\x81\x04P\
\x93\x9d\x80\xfd\xd9\x01\x00\xe0pn\xe0\xf67Lq\x19\
<\x00\xf5\xd9\x09\xd8\x8f\x1d\x00\x00\xba\xe1fn?\x02\
\x00\x80\xae\x88\x80}\x0c\xb1\xd5b\xb0\x00\x8c\xc7\xe3\x80\
m\x09\x80\x9d%\x0d\xe8\x1e\xce\x8b\x09\x84%\x06\x1a\xc3\
\xbfN\xff_~o\xafKq\x0do\xc7#\x80\x1d\xcc\
\x03\xf8\xf1W\xfbG\x00{\xfac\x9a\x7f~k\xafK\
\xb1\xc3\xbb\x9d\xf2\x01\xd0\xf3\xe0\xb0\xe8\x03\x1d\x11\x01|\
\xc3\x0e\xc0\x06\xa6\x8b\xecg\x0b?\xd0!\x11\xc0\xdf\x04\
\xc0\xca\xa6\x8b\xeb\xf5t\xf8\xeb\xf4\x0e\xa0;\x22\x80\xaf\
\x04\xc0\x8a\xda\xe2\xffpz\x07\xd0-\x11@\xed\x00\xe8\
p X\xfc\x81*D@8;\x00+\x99.$\xcf\
\xfc\x81jD@0\x01\x00\x90M\x04\x84\x12\x00+p\
\xf7\x0f\x14'\x02\x02\x09\x00\x00f\x22 \x8c\x00\x00\xe0\
\x91\x08\x08\x22\x00\x16\xb2\xfd\x0f\x0cF\x04\x84\x10\x00\x00\
|O\x04\x04\x10\x00\x00<E\x04\x0cN\x00\x00\xf0\x1c\
\x1100\x01\x00\xc09\x22`P\x02\x00\x80\x97\x88\x80\
\x01\x09\x00\x00.!\x02\x06#\x00\x00\xb8\x94\x08\x18\x88\
\x00\x00\xe0\x1a\x22`\x10\x02\x00\x80k\x89\x80\x01\x08\x00\
\x00n!\x02\x8a+\xfdcl{8\x89\xd3\x05\xe0G\
\x01?\xc3\xf9\xe1{\x97\x8c\x89\x9e\xce\x991|\x91_\
\xa7\xcf\xe9\xf7\xf6\xba\x94\xf4\xf9\xc1\x0e\x00\xb0\xa9y\x11\
}\xfc\xd5\xfe\xd1Y\xd7\xfco\xe9\x82\x9d\x80\xa2\x04\x00\
\xb0\x89\xa5\x0b\xb9\x10(E\x04\x14$\x00\x80\xd5\xad9\
\xa9\x8a\x802D@1\x02\x00X\xd5\x16\x93i\xfb=\
\xefO\xef\xe8\x98\x08(D\x00\x00\xab\xd9r\x12\x9d~\
\xefO\xd3\xe1\xee\xf4\x8e\x8e\x89\x80\x22\x04\x00\xb0\x8a=\
&\xcf\xe9\xbf\xf1y:\x88\x80\xfe\x89\x80\x02\x04\x00\xb0\
\xd8\x9e\x93f\x8b\x00\xfa'\x02:'\x00\x80r\x92\xee\
\xd2\x8a\x13\x01\x1d\x13\x00\xc0\x22\x16c^ \x02:%\
\x00\x80\x92\x84G)\x22\xa0C\x02\x00\xb8\x99E\x98+\
\x88\x80\xce\x08\x00\x00\xf6\x22\x02:\x22\x00\x80\xb2\xec@\
\x94$\x02:!\x00\x00\xd8\x9b\x08\xe8\x80\x00\x00n\xe2\
\xee\x9b\x85\xcaF\xc0d\x88\x1fF%\x00\x008J\xc9\
\x08\x98\xe2w\x88\x1fF%\x00\x008R\xd5\x08(\xbf\
\x03&\x00\x008Z\xe5\xc7\x01e\x09\x00\x00zP.\
\x02\xaa\xef\x02\x08\x00\x00za'`G\x02\x00\x80\x9e\
\x88\x80\x9d\x08\x00\x00z#\x02v \x00\x00\xe8\x91\x08\
\xd8\x98\x00\x00\xa0W\x22`C\x02\x00\x80\x9e\x89\x80\x8d\
\x08\x00\x00z'\x026 \x00\x00\xa8@\x04\xacL\x00\
\x00P\x85\x08X\x91\x00\x00\xa0\x12\x11\xb0\x12\x01\x00@\
5\x22`\x05\x02\x00\x80\x8a\xfehGn$\x00\x00 \
\x90\x00\x00\x80@\x02\x00\xb8\xc9\x9b\x0f\xef_\xb5\x97@\
A\x02\x00\x00\x02\x09\x00\xa0,\xbb\x10p;\x01\x00\x00\
\x81\x04\x00p3w\xe0P\x97\x00\x00J\x12\x1f\xb0\x8c\
\x00\x00\x16\x99\x16\xe2\xd7\xed%P\x88\x00\x00\x96zh\
\xc7\xdd\xb8\xfb\x87\xe5\x04\x00\xb0\xd8\x9e\x0b\xb2\x1d\x07X\
\x87\x00\x00V\xb1G\x04L\xff\x8d\x9f\xa7\xc3\xee;\x0e\
0\x22\x01\x00\xacf\xcb\x08\x98~\xef\xf9o\x7f\xfb\xeb\
\xf4\x0eXJ\x00\x00\xab\xda\x22\x02\xa6\xdf\xf3\x97\xe9\xe0\
o\x7f\x83\x15\x09\x00`ukF@\xfb\xbd\xfe<\xbd\
\x03\xd6\x22\x00\x80M\xcc\x0b\xf7\x92\x10X\xfa\xef\x03\xe7\
\x09\x00`S\xd7.\xe4\x16~\xd8G\xe9\x8b\xec\xe3\xdb\
w_\xda\xcb\xc3\x98\xa8\x9e\xe7\xfcP\x9d1\xdc7\xe7\
g\x19;\x00\x00\x10H\x00\x00@ \x01\x00\x00\x81\x04\
\x00\x00\x04\x12\x00\x00\x10H\x00\x00@ \x01\x00\x00\x81\
\x04\x00\x00\x04\x12\x00\x00\x10H\x00\x00@ \x01\x00\x00\
\x81\x04\x00\x00\x04\x12\x00\x00\x10H\x00\x00@ \x01\xc0\
\xd0z\xf8\xebB\xa9\xc9\xd8at\x02\x00\x00\x02\x09\x00\
\x00\x08$\x00\x18\x9e\xad\x5c\xaee\xcc\x90@\x00\x90\xe2\
\xbf\xed\x08/\xb9kG\x18\x9a\x00`3o>\xbc\x7f\
\xd5^\x1en\xba\xa3\xfb\xdft\xb8?\xbd\x83g\xddO\
c\xe5s{}\xb8\x9e\xae!\xc6#\x00\x881M\xec\
\x9fl\xed\xf2\x9cyl\xccc\xa4\xbd\x85\xe1\x09\x00\xe2\
\xb4\x89^\x08\xf0\x95\xf1@\xaa\xd2\xdbK=\x5c\xb4\xb6\
\xe8\xce3\xb1\xc2\xed\xcc/\xe7Y\x03\x96\xb1\x03\xc0\xa6\
L`p\x1b\xd7\x0e[\x13\x00\x00\x10H\x00\x00@ \
\x01\x00\x00\x81\x04\x00\x9b\xf3,\x13\xae\xe3\x9aa\x0f\x02\
\x00\x00\x02\x09\x00v\xe1\x8e\x06.\xe3Za/\x02\x00\
\x00\x02\x09\x00v\xe3\xce\x06\xces\x8d\xb0'\x01\x00\x00\
\x81\x04\x00\xbbr\x87\x03Osm\xb07\x01\x00\x00\x81\
\x04\x00\xbbs\xa7\x03\xdfrMp\x04\x01\xc0!Lx\
p\xe2Z\xe0(\x02\x00\x00\x02\x09\x00\x0e\xe3\xce\x87t\
\xae\x01\x8e$\x008\x94\x09\x90T\xc6>G\x13\x00\x1c\
\xceDH\x1ac\x9e\x1e\x08\x00\xba`B$\x85\xb1N\
/\x04\x00\xdd012\xbai\x8c\xbfn/\xe1p\x02\
\x80\xae\x88\x00F\xd5\x16\xff\x87\xd3;8\x9e\x00\xa0;\
\x22\x80\xd1\xb41m\xf1\xa7+\x02\x80.\x89\x00Fa\
,\xd3+\x01@\xb7L\x9cTg\x0c\xd33\x01@\xd7\
\xe6\x09\xd4$J5\xd3\x98}m\xdc\xd2;\x01@\x09\
&S\xaahc\xd5\xf3~\xba'\x00(c\x9eX\x85\
\x00\xbd\x9a\xc6\xa6\xbb~J\x11\x00\x94c\x92\xa57m\
L\xba\xeb\xa7\x14\x01@I\xf3\x84+\x048\xd24\xfe\
\xbe\xde\xf1\x1b\x87T%\x00(\xedq\x026\x09\xb3\x97\
\x7f\x8d7w\xfc\x94&\x00\x18\x86\x10`K\xc6\x17\xa3\
)=\x98?\xbe}\xf7\xa5\xbd<\x8c\x09\xa1\x86\x1e\xc6\
\x0a\xb5\xb8\xb6\xfbg\x0dXF\x00,d\x92\x008\x86\
5`\x19\x8f\x00\x00 \x90\x00\x00\x80@\x02\x00\x00\x02\
\x09\x00\x00\x08$\x00\x00 \x90\x00\x00\x80@\x02\x00\x00\
\x02\x09\x00\x00\x08$\x00\x00 \x90\x00\x00\x80@\x02\x00\
\x00\x02\x09\x00\x00\x08$\x00\x00 \x90\x00\x00\x80@\x02\
\x00\x00\x02\x09\x00\x00\x08$\x00\x00 \x90\x00\x00\x80@\
\x02\x00\x00\x02\x09\x00\x00\x08$\x00\x00 \x90\x00\x00\x80\
@\x02\x00\x00\x02\x09\x00\x00\x08$\x00\x00 \x90\x00\x00\
\x80@\x02\x00\x00\x02\x09\x00\x00\x08$\x00\x00 \x90\x00\
\x00\x80@\x02\x00\x00\x02\x09\x00\x00\x08$\x00\x00 \x90\
\x00\x00\x80@\x02\x00\x00\x02\x09\x00\x00\x08$\x00\x00 \
\x90\x00\x00\x80@\x02\x00\x00\x02\x09\x00\x00\x08$\x00\x00\
 \x90\x00\x00\x80@\x02\x00\x00\x02\x09\x00\x00\x08$\x00\
\x00 \x90\x00\x00\x80@\x02\x00\x00\x02\x09\x00\x00\x08$\
\x00\x00 \x90\x00\x00\x80@\x02\x00\x00\x02\x09\x00\x00\x08\
$\x00\x00 \x90\x00\x00\x80@\x02\x00\x00\x02\x09\x00\x00\
\x08$\x00\x00 \x90\x00\x00\x80@\x02\x00\x00\x02\x09\x00\
\x00\x08$\x00\x00 \x90\x00\x00\x80@\xaf\xda\xb1\xa4\x8f\
o\xdf}i/\x0f\xf3\xe6\xc3\xfb\xd2\x9faU=\x9c\
{\xf87s\xc1\xfe\xac\x01\xcb\x08\x80\x85\x5c\xf4\xdb\xb1\
\xc83\x0a\xf3\xc46\xac\x01\xcb\x08\x80\x85\x5c\xd8\xeb\xb1\
\xe0\x93\xc2\xbc\xb1\x0ek\xc02\x02`!\x17\xf22\x16\
}\xd2\x99Cng\x0dX\xc6\x97\x009\xc4|\xe1Z\
\xfc\xc1\xb5\xc0q\x04\x00\xbby\x9c\xe8Lv\xf0#\xd7\
\x06{\x13\x00\xec\xe1\xce\xc4\x06\x97\x11\x02\xecE\x00\xb0\
\xa96\x99}no\x81\x0b\x09\x01\xb6&\x00\xd8\x84\xc9\
\x0b\xd6\xe1Zb+\x02\x80\xd5\x99\xac`}\xae+\xd6\
&\x00X\x8d;\x15\xd8V\xbb\xbe\xeeO\xef`\x19\x01\
\xc0*,\xfc\xb0\x8f\xe9Z\xfb\xe4zc\x0d\x02\x80\xc5\
LF\xb0?\xd7\x1dK\x09\x00\x161\x09\xc1q\x5c\x7f\
,!\x00\xb8\x99\xc9\x07\x8e\xe7:\xe4V\x02\x80\x9b\x98\
t\xa0\x1f\xaeGn!\x00\xb8\x9a\xc9\x06\xfa\xe3\xba\xe4\
Z\x02\x80\xab\x98d\xa0_\xaeO\xae!\x00\xb8\x98\xc9\
\x05\xfa\xe7:\xe5R\x02\x80\x8b\x98T\xa0\x0e\xd7+\x97\
\x10\x00\xbc\xc8d\x02%\xfd\xda\x8e\xf0$\x01\xc0K\xee\
\xda\x11(d\x0a\xf7\xdf\xdbKx\x92\x00\xe0\xaci\x12\
\xf1W\xf9BQv\xef8G\x00\xf0,\x93\x07\xd4\xe7\
:\xe69\x02\x80\xe7\xd8\xfa\x07\x18\x98\x00\xe0I\xb6\xfe\
a\x1cv\x01x\x8a\x00\xe0\x07&\x0b\x18\x8f\xeb\x9a\xef\
\x09\x00\x00\x08$\x00\xf8\x86\xbb\x04\x18\x97\xeb\x9b\x7f\x13\
\x00\x00\x10H\x00\xf07w\x070>\xd79\x8f\x04\x00\
\x00\x04\x12\x00|\xe5\xae\x00 \x8b\x00\x00\x08#\xf8\x99\
\xbdj\xc7\x92z\x18\xc4o>\xbc/\xfd\x19>\xaa4\
!\x8c\xf2\x993\x96j\x8b\xea\x08\xd7\x915`\x19\x01\
\xb0\x90\x8bh\x1f\x16}*\xa9\x12\x03\xd5\xaf+k\xc0\
2\x1e\x01\xd0\xb5\xf9\xe2\xb2\xf8S\x8dqK\x05\x02\x80\
n\x99@\xa9\xce\x18\xa6g\x02 \x5c\x8f[\x95\xd3\xa4\
\xf9\x8b\x89\x93Q\xcccy\xfa\xf5\xba\xbd\x85n\x08\x00\
\xba2/\xfe\xd3\xe1\xcf\xd3;\x18\xc6C\x1b\xdb]\xa9\
\xf2]\x05\xb6!\x00\xe8\x8d\xc5\x9fQ\x19\xdbtE\x00\
\xd0\x0d\xdb\xfe\x8c\xce\x18\xa7'\x02\x80.xFJ\x0a\
c\x9d^\x08\x80`\x9d=\xff{hG\x18\x9d\xb1N\
\x17\x04\x00@0_\x04\xcc%\x008\x9c\xe7\xa2\xa41\
\xe6\xe9\x81\x00\x00\x80@\x02\x00\x00\x02\x09\x00\x0ee+\
\x14\xe0\x18\x02\x00\xe0\x00\xe2\x97\xa3\x09\x00\x00\x08$\x00\
\x00 \x90\x00\x00\x80@\x02\x00\x00\x02\x09\x00\x00\x08$\
\x00\x00 \x90\x00\x00\x80@\x02\x00\x00\x02\x09\x00\x00\x08\
$\x00\x00 \x90\x00\x00\x80@\x02\x00\x00\x02\x09\x00\x00\
\x08$\x00\x00 \x90\x00\x00\x80@\x02\x00\x00\x02\x09\x00\
\x00\x08$\x00\x00 \x90\x00\x00\x80@\x02\x00\x00\x02\x09\
\x00\x00\x08$\x00\x00 \x90\x00\x00\x80@\x02\x00\x00\x02\
\x09\x00\x00\x08$\x00\x00 \x90\x00\x00\x80@\x02\x00\x00\
\x02\x09\x00\x00\x08$\x00\x00 \x90\x00\x00\x80@\x02\x00\
\x00\x02\x09\x00\x00\x08$\x00\x00 \x90\x00\x00\x80@\x02\
\x00\x00\x02\x09\x00\x00\x08$\x00\x00 \x90\x00\x00\x80@\
\x02\x00\x00\x02\x09\x00\x00\x08$\x00\x00 \x90\x00\x00\x80\
@\x02\x00\x00\x02\x09\x00\x00\x08$\x00\x00 \x90\x00\x00\
\x80@\x02\x00\x00\x02\x09\x00\x00\x08$\x00\x00 \x90\x00\
\x00\x80@\x02\x00\x00\x02\x09\x00\x00\x08$\x00\x00 \x90\
\x00\x00\x80@\x02\x00\x00\x02\x09\x00\x00\x08$\x00\x00 \
\x90\x00\x00\x80@\x02\x00\x00\x02\x09\x00\x00\x08$\x00\x00\
 \x90\x00\x00\x80@\x02\x00\x00\x02\x09\x00\x00\x08$\x00\
\x00 \x90\x00\x00\x80@\x02\x00\x00\x02\x09\x00\x00\x08$\
\x00\x00 \x90\x00\x00\x80@\x02\x00\x00\x02\x09\x00\x00\x08\
$\x00\x00 \x90\x00\x00\x80@\x02\x00\x00\x02\x09\x00\x00\
\x08$\x00\x00 \x90\x00\x00\x80@\x02\x00\x00\x02\x09\x00\
\x00\x08$\x00\x00 \x90\x00\x00\x80@\x02\x00\x00\x02\x09\
\x00\x00\x08$\x00\x00 \x90\x00\x00\x80@\x02\x00\x00\x02\
\x09\x00\x00\x08$\x00\x00 \x90\x00\x00\x80@\x02\x00\x00\
\x02\x09\x00\x00\x08$\x00\x00 \x90\x00\x00\x80@\x02\x00\
\x00\x02\x09\x00\x00\x08$\x00\x00 \x90\x00\x00\x80@\x02\
`\xa1\x8fo\xdf}i/\x01\xa0\x0c\x01\x00@9n\
\xbe\x96\x13\x00\x00\x10H\x00\xac@\x89\x02\xec\xc7\x9c\xbb\
\x0e\x01\x00\x00\x81\x04\xc0J\x14)\xc0\xf6\xcc\xb5\xeb)\
\x1d\x00o>\xbc\x7f\xd5^\xf6\xe2\xbe\x1d\x01\x18\x5c\x87\
k\xd0U\xec\x00\xach*\xd3O\xd3\xe1\xee\xf4\x0e\x80\
5\xb9\xfb_\x97\x00X\xd94@?O\x07\x11\x00\xb0\
\x9e;\x8b\xff\xfa\x04\xc0\x06\xe6\x080X\x01\x96\x9b\xe7\
\xd2vc\xc5\xca\xca\x07@\xcf\xcf`\xda\xc0\x15\x02\x00\
W\xea}\xfe\xac\xfe\xfc\x7ff\x07`\x07\x8f\x03Y\x0c\
\x00\x9cg\xae\xdcO\xf9\x82\x99\x19,\x00\xeci\x84\x1d\
\x80!\x02`&\x02\x00\xd8\xc3\x08\x8b\xff\xcc#\x00\x00\
\x08$\x00\x00 \xd00\x8f\x00f\x1e\x03\x00\xb0\xa5Q\
\xb6\xffgv\x00\x00 \xd0P;\x003\xbb\x00\x00l\
a\xa4\xbb\xff\x99\x1d\x00\x00\x084\xdc\x0e\xc0\xcc.\x00\
\x00k\x1a\xed\xee\x7f6\xe4\x0e\xc0\x88'\x0a\x80cL\
k\xca\xeb\xf6r(\x1e\x01\x00\xc0y\x0f\xed8\x94\xa1\
\xef\x94=\x0a\x00`\x89\x91w\x94\x87\xde\x01\x98N\xdc\
\xcf\xed%\x00\x5ceZC~k/\x874\xfa#\x80\
\xbf\xda\x11\x00\xae\xf5G;\x0e)\xe2\xcbr\x1e\x05\x00\
p\x8d\x84/\x93\xc7|[^\x04\x00p\x89\x84\xc5\x7f\
\x16\xf3\xa7\x00RN(\x00\xb7\x9b\xd6\x8a!\xff\xc8\xdf\
S\xa2\xfe\x18\xe0tb})\x10\x80'\xb55b\xc8\
?\xf2\xf7\x94\xc4\xbb\xe2\xbb\x8fo\xdf}n\xaf\x01\xe0\
q\xf1\x8f\xfa\xe2x\xea\xb6\xb8\x08\x00\xe0\xab\xc4\xc5\x7f\
\x96\xfa\x93\x00\x1f<\x0e\x00 u\xf1\x9f\xc5\x7f1\xce\
\x9f\x0e\x00\xc84-\xfe\xf3\x17\xfeb\x9e\xf9\x7f\xcf7\
\xe3'\x22\x00 \xcb\xb4\xf8\xc7\xaf\x7f\x02\xa0\x11\x01\x00\
\x19,\xfe'>\x84o\xddO!\xf0\xa9\xbd\x06` \
\xd3\xc2\xff\xcbt\xf8\xf3\xf4\x0e\x01\xf0\x04\xbb\x01\x00c\
q\xd7\xff#\x1f\xc8\x19B\x00\xa0\xb6\xf4/\xfa\x9d#\
\x00^ \x02\x00jr\xd7\x7f\x9e\x0f\xe7BB\x00\xa0\
\x06\x0b\xffe|HW\x12\x02\x00}\xb2\xf0_\xc7\x87\
\xb5\x80\x18\x008\x96E\xffv>\xb8\x95\x88\x01\x80}\
X\xf4\xd7\xe1C\xdc\x88 \x00X\x8fE\x1f\x00\x00\x00\
\x00\x00\x00\x00\x00\x00\x00\x00\x00\x00\x00\x00\x00\x00\x00\x00\
\x00\x00\x00\x00\x00\x00\x00\x00\x00\x00\x00\x00\x00\x00\x00\x00\
\x00\x00\x00\x00\x00\x00\x00\x00\x00\x00\x00\x00\x00\x00\x00\x00\
\x00\x00\x00\x00\x00\x00\x00\x00\x00\x00\x00\x00\x00\x00\x00\x00\
\x00\x00\x00\x00\x00\x00\x00\x00\x00\x00\x00\x00\x00\x00\x00\x00\
\x00\x00\x00\x00\x00\x00\x00\x00\x00\x80.\xfd\xf4\xd3\xff\x01\
\xa7\x18\x83\xe2{}\x10\x11\x00\x00\x00\x00IEND\
\xaeB`\x82\
\x00\x00\x16R\
\x89\
PNG\x0d\x0a\x1a\x0a\x00\x00\x00\x0dIHDR\x00\
\x00\x02\x00\x00\x00\x02\x00\x08\x06\x00\x00\x00\xf4x\xd4\xfa\
\x00\x00\x00\x01sRGB\x00\xae\xce\x1c\xe9\x00\x00\x00\
\x04gAMA\x00\x00\xb1\x8f\x0b\xfca\x05\x00\x00\x00\
\x09pHYs\x00\x00\x0e\xc3\x00\x00\x0e\xc3\x01\xc7o\
\xa8d\x00\x00\x15\xe7IDATx^\xed\xdd[\xab\
\x1cG\x96\x06\xd0\x1e#\x81\x042\xd8`?\x0c\xf8a\
\x1e\xfc\xff\x7fQ?\xf6\xc3\xc0\x08\xda \x83\x04\x12L\
G\xa9\xb2$\x9d[UVU^\xf6e-\x18\xb2\x0a\
\x1a\xc6\xca\x8c\x88\xfd\xc5\x8e<\xe7\xfc\x03\x00\x00\x00\x00\
\x00\x00\x00\x00\x00\x00\x00\x00\x00\x00\x00\x00\x00\x00\x00\x00\
\x00\x00\x00\x00\x00\x00\x00\x00\x00\x00\x00\x00\x00\x00\x00\x00\
\x00\x00\x00\x00\x00\x00\x00\x00\x00\x00\x00\x00\x00\x00\x00\x00\
\x00\x00\x00\x00\x00\x00\x00\x00\x00\x00\x00\x00\x00\x00\x00\x00\
\x80\xae\xfek\xba\x02\xc5\xbd\xff\xe3\xcf\xff\x9f>>\xf0\
\xdb\xbf\xfei\x1d\x80\x86L|H\xe0\xa5\xe2\x1d\x8d0\
\x01y\x98\xac\x10@\x96\x02\x7f/\x01\x01\xe20\x19a\
#]\x8a\xfc=\x04\x04\xd8\x8e\xc9\x06+P\xec\x97#\
\x14\xc0:L,\xb8\x93b\xbf-\x81\x00\x96a\x22\xc1\
\x95\x14\xfcX\x04\x02\xb8\x8d\x89\x03\x17(\xf8\xb9\x08\x04\
0\x8f\x89\x02\x8f(\xf8\xb5\x08\x04\xf0<\x13\x03\x06E\
\xbf\x0f\x81\x00\x8eL\x04ZR\xf09\x10\x06\xe8\xcc\xe0\
\xa7\x0dE\x9fs\x84\x01\xba1\xe0)O\xe1\xe7Z\xc2\
\x00\x1d\x18\xe4\x94\xa4\xe8\xb3\x14a\x80\xaa\x0cl\xcaP\
\xf4Y\x93 @5\x064\xe9)\xfclM\x18\xa0\x02\
\x83\x98\x94\x14}\xa2\x10\x06\xc8\xca\xc0%\x15\x85\x9f\xa8\
\x04\x01\xb21`IA\xe1'\x0bA\x80,\x0cT\xc2\
R\xf4\xc9L\x10 :\x03\x94p\x14~*\x19A\xe0\
\xf5\xb8|9~\x838\x04\x00\xc2P\xf8\xa9NW\x80\
H\x0cFv\xa7\xf0\xd3\x8d @\x04\x06!\xbbQ\xf8\
\xe9N\x10`O\x06\x1f\x9bS\xf8\xe1;\xef\x08\xb0\x17\
\x01\x80\xcd(\xfcp\x9e\x8e\x00[2\xd8X\x9d\xc2\x0f\
\xf3\xe9\x08\xb0\x15\x01\x80U)\xfep\x1b\xdd\x00\xd6f\
\x80\xb1\x0a\x85\x1f\x96!\x08\xb0\x16\x03\x8bE)\xfc\xb0\
\x0eA\x80\xa5\x19P,B\xe1\x87\xf5y?\x80%\x09\
\x00\xdcM\xf1\x87m\xe9\x06\xb0\x04\x83\x88\x9b)\xfc\xb0\
/A\x80{\x18<\xdcD\xf1\x87\x18\x84\x00ne\xe0\
p\x15\x85\x1fb\x12\x04\xb8\xd6O\xd3\x15.y\xa5\xf8\
C\x5c\xd3\xfc|u\xfc\x06\x97I\x8c\x5c\xa4\xf0C.\
\xba\x01\xcc\xa1\x03\xc09v\xfd\x90\x90y\xcb\x1cR\x22\
\xcf\xb2\x80@\x0d\xba\x01\xbcD\x07\x80\xc7\xec\xfa\xa1\x10\
\xf3\x99\x97H\x86|c\xa1\x80\xdat\x03\xf8\x91\xc1\xc0\
W\x8a?\xf4 \x04p\xe2\x08\x00\xc5\x1f\x1a\x99\xe6\xfb\
\x9b\xe37:\x93\x04\x9bS\xfc\xa1/\xdd\x80\xde<\xfc\
\xc6\x14\x7f@\x08\xe8\xcb\x83oJ\xf1\x07N\x84\x80\x9e\
\xbc\x03\xd0\x93_\x17\x0a|s\xd8\x10\xd8\x14\xf4#\xf5\
5d\xa2\x03/\xd1\x0d\xe8\xc3\x83nF\xf1\x07.\x11\
\x02zp\x04\x00\xc0\x03\xd3F\xe1\xdd\xf1\x1bU\x09\x00\
\x8d\xd8\xfd\x03s\x8d\xf5\xe2\xc3\xb8\xfcv\xfcFE\xda\
<\x8d\x08\x00\xc0-\x1c\x09\xd4\xe4\xa16\xa1\xf8\x03\xf7\
\x10\x02\xeaq\x04\x00\xc0E6\x11\xf5HtM\x98\xbc\
\xf5m\xb5C3\x96z\xd3\x09\xa8\xc3\x83l\xc0\x82\x9d\
[\xb6\x05\xd7x\xabo\x8c\xc9\xb7\xe3\xf2\xe9\xf8\x8d\xac\
\x04\x80\x06,\xc8\xf1u\xd9U\x19\x8bu\x08\x01\xf9\x09\
\x00\x0dXt\xe3\xd1F\xfd\xce\xf8\xcck\x8c\xe3\xdf\xc7\
\xe5\xfd\xf1\x1b\xd9X\x84\x1a\xb0\xc0\xeeK\xb1\xbf\x8e\xf1\
\x9a\x8b\x10\x90\x97\x85\xa9\x01\x0b\xea\xb6\x14\xfce\x19\xbf\
\xf1\x8d1\xff\xdf\xe3\xf2\xbf\xc7oda\xa1j\xc0\x02\
\xba>E\x7f;\xc6s\x5c\xe6A.\x1eV\x03\x16\xcc\
\xe5Y\xe8b0\xb6\xe317\xf2\xf0\xa0\x1a\xb0H.\
\xc3\xc2\x16\x9bq\x1e\x87\xb9\x92\x83\x87\xd4\x80\x85\xf1>\
\x16\xb3|\x8c\xf9\xfd\x997\xf1y@\x0dX\x0c\xafg\
\xf1\xaa\xc3\xf8\xdf\x8fy\x14\x9b\x87\xd3\x80\x05p\x1e\x8b\
Um\xe6\xc1>\xcc\xab\xb8<\x98\x06,|\xe7Y\xa0\
\xfa1'\xb6e\x8e\xc5\xe4\xaf\x01\xd2\xd6aQ\xb20\
\xf5\xe4\xd9o\xee\x7f\xa6+\x81\x98\x00\x0d\xd8\xed|g\
\xd1\xe7%\xe6\xc9\xba\xc6\xdc\xfbu\x5c\xfe:~#\x02\
\x8ba\x13\xdd\x177\x85\x9f9\x84\x80u\x09\x01\xb1X\
\x14\x9b\xe8\xba\xb0)\xfc\xdcJ\x18X\xc7\x98\x93\xaf\xc7\
\xe5\xcb\xf1\x1b{\xb286\xd2iAS\xf8Y\x8a \
\xb0<! \x06\x8bd#\x1d\x162\x85\x9f\xb5\x08\x02\
\xcb2W\xf7\xe7\x014Ry\x01\xb3\x98\xb0\x05!`\
Y\xe6\xed\xbe\xdc\xfcf*.`\x16\x11\xb6&\x08,\
\xc7\xfc\xdd\x8f\x1b\xdfL\xa5\x85\xcb\xc2\xc1\xde\x04\x81e\
\x98\xcb\xfbp\xd3\x1b\xca\xbehY,\x88F\x10\xb8\x9f\
y\xbd=7\xbc\xa9\x8c\x0b\xd6X \xbc9Ld\xaf\
\xc6\xbc\xfa<}\xe6Jc~\xff>.\xef\x8f\xdf\xd8\
\x82\x00\xd0X\xa6\x10`w@\x16\xba\x01\xb7\x1b\xf3\xfc\
\xed\xb8|:~cm\x16\xd5\xde~\x19\x8b\xd5\xbf\xa7\
\xcf!)\xfcd%\x08\xdc\xc6\x9c\xdf\x8e\x1bM\xd8\x10\
`! ;!\xe06\xe6\xfe6\xdcd\x0eB\x9d]\
\x9a\xfcT#\x08\x5c\xcf:\xb0>7\x98\x93\x10!\xc0\
\xa4\xa7*!\xe0z\xd6\x83u\xb9\xb9<\xb0\xd7\x225\
&\xba7\xfciA\x10\x98O\x00X\x97\x9b\xcb\x13[\
/P&9\xdd\x08\x01\xf3Y\x1f\xd6\xe3\xc6\xf2\xa2\xb5\
\x17)\x13\x9b\xe6\xde\x8c9\xf6q\xfa\xcc\x19\xd6\x8au\
\xb8\xa9\x5c\xb4t\x100\x99\xe1;\xdd\x80y\xac\x1b\xcb\
sC\xb9\xca\xad\x8b\x95\xc9\x0b/\x13\x02.\x1bk\xc8\
\xcf\xe3\xf2\xf7\xf1\x1bK\xb0(\xb3\x88\xd3\x02\xa6\xd0\xc3\
m\x84\x80\xcb\xac/\xcbr3\x01\xe2\xf0\xf7\x04.\x10\
\x02\x96\xe3F\x02\x04\xa3\x1bp\x9e\x10\xb0\x8c\x9f\xa6+\
\x00A(p\x17\xbd\x9b\xae\xdc\xc1 \x03\x08J'\xe0\
eB\xd2\xfd\xdc@\x80\xd8\xc2\xff\xd5\xce\xbd\x08\x01\xf7\
q\xf3\x00\xe2{7B\xc0\x87\xe93?\x10\x02n\xe7\
\x1d\x00\x80\xf8\xfeV\xe8X\x9a\x01\x05\x90\x88\xf7\x02\x9e\
\x12\x8en\xa3\x03\x00\x90\x88b\xf7\xacW\xd3\x95+\x18\
H\x00\x09\xe9\x04<$\x18]\xcf\x0d\x03HJ\x08x\
H\x08\xb8\x8e#\x00\x80\xa4\x14\xbc'\x1c\x05\x5c\xc1\xe0\
\x01HN'\xe0;\xa1h>7\x0a\xa0\x00!\xe0;\
!`\x1eG\x00\x00\x05(z\x5c\xcb\x80\x01(D'\
\xe0H \xba\xcc\x0d\x02(F\x088\x12\x02\xces\x04\
\x00P\x8c\xc2\xc7\x1c\x02\x00@A#\x04\xbc\x9e>\xb6\
\xa5\x13r\x9e\x00\x00P\xd3\x97\x11\x02\xdeN\x9f\xe1\x09\
\x01\x00\xa0\xaeO#\x04\xfc:}nI\x17\xe0e\x02\
\x00@m\x7fM\xd7\xce\xfc\x86\xc0gxQ\x04\xa0\x81\
\xee;a/F>\xe5\x86\x004!\x04\x08\x01?r\
\x04\x00\xd0\x84\x02\xc8\x8f\x04\x00\x80FF\x08h\xfb\xe3\
\x81^\x08|H\x00\x00\xe8\xe5\xcbt\xa59\xed\xa0\x11\
\x88G*\xfc\xbf\xe9\xf3)\x1d\x9b @i\x9dw\xc3\
\x8eB\x8e\xbaw\x00^\xfdX\xfc\x0f\xc6\xf7\xcf\xd3G\
\x80\xb2\x14AZ\x0f\x80s\x09\xd8\xe4\x00:\xe8\xda\x09\
\xb0\xc67\xee\x00\x5c\x1a\xf4]'\x05\xd0\xcb(\x84?\
O\x1fi\xc6K\x80\xe7\xf9\xedQ@u\x7fO\xd7V\
l\xf2\x9a\x06\x80\xb9\x0f~\xfc\xef\xbc\x0f\x00\x94\xa7\x1d\
\xdeS\xbb\x87~K\xea39\x80\x0e:\xee\x8a;\xaf\
\xef\x8e\x00\x00\xa0\xa1V\xc9\xe7\x9et\xab\x0b\x00t\xa0\
\x0b\xd0G\x9b\x0e\xc0\xbd\x83\xba\xe3\xa4\x00\xfa\xb1\xd9\xe9\
\xc3\x11\x00\x00\xadu\xdd\xe0\xb5\x08\x00K=\x5c]\x00\
\xa0\x03]\x80\x1e\xca?\xe45\x8a\xb6\xc9\x01t\xd0m\
\xd3\xd3mmw\x04\x00\x00\x0d\x95\x0e\x00k\xa5WG\
\x01@\x07\x0d\xbb\x9d\xad~\xfbk\xd9\x00\xb0A\x91~\
7]\x01\xca\xea\x14\x02F\xddh\xf5\xdb_\x1d\x01\xdc\
h\x0c\x94\x0f\xd3G\x00H\xa7d\xb2\xdb\xb2E\xef\x85\
@\xa0\x83NG\x9f]\xd6\xf5r\x1d\x80\xad\x07i\xa7\
I\x01@\x1d\x8e\x00\x00\xb8\xa8\xd9\xbb\x00-6v\xa5\
\x02\xc0^\x0fM\x17\x00\xe8`\x84\x80\xd7\xd3G\x0a(\
\x13\x00\x02\x14a?\x15\x00T\xf7e\xbaR\x80#\x80\
\x85\x8c\x00\xe2\xa7\x02\x80\xf2\xba\x1c\x05t\xe8\xec\x96\x08\
\x00Q\x1e\x94\xa3\x00\x00\xb2H\x1f\x00\x02\x16\xddV\xbf\
I\x0a\xe8G\x17\xa0\x06G\x00\x0b\x1b\x03\xa6\xd5o\x92\
\x02 \xa7\xd4\x01 j:s\x14\x00T\xd7\xe9\xc7\x02\
\xabJ\x1b\x00\x12\x14YG\x01\x00\xc9U\xde\xd09\x02\
X\x89\xa3\x00\xa0:]\x80\xdcR\x06\x80,\x89\xccQ\
\x00\x00Qe\x0c\x00o\xa6k\x16\x8e\x02\x80\xb2:t\
\x01\xaan\xe6\xd2\x05\x80\xf1 >N\x1fSp\x14\x00\
@D\xa9\x02@\xd6\x14\xe6(\x00\xa8\xcc\xbb\x009e\
\x0a\x00\xd9Z\xff\x8f9\x0a\x00H\xaa\xe2F.M\x00\
\xc8\xd6\xfa\x7f\xccQ\x00P\x99.@>)\x02@\x95\
\xe4\xe5(\x00\x80(2\x04\x80\xec\xad\xff\xc7\x1c\x05\x00\
$Tm\x13\x17>\x00do\xfd?\xe6(\x00\xa8\xca\
1@.\xa1\x03@\xd5\x96\xb9\xa3\x00\x00\xf6\x169\x00\
Tk\xfd\x03\x94W\xbd\x0bPi\x03\x176\x00Tk\
\xfd?\xa6\x0b\x00\xc0\x9eB\x06\x80.\xc5Q\x08\x00*\
\xf2.@\x0e\x11\x03\x80\xb7\xe4\x01\x08\xab\xca\xe6-\x5c\
\x00\x187\xb6\xd5[\xf2\xba\x00\x00\xec!T\x00\xe8Z\
\x0c\x85\x00\xa0\x1a\xc7\x00\xf1\x85}\x09\x10\x00XO\x98\
\x00\xd0}\x17\xac\x0b\x00\x90G\x855;D\x00P\xfc\
\x8e\xdc\x07\xa0\x12\xc7\x00\xb19\x02\x00\x80\x86v\x0f\x00\
v\xbd\x0f\xb9\x1f\x00la\xd7\x00\xa0\xd8\xbd\xe8\xddt\
\x05H\xad\xf21@\xf6\x1a\xe6\x08 \xa01\xa8>L\
\x1f\x01`\x15\xbb\x05\x00\xbb\xff\xf3\xdc\x1f\x00\xd6\xb4K\
\x00P\xdcfs\x14\x00\xa4\xe7\xa7\x01br\x04\x10\x98\
\xa3\x00\x80\xd82oh7\x0f\x00v\xff\xd7q\xbf\x00\
X\xc3\xa6\x01@1\xbb\x99\xbf\x90\x08\xa4\xe6\x18 \x1e\
G\x00\x09\x8c\xe0\xd4\xea/$\x02\xb0\xbe\xcd\x02\x80\xdd\
\xff}\xdc?\x80\x98\xb2\xae\xcf\x9b\x04\x00\xc5k1\x8e\
\x02\x00X\x84#\x80D\x1c\x05\x00\x99y\x0f \x96\xd5\
\x03\x80\xdd\xff\xb2\xdcO\x00\x96\xb0j\x00P\xac\x00 \
&G\x00\x09\x09V\x00\xdck\xb5\xf3\x18Ej}\xce\
\xd3\x80\x8c\xaa\xd6\x87lk\xf2*\x1d\x00\xc5\x1f\x00b\
s\x04\x90\x98\xa0\x05\xc0\xad\x16\x0f\x00\x8a\xd2\xb6\xdco\
\x00n\xb1h\x00P\x8c\x00\xb8\xc4\xfbK18\x02(\
@\xf0\x02\xe0Z\x8b\x05\x00Eh_\xee?\xc0\xbe\xb2\
\xad\xc3\x8b\x04\x00\xc5\x07\x00rq\x04P\x88 \x06\xc0\
\x5cw\x07\x00E'\x16\xcf\x03\xc8\xc0\x8b\x80\xfb\xbb+\
\x00(6\x00\x90\x93#\x80\x82\x043\x00.\xb99\x00\
(2\xb1y>\x00\x9csS\x00P\x5c\xd2x5]\
\x01\xd8@\xa6\xfa\xe8\x08\xa0\xb01\x10?O\x1f\x01\xe0\
\x81\xab\x03\x80\xdd\x7f.\x9e\x17\x10\x95\x9f\x04\xd8\xd7\xb5\
\x01\xe0\xcdt\x05\x00\x12\xbb*\x00\x8c\xdd\xe4\xc7\xe9#\
\x89\xe8\x02\x00\xf0\xd8\xec\x00\xa0\x88\xe4\xe6\xf9\x01\xf0\xa3\
\xb9\x01@\xeb\x1f\x00\x0a\x99\x15\x00\xb4\xfek\xd0\x05\x00\
\xe0\xe4b\x00P4j\xf1<\x018\xb8\x14\x00\xfc\x22\
\x19\x00(\xe8l\x00\x18\xbbE\xbfH\xa6 ]\x00\x00\
^\x0c\x00\x8aDm\x9e/\x10\x81_\x06\xb4\x9fY/\
\x01\x02\x00\xf3d\xd9`=\x1b\x00\xec\x0e{\xf0\x9c\x01\
\xfaz\x12\x00\x14\x85^<o\x80\x9e\x1c\x01\x00@C\
\x0f\x02\x80\xdd`O\x9e;@?\xdf\x02\x80\x22\xd0\x9b\
\xe7\x0f\xd0\x8b#\x00\x00h\xe8k\x00\xb0\xfb\xe3\xc08\
\x00\xe8\xe3'\x8b>?2\x1e\x00zp\x04\x00\x00\x0d\
\x09\x00\x00\xd0\x90\x00\x00\x00\x0d\x09\x00\x00\xd0\xd0\xd7\xbf\
\xc2\xe4\xc5/N\xfce.\xa8\xc9:\xcf\xc9i\x9d\x0f\
\xbf\xd8W\x1c\xb4\x8a,\xb0%\xc5\x9f\xc7\x0eu\xc8\x11\
\x00\x004$\x00\x00@C\x02\x00\x004$\x00\x00\x14\
\xf7\xdb\xbf\xfe\xf9v\xfa\x08\xdf\x08\x00\x00\xf5}\x9a\xae\
\xf0\xedEt\x01\x00\xa0\x01?}\xc4\xc1\x8f\xe3@\x00\
\x00\x80\x86\x04\x00\x80&t\x01z{\xfc\xfc\x05\x00\x80\
F\x84\x80\x9e\x9e{\xee\x02\x00\x004$\x00\x004\xa3\
\x0b\xd0\xcbK\xcf[\x00\x00hH\x08\xe8\xe1\xdcs\x16\
\x00\x00\xa0!\x01\x00\xa0)]\x80\xda.=\xdf\x14\x0f\
\xdf\x9f\x04\x06X\x8f?\x17\x5c\xcf\x9c\x1a\xa3\x03\x00\x00\
\x0d\x09\x00\x00\xcd\xe9H\xd62\xf7y\x0a\x00\x00\x08\x01\
E\x5c\xf3\x1c\x05\x00\x00hH\x00\x00\xe0+]\x80\xdc\
\xae}~\x02\x00\x00\xdf\x08\x019\xdd\xf2\xdc\x04\x00\x00\
hH\x00\xd8\x89\x9f\xbb\x05\xa2\xd2\x05\xc8\xe5\xd6\xe7%\
\x00\x00\xf0\xc4(*\xaf\xa7\x8f\x04v\xcfsJ\x11\x00\
\xa4Q\x80\xcd}\x99\xae\xc4v\xf3s\xd2\x01\x00\xe0Y\
6_\xb1\xdd\xfb|\x04\x00\x00^\xe4( \xa6%\x9e\
\x8b\x00\x00\xc09\x8e\x02b\xba\xfb\xb9\x08\x00;\xf2\x93\
\x00@\x06\x8e\x02bY\xeay\x08\x00\x00\x5c\xe4( \
\x86%\x9f\x83\x00\x00\xc0\x1c\x8e\x02bX\xec9\xa4\x09\
\x00ZP\x00\xfb\xb2\x0e\xefk\xe9\xfb\xaf\x03\x00\xc0l\
\x8e\x02\xf6\xb1\xc6}\x17\x00v\xe6E@ \x19G\x01\
\xfbX\xfc\xbe\x0b\x00\x00\x5c\xc5Q\xc0\xb6\xd6\xba\xdf\x02\
\x00\x00\x045\x8a\xff\xaf\xd3\xc7\xc5\x09\x00\x00\x5cM\x17\
`3\x7fM\xd7\xc5\x09\x00\x00\xdcD\x08X\xd7\xda\xf7\
7U\x00\xa8:\xd8\xbc\x08\x08\xc0\xd6t\x00\x00\xb8\x99\
.\xc0:\xb6\xb8\xaf\x02\x00\x00w\x11\x02\x96\xb5\xd5\xfd\
\x14\x00\x00\xa0!\x01 \x08\xef\x01\x00\x99\xe9\x02,c\
\xcb\xfb\x98.\x00\x18d\x001Y\x9f\xef\xb3\xf5\xfd\xd3\
\x01\x00\x80\x86\x04\x80@\x1c\x03\x00\xd9\xe9\x02\xdcf\x8f\
\xfb&\x00\x00\xb0(!\xe0:{\xdd\xaf\x94\x01\xc0\xe0\
\x02\x80\xfb\xe8\x00\x00\xb08\x1b\xb5y\xf6\xbcO\x02@\
0\xde\x03\x00\xaa\x10\x02\xce\xdb\xfb\xfe\x08\x00\x00\xd0P\
\xeatVy\xb7,9\x03U\xe8l>\x15a\x8d\xd7\
\x01\x00`U64\x0fE\xb9\x1f\x02\x00\x004$\x00\
\x04\xa5e\x06T\xa2\x0bp\x14\xe9>\xa4\x0e\x00\x06\x14\
@\x1e\xdd\xd7\xec\xf1\xef\x7f=}\x0cA\x07\x00\x00\xb6\
\xf1e\xba\x86 \x00\x04\xe6\x18\x00\xa8\xa6k\x17 \xe2\
\xbf[\x00\x00`S\xddB@\xb4\xd6\xffI\xfa\x00\xd0\
5M\x02\x90F\xa8\xd6\xff\x89\x0e@p\x8e\x01\x80\x8a\
\xbal\xde\x22\xff;\x05\x00\x00vQ=\x04Dm\xfd\
\x9f\x08\x00\x09\xe8\x02\x00\xa4\x14\xb2\xf5\x7fR\x22\x00x\
\x0f\x00 \xa7\xaa\xebw\x86\x7f\x97\x0e@\x12\xba\x00@\
U\xd5B@\xf4\xd6\xff\x89\x00\x00\x00\xcb\x0a\xdd\xfa?\
)\x13\x00\x1c\x03\x00\xe4Ue\x0d\xcf\xf4\xef\xd0\x01H\
\xc41\x00PY\xf6\x10\x90\xa5\xf5\x7fR*\x00\xe8\x02\
\x00\xb0\xa3\x14\xad\xff\x13\x1d\x80dt\x01\x80\xca\xb2n\
\xe42\xfew\x0b\x00\x00\x84\x92\xad\x98fk\xfd\x9f\x94\
\x0b\x00\x1d\x8e\x01t\x01\x00BI\xd5\xfa?\xd1\x01\x00\
 \x9c,\x9b\xb9\xcc\x9bN\x01 )]\x00\xa0\xba\xe8\
\xc55k\xeb\xff\xa4d\x00\xe8p\x0c\x00\xc0\xeeR\xb6\
\xfeOt\x00\x12\xd3\x05\x00\xaa\x8b\xba\xa1\xab\xb0\xd1\x14\
\x00\x00\x08-Z\xb1\x1d\xff=?O\x1fS+\x1b\x00\
\xba\x1c\x03\xe8\x02\x00l\xee\xef\xe9\x9a\x9a\x0e@\x0d\xaf\
\xa6+@IQ6u\x956\x97\xa5\x03@\xa3.\xc0\
\xe7\xe9#@YcM\xdf\xf5\xad\xfb\xf1\xff\xff\xed\xf4\
\xb1\x04\x1d\x80:\xdeLW\x80\xaa\xf6~\xeb\xfe\xd3t\
-A\x00(\xe2\xfd\x1f\x7f~\x9c>\x02\x94\xb5Wg\
\xb7bG\xb9|\x00\xe8r\x0cp\xe0\x85@\xa0\x83\xbd\
\x8f\x02\xaa\xd0\x01\x00 \x9bM\x8f\x02\xaan$\xed\x8e\
\x0b\xea\xd4\xf5\x00\xfa\xdab]\xaf\xbc\x9e\xea\x00\xd4\xe4\
\xc7\x02\x81\xf2\x1c\x05\xdcG\x00(\xc8\x8f\x05\x02M\xac\
z\x14P\xbd\x9b\xda\xaaU\xdc\xed%9G\x01@\x07\
k\xac\xed\x1d\xd6O\x1d\x80\xda\x1c\x05\x00\xe5\x8db]\
\xea\x17\xf4l\xa5U\x00\xe8\xb6#v\x14\x004\xb1\xe8\
/\xe8\xe9R+t\x00\x8a\xebv\xec\x01\xf4\xb4T\xd1\
\xee\xb4Ql\x17\x00\xbau\x01&\x8e\x02\x80\xf2\xc6\xfa\
\xee(\xe0\x0a:\x00\x0d8\x0a\x00\x9a\xb8\xeb(\xa0\xdb\
\x06\xb1\xe3n\xf8\xab\x8e\xad\xf1\xa6\xdd\x0f\xa0\x99[\xd6\
\xf7\x8e\xeb\xa3\x0e@/\x8e\x02\x00\xf8\xaa\xf5\x8eP\x17\
\x00\xa0\xa6k\xd6\xf7\xae\xeb\xa2\x0e@3\x1dC\x0f\xd0\
\xcf\xdc\xa2>\xfewm\x7f\x9dp\xeb\x00\xd05\xf5\x09\
\x01\x00\xdfl\xfa\x97\x05#\xd1\x01\xe8\xcb\xfb\x00@i\
\x976y]7\x81'\xad\xff\xf1']w\xc4\xdd\x07\
?\xd0\xc3sk\xfc\xd4\xfao\xbb\xfb?\xd0\x01h\xcc\
Q\x00\xd0\xc1\xe3\xcd\xce\xf8~\xf8\x85A\xad\x8b\xff\x81\
\x1d\xe0\xa4s1\xd4\x09\x00\xe8G\x07\x80\x03\xef\x03\x00\
4c\xe7\xf7\x03]\x00\x00\xba\xd0\x01\xe0+\xef\x03\x00\
\xf4b\xd7\xf7H\xf7B\xa8\x13\x00\xd0\x83\x0e\xc0#\xa3\
\x00\xb6\xfd\xadP\x07:\x01\x00=\x08\x00O\xb5\xff\xd1\
\x90\xe1\xb7\xe9\x0a@Q\xda\xbd/p\x14\xe0\x97d\x00\
T\xa6\x03\xc0\xb3F\x00\xfa<.~<\x10\xa0(\x1d\
\x803\x9c\x87{)\x10\xa0*\x1d\x00\xce\x12\x82\x00j\
\xb2\xbb\xbb@\x01<\xd2\x09\x00\xa8\xc5\xa2>\x83\x10p\
$\x04\x00\xd4\xe1\x08\x80\xd9\x04!\x80:\xec\xe8fR\
\xfc\xbe\xd3\x09\x00\xc8O\x07`\xa6\xe9\xe7\xe2\x19\x84!\
\x80\xfc\x04\x80\xf9\xfcR\x9c\x1f\x08\x01\x00\xb9i\xe5^\
I\xe1{\xc8q\x00@N:\x00Wr\x14\xf0\x90@\
\x04\x90\x93\x00p=G\x01\x8f\x08\x01\x00\xf9\x08\x007\
\xd0\xf6~j\x0a\x01\xfev\x00@\x12\x02\x00\x8b\x19!\
\xe0\xf0\x07\x84\xde\x1d\xbf\x01\x10\x99\x00p#]\x80\xe7\
\x8d\x10\xf0a\x5c~9~\x03 *E\xecN\xce\xbf\
_&$\x01\xc4\xa5\x03p\xa7Q\xe4~\x9e>\xf2\x88\
p\x04\x10\x97\x00p\xbf\xbf\xa7+\xcf\x10\x02\x00b\x12\
\x00\x16\xa0\xd5}\xde\x14\x02\xfc\x84\x00@ \x0a\xd7\x82\
\xecv/\x13\x96\xe06\xa7\xf5\xc5\x1cb)\x06\xd2\xb2\
^\x8dIz\xf8Q8\xce\xb0\x80\xc1\xcbn\xddH\x98\
W\x5c\xcb\x80Y\x98.\xc0<\x16+\xf8n\xe9u\xc3\
\xfcb\x0e\x83d\x05B\xc0<c\x91z;.\x9f\x8e\
\xdf\xa0\x9f\xb5\xd7\x0aA\x80s\x0c\x8e\x95\x08\x01\xf3Y\
\xa4\xe8f\xeb\xf5\xc1\x1c\xe39\x06\xc5\x8a\x84\x80\xf9,\
Pt\xb1\xd7\xba`\x8e\xf1\x98\x01\xb1\xae7c\xb2\x7f\
\x9c>3\x83E\x8a\xaa\x22l\x08\xc6\xfc:\xfc9s\
\x7f\xd1\x94\xaf\xfc\x1e\x80u9\xdf\xbe\xd2\xb4H\xfa\x9d\
\x01\x94\x12\xa5\x1b8\xfe;\x0e?\xa5\xf4\xdb\xf1\x1b\xdd\
\xd9mm \xca\xe4\xcfF7\x80\xec\xa2\xce\xfd1\xb7\
~\x1f\x97\xf7\xc7ote\x81\xdd\x88\x10p\x1b!\x80\
\xac\xa2\xcf\xf91\xb7~\x1d\x97\xbf\x8e\xdf\xe8\xc8\xe2\xba\
!!\xe0v\x82\x00Yd\x9a\xe7c^y'\xa01\
\xef\x00lh\x9al\xdc`ZT\xbd\x1b@h\xd9B\
\xfe\xf8\xef\xf5\x9bK\x1b\xb3\xab\xda\x98.\xc0\xfdt\x03\
\x88&\xfb\xbc6\xa7z\xf2\xd0w \x04,\xc3\xa2\xc5\
\xde\xaa\xcc\xe51\x97~\x1e\x17\x7f\xda\xbc\x19\x0b\xe8N\
\x84\x80\xe5\x08\x02\xec\xa0\xdc\x1f\xfe2\x8f\xfa\xf1\xc0w\
$\x04,g,^^fb\x13\x95\xe7\xad\x10\xd0\x8b\
\x87\xbd3!`Y\x82\x00k\xe90W\x05\x80^<\
\xec\x00\x84\x80\xe5Y\xc8XJ\xa7\xf9i\xde\xf4\xe2a\
\xc7P\xee<1\x0a\x0b\x1a\xb7\xea\x1a\xcc\xcd\x99><\
\xe88\xde\x8d\x05\xe7\xc3\xf4\x99\x85\x8dE\xcd\xd1\x00\xb3\
t\xef\xc8\x09\x00}x\xd0\xb1\xfc2\x16\x9f\x7fO\x9f\
Y\x89\x05\x8e\xe7t/\xfc'\xe6G\x1f\x1et0\x16\
\xa1\xedX\xe880\xe7\x9e27z\xf0\x90\x03\xb2 \
m\xcbb\xd7\x8f9v\x9e9\xd1\x83\x87\x1c\x94\x05j\
\x1f\x16\xbe\xda\xcc\xaby\xcc\x83\x1e<\xe4\xc0,V\xfb\
\xb1\x00\xd6a\x1e]\xcf\xf8\xef\xc1C\x0e\xce\xe2\xb5?\
\x8ba>\xe6\xcd}\x8c\xf9\x1e<\xe4\x04,fqX\
\x18\xe32O\x96c\x9c\xf7\xe0!'aq\x8b\xc7\x22\
\xb9?\xf3b\x1d\xc6v\x0f\x1er\x22\x16\xbb\xb8,\x98\
\xdb1\x0f\xd6g<\xf7\xe0!\xe7\xe3\x97\x05%`\x01\
]\x96\xa2\xbf-\xe3\xb7\x07\x0f9'! \x19\x0b\xea\
u\x14\xfc}\x19\xaf=x\xc8y\xbd\x19\x8b\xe4\xc7\xe9\
3\xc9X`\x1fR\xf0c1>{\xf0\x90s\x13\x02\
\x0a\xe9\xb0\xe8*\xf49\x08\x00=x\xc8\x05XT\xeb\
\xcb\xb6 \x1b\x93\xb9\x09\x00=x\xc8EXp{\xdb\
r\xc16\xd6jS\xfc\xfb\xf0\xa0\x0b\xb10\x03\xf7\x12\
\x00\xfa\xf8i\xbaR\x80\x89\x0b\xc0\x5c\x0aFA:\x01\
\xc0-l\x22z\xd1\x01(\xe80\x89\xc7\xff\xfd:}\
\x05\x80'\xa4\xbd\xda\xfc\x98 0\x8b\xdd\x7f?:\x00\
\xb5}2\xa9\x01x\x8e\xe2\xd0\x84\xf7\x02\x80\x97\xd8(\
\xf4\xa4\x03\xd0\x84\x09\x0e\xc0\x8f\x14\x85~^\xbd\xff\xe3\
\xcf\xcf\xd3g\xa09\x9b\x83\xbe<\xf8\xa6\x1c\x09\x00\x8a\
\x7fo\x1e~cB\x00\xf4\xa5\xf8c\x00 \x08@3\
\x8a?\x07\x06\x01_\x09\x01\xd0\x83\xe2\xcf\x89\x81\xc07\
B\x00\xd4\xa6\xf8\xf3#\x83\x81'\x04\x01\xa8e\x14\xfe\
\xd7\xe3\xf2\xe5\xf8\x0d\x8e\x04\x00\x9e%\x04@\x0dv\xfd\
\xbc\xc4\xc0\xe0,A\x00r\xb2\xeb\xe7\x12\x01\x80\x8b\x84\
\x00\xc8\xc5\xae\x9f9\x0c\x12\xe6\xf2\x1b\x04!\xb8Q\xf8\
\xdf\x8e\xcb\xa7\xe378O\x00\xe0*\xba\x01\x10\x93]\
?\xd72`\xb8\x89 \x0018\xeb\xe7V\x02\x007\
\x13\x02`_v\xfd\xdc\xc3\xe0\xe1n\x82\x00l\xcb\xae\
\x9f%\x08\x00,F\x10\x80\xf5\xd9\xf5\xb3\x14\x03\x89E\
\x09\x01\xb0\x0e\x85\x9f\xa5\x19P\xacB\x10\x80e(\xfc\
\xac\xc5\xc0bU\x82\x00\xdc\xc69?k\x13\x00X\x9d\
\x10\x00\xd7\xb1\xebg\x0b\x06\x19\x9b\x11\x04\xe0<\x85\x9f\
-\x19llN\x10\x80\x87\x14~\xf6`\xd0\xb1\x1bA\
\x80\xee\x14~\xf6d\xf0\xb1;A\x80n\x14~\x220\
\x08\x09C\x10\xa0:\x85\x9fH\x0cF\xc2\x11\x04\xa8F\
\xe1'\x22\x83\x92\xd0\x84\x012S\xf8\x89\xcc\xe0$\x05\
A\x80,\x14}\xb20PIE\x10 *\x85\x9fl\
\x0cX\xd2\x12\x06\x88@\xe1'+\x03\x97\xf4\x04\x01\xb6\
\xa6\xe8S\x81AL)\xc2\x00kR\xf8\xa9\xc4`\xa6\
$A\x80\xa5(\xfaTe`S\x9e0\xc0\xb5\x14}\
:0\xc8iE\x18\xe0\x1c\x85\x9fN\x0cv\xda\x12\x06\
8P\xf4\xe9\xca\xc0\x87A\x18\xe8C\xc1\x87#\x13\x01\
\x9e!\x10\xd4\xa2\xe8\xc3S&\x05\xcc \x10\xe4\xa2\xe0\
\xc3e&\x09\xdc@ \x88E\xc1\x87\xeb\x994\xb0\x00\
\x81`[\x0a>\xdc\xcf$\x82\x95\x08\x05\xcbQ\xf0a\
y&\x15lH(8O\xa1\x87\xed\x98l\x10D\xa7\
p\xa0\xd0\xc3\xfeLBH c8P\xe4!6\x13\
\x14\x8aZ*4(\xe4\x00\x00\x00\x00\x00\x00\x00\x00\x00\
\x00\x00\x00\x00\x00\x00\x00\x00\x00\x00\x00\x00\x00\x00\x00\x00\
\x00\x00\x00\x00\x00\x00\x00\x00\x00\x00\x00\x00\x00\x00\x00\x00\
\x00\x00\x00\x00\x00\x00\x00\x00\x00\x00\x00\x00\x00\x00\x00\x00\
\x00\x00\x00\x00\x00\x00\x00\x00\x00\x00\x00\x00\x00\x00\x00\x00\
\x00\x00\x00\x00\x00\x00\x00{\xfb\xc7?\xfe\x03\x9cU\xdc\
\xa5X\xa8\x5cq\x00\x00\x00\x00IEND\xaeB`\
\x82\
\x00\x00\x02\x83\
\x89\
PNG\x0d\x0a\x1a\x0a\x00\x00\x00\x0dIHDR\x00\
\x00\x00b\x00\x00\x00Z\x08\x06\x00\x00\x00C\x8c\x83\xce\
\x00\x00\x00\x01sRGB\x00\xae\xce\x1c\xe9\x00\x00\x00\
\x04gAMA\x00\x00\xb1\x8f\x0b\xfca\x05\x00\x00\x00\
\x09pHYs\x00\x00\x0e\xc3\x00\x00\x0e\xc3\x01\xc7o\
\xa8d\x00\x00\x02\x18IDATx^\xed\xdcKR\
\xc2@\x14F\xe1N\xb6\xa0\x8e\x8c36\x81\xfb\x90\x85\
\xb0\x10\xd9\x87\xecC6\xc1\xcc8\xd3-$v\x97\x97\
*\xb4$\xd0\xcd\xc3\xff\x86\xf3M\xe80A8\xe6A\
U.\x01\x00\x00\x00\xf0\xa3\xb2G\x97>\xef'MW\
\x85\xe7\xf8&\x9e\xec\xa9U\xd5\x87\xc5\xcd\xfbzi\xdb\
n\xb8\x0d\x11#L\xfb*\xbc\xda\xe6\x0f1\xc6<\xc6\
X\xd8\xa6\x0bnC|4\x93\xde\x96\x7f\x8a1\x1eb\
\x8c\xd66\xe5\xd5\xf6\xe8J\xdc\x1b6\x87\xa2\x9d\xba:\
\xccm\xe9\x82\xcb\x10Qc\x8f\xa3\xe1\xf2\xd0\xb4\xef\xb0\
\xb4q\xdb\xae\xdd\xbc?\xaf{\xc4\xe8\x10B\x04!D\
\x10B\x04!D\x10B\x04!D\x10B\x04!D\x10\
B\x04!D\x10B\x04!D\x10B\x04!D\x10B\
\x04!D\x10B\x04!D\x10B\x04!D\x10B\x04\
!D\x10B\x04!D\x10B\x04!D\x9c\xe4\xde\xd0\
C\xee\xce>\xa5\xbe\x0a/\xb6\x1cT\xf5af\xcb\xb3\
;v8\xa68\xc4\xd6\xb4\xce4n\x8e\xee\xee\xec\x5c\
}\x08\xcb\xfa{ZieOe)\x0a14\xads\
\xed\xd2^X\xb2w\x14\x858\xf4\xb6\xf8kU2\xad\
\x94}\xb2\xbe\xf4\xf9\xc0\xa9t\xb8\xce\x92\x1d\xa2\xab\xf3\
_\xe4\xda\x94|F\xd9!\xea.\xbc\xd9\x12;\x94|\
F\xd9\xe7\x88t\xb5\x14O\xd4\xc4\x18P22\x96\xbd\
G\xa4\x93P\xbaT\xb3M\xfc\x92f\xbcm\x99\xa5\xe8\
\x9b\xf5]\xbb\x9e\x95\xbe\xe0\x88\xb5v\xe9Z4h_\
t\xf9\xbam\xf3\xc5\xce6/\x22\xfe\xd1\x07]\xb9]\
r\xcfM\xff\x9c\xb6,rt\x88\xff\xc0x/\xce\x86\
\x10\x22\x08!\x82\x10\x22\x08!\x82\x10\x22\x08!\x82\x10\
\x22\x08!\x82\x10\x22\x08!\x82\x10\x22\x08!\x82\x10\x22\
\x08!\x82\x10\x22\x08!\x82\x10\x22\x08!\x82\x10\x22\x08\
!\x82\x10\x22\x08!\x82\x10\x22\x08!\x82\x10\x22\x08!\
\x82\x10\x22\x08!\x82\x10\x22\x5c\x86H\x03!\xb6\xdc\xc9\
\xdb \x8d\xcb\xf9\x88d\xdf\x8c\x84\xa7\xd9\x88\xc4\xed\xa1\
ih\xaf\xf08V\xe66D\xfa\x99\x85\xf8\x81?\xc6\
\xe5\xf6o_\x1c5\xc7\x06\x00\x80\x9e\x10\xbe\x00WG\
rO\x0d8\xf8s\x00\x00\x00\x00IEND\xaeB\
`\x82\
\x00\x00\x01s\
\x89\
PNG\x0d\x0a\x1a\x0a\x00\x00\x00\x0dIHDR\x00\
\x00\x00b\x00\x00\x00Z\x08\x06\x00\x00\x00C\x8c\x83\xce\
\x00\x00\x00\x01sRGB\x00\xae\xce\x1c\xe9\x00\x00\x00\
\x04gAMA\x00\x00\xb1\x8f\x0b\xfca\x05\x00\x00\x00\
\x09pHYs\x00\x00\x0e\xc3\x00\x00\x0e\xc3\x01\xc7o\
\xa8d\x00\x00\x01\x08IDATx^\xed\xd7\xc1M\
\x84@\x14\x06\xe0\x81\x16\xd4\x93x\xdb&\xb6\x10\xb7\x10\
\x0bq\x0b\xd9>\xb4\x09n\xe2M[\x00g\xe23\xd9\
\x98\xaca\xc6\x8b\x91\xef\xbb\xf0\x1e\x07H\xe6\x07\xde\x90\
\x00\x00\x00\x00\x00\x00\x00\x00\x00\x00\x00\x00\x00\x00\x006\
\xa6\x8b\xe3\xaf\xbc\xdf\xee\xee\xa3\xdc\xac\xab\xd7\xf1\x14e\
\x93\xe6 \xf2\xe2\x0fs\x97\x1e\xf3\x05\xf6\xb9\x1d>\xcf\
n\xd7\x92\xd2\xa9_\xd21\x07\xf2\x1c\xa7\xaa4\x05\x91\
C\xd8/]z\x8a\x963\xdd\x92\x0e-oGS\x10\
o\xc3.?\x00\x5c\x92\xc3\xb8\xcbaL\xd1\xae\xd2\xc7\
q5\xf3`\x95\xf2\xb9\xaeR\x1d\xc4\xdc\xd7\xdfdk\
Z\xd6\xa8:\x88~N/QrA\xcb\x1aU\xcf\x88\
\xb2[\xca\x83Z\x18?\xb8\x9e\xc6\xeau\xad~#\xca\
\x10*[\xb5h\xf9&\x0f\xea\x87(\xabT\x07Q\xdc\
L\xe3\xa1\xf5\x86\xff\xd8\x14[\xd7c\xf4U\x9a\xb6\xaf\
\xe7\xbe~\xec\xa2\xdd\xac\xf2pF\x09\x00\x00\x00\x00\x00\
\x00\x00\x00\x00\x00\x00\x00\x00\x00\xfce)}\x00\xbc8\
:\x11Y\xbc(\x14\x00\x00\x00\x00IEND\xaeB\
`\x82\
\x00\x00\x0e=\
\x89\
PNG\x0d\x0a\x1a\x0a\x00\x00\x00\x0dIHDR\x00\
\x00\x00\x91\x00\x00\x00\x84\x08\x06\x00\x00\x00\x90\xc3\xc9\x0b\
\x00\x00\x00\x01sRGB\x00\xae\xce\x1c\xe9\x00\x00\x00\
\x04gAMA\x00\x00\xb1\x8f\x0b\xfca\x05\x00\x00\x00\
\x09pHYs\x00\x00\x0e\xc3\x00\x00\x0e\xc3\x01\xc7o\
\xa8d\x00\x00\x0d\xd2IDATx^\xed\x9d}\x90\
\x95U\x1d\xc7\xcf]y\xc9\xb2BaM\xdd\xdd\xc8\xba\
f\x09\x9a6i\xb54*\xa3X\x89\x99\xd9\x90\xa2Y\
\x9636\xa1E\x8d\x95M/\xbeP\x91\x89\xa9M\x0c\
eD\x94\xcdd\xa23\x88\x89\xfca\xa8a\x10f\x9a\
\x11\xc4\x10[m\xb1`\xb8\x12\x98\x12\x12\xb2\xb7\xcf\xf7\
y\x9e\x9dn\xdb^\xf6\xbe\x9c\xf3\xbc\x9e\xcf\xcco\xce\
y\x8e\xce\xb2\xf7\xb9\xdf\xfd\x9d\xdfy\xfb\x1d\xe3\xf1x\
<\x1e\x8f\xc7\xe3\xf1\xd4\xe2:cFm\xec\xe8\x18\x1f\
=z<\x1e\x8f\xc7\xe3\xf1\xe4\x9dRT\xd6d\xcb\x11\
\x9d\xa7DU\x8f\xe7\x7f\xd9l\xcc\xd8\xa8\xeai\x81\x11\
\xff\x0a\xf3\xc8\x12c\x0e\xea\xee\xe8\x187\xb62\xa6\xdb\
\xb4\xb5]F\xd3Y%S:8\xfc\xaf\xff\xcf\x84\xbe\
\x9eB\xbe\xa7z)\xdc\xcby\xa6\xb3<\xf6\xc5}\x95\
cF\x8d2\x17TJ\xe6B\xc4S\x8e\xfe\xd3\x88x\
1\x0dO\xa1^\x0a\x02\xd2\xbc\xcf)\xa6b.\xe3\x93\
\xbf?lm\x98_#\xa6\xb7Fu\x0f\x14BD\x88\
g4E\x07\xa6/\xff\x13\xd8\x14\xac%\xbcW\xfa/\
\xb9\x7f\x11\x08\xe8e\x14\xaf\xc7\xa6bW`\xaf\xc5\xac\
\xe0\x85\x14\x92\xeb\x97\x80\x80\x14,\x9f\x86]\x88]\x80\
\xbd\x04\xb3N\xd1\xc5\x94\xcb\x0f\x8fx\xf4\xb9^\x8e\xc9\
\xfb\xcc\x8eJgx\x11\xe5\x0c\x04\xd4F\xf1*\xec,\
\xec*\xecx\xcc9\xc3\x09\xe9ic\x0e9\xdc\x98\xe7\
\xa3\xc7\xdc\xa2\x17\x9e7\xde\x80}\x12\x9b\x8b\xc5\x22\xa0\
Z\xec5f\x7fT\xcd5\xb9\x12\x11^\xe8\x8d\x14\x9f\
\xc3\xae\xc4\x8eR[\x92t\x19\xb3'\xaa\xe6\x9a\xdc\x88\
\x08\x01\x9dDq\x1d\xf6a\xec\x10\xb5y\xe2!\x171\
\x11\x02:\x91b\x1evf\xd0\x103E\x0f\xac3\xef\
\x89\x10\x90\xe6}\xbe\x82%\x22 S1k\xa3Za\
\xc9\xb4\x88\x10\xd0q\x147b\xd3\x83\x868\xa9T\xb6\
`\xb7#\xa2\x1b\xa2\x96\xc2\x92Y7\x8c\x804\x0a\xd3\
\x17x.\x16\xdf\xe7\xa8T\xf6W\x8cY[)U\xee\
\x1a\xd8WZ\xb9g\xfb\xfe\x9e\xa3M\xef\x0b\xd1\x7f-\
$\x99\x14\x11\x02:\x96\xe2zL\xb3\xd0q\xf2\x14\xf6\
 \xb6\x04[M,\xb4C\x8dE's\x22B@\x87\
S\xdc\x8ai)#\xae\xdf\x7f7\xf6\x1b\xec\x0el\x05\
\xb6\x0d\x01\xbdH\xe9\x81,\x8a\xe8\xcb\x14\x9f\xc7^\x1a\
4\xb8\xe7/\xd8\xdd\x98\xbc\xcfF\xc4#Ay\xaa\xc8\
\x94\x88\x10\xd0\x07)\xbe\x8eu\x06\x0d\xee\xf9\x1d\xb6\x08\
\xbb\x07\xebC@\x84C\x9e\xa1dFD\x08H\x01\xf4\
\x1c\xecMA\x83[\x9e\xc3~\x81}\x07{\x04\xf1\xe8\
\xd9S\x83L\x88\x08\x01i.\xe8\x87\xd8\xc9\x98\x93\xed\
\x1cU\xf4a\xea\xba~\x8a\xadC@{\xd5\xe8\xa9M\
V\xe6\x89.\xc7\xb4\x98\xeaZ@\x7f\xc6n\xc6\xe6c\
\x8f{\x01\xd5G\xea=\x11^\xe8\x9d\x14\xfaR_\x83\
\x8dR\x9b#4\xfa\xd2\xbf\xb3\x02\xf1<\x1d\xb4x\xea\
\x22\xd5\x22B@\xdaX\xf6#LBr=\x1a\xfb\x17\
\xb6\x19\xdb\x19<5\x01Q\xf7\x93\x14\xbb\x82\x87\x92\xd9\
\xd96\xa0-E\xe6~l2\xa6Q\xde\xf6\xf1[{\
\x06(sE\xdaE\xa4\x15yM*\xbe\x1a\xcbB\xfc\
&\x01\xed\x0b\xab\xe6\xdf\x98\xba\xc3\xed\x98\xb6\xe9\xaa]\
[C$\x22MR~\xb4T1\x93\x11\xd5\x1a\xea\x99\
&\xb5_\x0c\x02\x1aGq\x1f\xf6\x16,o'U%\
\xa8\x0d\x98>c\xe8\xb9\xf0\x82t\xa3\x1f\x88\xea\x99\x22\
\xcd\x22\xfa\x18\xc5\x97\xb0\xb8\xe6\x84\x92fPX\xfb\xe8\
\x16\x97\xb7U\xcc\x03Y\xf1Ri\x16\xd1\xaf(\xb4\xd1\
\xac\x88\xe7\xe55+\xae\x18M\xe5\x93x\xa8\xf7\xa91\
\xad\xa4RD\xfd\x9d\xe5\xb9\xfcb\x1f\xa1zD\xd8R\
x\xd6TJ\xe6\x16\x02\xf5\x95x\xa7\xa6\x03\x7fW\xa4\
n\x9ehGG\xb9\x1b\x01M\xa3:!l\xf1@7\
A\xf8m\x08iy\x7fWyf\xd4\x96\x1aR'\x22\
^\xd4E\x14\x131\x97sBY\xe40\xec\xed\x88i\
1]\xfdj\xfe\xd84{\x9f\x0aR%\x22^L;\
\x85\xf6K\x1f\x1a4x\x86C1b7\x7fl\x9f\x0a\
\x1f\x93'm\x9eh\x12\xa6\x09F\xef\x85F\xe6\x22<\
\xd22\xfe\xf0^\x17='F\xdaD$O\x14\xd7>\
\xa1<p.\x1e\xe9\xa6\xa8\x9e\x18\xa9\x8b\x89<\x0ds\
\x1e\x1ei\x09\x1e)\xb1\x10 m\x22\xd2R\x81\xa7q\
f\xe0\x91\x16F\xf5\xd8I\x9b\x88~\x89\xf9\x15\xf4\xe6\
\x98\x8aG\xd2:c\xec\xa4JD\xe3\xb7\x06\xa7't\
\xa2\xc2o\x82o\x1cM\x01\x9cI\xb7\xa6\xd1m\xac\xa4\
1&\xd2\x89\x0a\xed.\xf44\xce\xc4\x81R\xb0\xfb3\
V\xd2(\x22\x1d\xc9\xe9\x0d\xab\x9e\x06\xe9(\x19s\x02\
\xde\xe8\xa0\xe89\x16R'\xa2\x09}=Zx\xd4\x06\
.\xbf5\xb59\xb4\x03T\x87;c#\x8d\x9eH\xe8\
\xa8\x8e\xc4\xe4i\x9c3\x18\xa9\xc5z28\x95\xab\xf8\
\x8c2t\x97\x86b#k\x99^\x87\xa0-\x16\xdb0\
M)\xe8,Y\xab\x81\xbcR\x1c\x8f\x89\xcaA\xe4\x11\
\xb4\xe1Lm\xca`\x1b'\xf3K\x153;\xae\xad\xb8\
i\x15\x91~\xaf\x9f`\xe7`.\x12V\xfd\x11\xbb\x9a\
\x17\xbd\x9ar//\xfb\x9fAk\x93\x10\x83\xbc\x82B\
\xb3\xed\xca\x15)1i!y\x16\xea\xec\xe5\x83h\xad\
K\xdd\x8bJ\xfd?*_\x19\xd5]q\x07\x9f\xed3\
|.\xfd\xa18'\x95\x22\x12\x08\xe9]\x14\xb7`\xca\
Am\xbb\xdb\x95'\x92H\xaf!\x06\xfb{\xd0\x12\x03\
\x88M#\xa7NFP\x93x\xf1\xa7RWJ@\xad\
\x17\xdaF\x7f\x1c\xd7\xf2\xd9V\x86\x8fnI\xad\x88\x04\
B\xfa>\xc5\x0cL\x7f\xe9\xb6\xd1\x08PG\x84\xbe\xcb\
\xcbN\xe4|=\xa2\xd2j\xfc\xd7\xa8\xea\xf3\xbd9h\
\xb4\xc3&~\xee\x9c\xf6-=\xfaCqNZ\x03\xeb\
An\xc3\x14d\xbb@1\xcb\xa5Xb\xf7t\xd0\xdd\
\xacA\xc0S\xe9z\xb4\x87\xcaf\x92\xd0\xd1\xfcLu\
\xad\xb1\x90j\x11\xf1\x82\x1f\xa3\xd0yx\xcdb\xbb\xe0\
h\xecR<\x9eb\x94\xc4@L\x9b(\xd6\x87OV\
\xe8\xc3\x13\xfd6\xaa;'\xed\x9eH\xdc\x85\xdd\x89\x0d\
\x9e\xe7\xb2\x89FMg`\xe7#\xa4X'\xe8\x86\xc2\
\x97\xfe\xa7\xa8j\x03u\xcf\xb1\xcd\xb3\xa5^Dx#\
\x0d\xbf\xbf\x8d=\x144\xd8\xe7HL\x87$\x95\xbe/\
1\xe8~\xde\x16Um\xb0\xbfm\xc0<\x1b\xd5\x9d\x93\
\x05O$!)\xd1\x82\xf23jhn\x1b\x0d.N\
\xc0\xd4\xad%y\x0f\xbeb4[\xe8\xc4\xad\x0eF\xc6\
B&D$\x10\x92<\x91Fk.V\xf8\xb5\xa1K\
\xa3\xc0s\x10R\xf5\x84a,0J\xb3) \xa1|\
J\xde\x13\xd5@\xc9\x1d~\x16V\xad\xd3\x85\xe9\xac\x9b\
\xe6\xa5b\x85xH\x17\xd9\xd8\xa4\x1f\x8bm_V\xa6\
D\x847\xd2\x8b\xf9*\xf6h\xd0`\x17\xbd\x0bea\
\xbb\x18o\x14\xdbVS\xbc\x90f\xe4\x95F\xd0&\xbb\
\x19\xf1IH\xb1\x905O$!=A\xa1\x0c\xfa.\
\xf6\x1c)\x8e\xd0\xdd\xb0\xa7\x22\xa4X\xde\xcd@)\xc8\
\xc3m3~y\x18s5\xb76,\x99\x13\x91@H\
\xcb)\x94~\xcf\x05\x8aO>\x84\xc5\xb2\x9d\x82\xa8\xfe\
\x0bQ\xd5\x16\xdb\x18\xe9\xe9\xfd\xc4F&E\x14\xa1 \
\xfb\x91\xb0j\x15-\xa0j]K\xe7\xba\x9c\x1e\xe5\xa6\
+S\xc2\x0a\xdbkg\xda\x99\x10,\x02\xc7EfE\
\x847\xfa+\x85\xf2Y\xbb\xe8\xd6$\x1e%[Wn\
$g\x10P\xebj-\x9b(\x0e\xdaL<\xb45|\
\x8c\x87,{\x22\x09I\xf9{n\x0f\x9f\xac\xa3\xecl\
\x9a\xc9Vi\x9d\xfe\xae \x17\xa5\xcc&ZTV\xca\
\xbfX\xc9\xb4\x88\x22\x94\xac\xdc\xc5\x8bS\x97\xa0\xfdL\
\xd3\x11\x92&\xef\xacB\xdcr5\x85\xed\xdcK\xbd\xfc\
\xdcX\x83j\x91y\x11\xe1\x8d4\x9b\xad,\xfb.\xb6\
shID[Mm.I\xc8\x0b\x9dG\xd1\x1d>\
YC\xa3\xb2\x05qwe\x22\x0f\x9eH\xac\xc2\x16\x87\
U\xebh\x9f\xcfL\xbc\x91\x95\xd1\x1a\xc1\xf48\xbc\x85\
\xee\xa9\xb5\xed\x85v\xf2s\x95\xae/v\xf2\x22\xa2\x7f\
`\xdf\xc3\x5c\xe48T\x96\x92\xf7`:a\xdar2\
\xf6\x81\x92\x93\x80]\x01\xb5\xb6\x93$rB&\x17\x22\
\xa2K\xd3\xb0V[)4\x09\xe9\xe2\x1e\x0e\xa5\xfd{\
\x07\xd6R\x1a\x17\xbc\xd0\xc9%c\x94\xd0\xd4\xf6\xfa\x5c\
\xaf\xa9\x98\x07\xe9\xcaZ\xda+\xde,y\xf1DB;\
\x03\x95\x15_wr\xb8@K\x22\xe5\xb0\xda\x1c\xd1\x90\
\xfe\x98\xf0\xc9*:\x10\xa0\x0d|\x89\x90\x1b\x11\xe1\x8d\
t\xf4G\x7f\x89\xca\x8e\xb1Nm\x96\xd1\xf1\xa5\xa6\xef\
\xda\xc7\x0bi8\xaf\xc9E\xdb\xc7\x8742\x9d\x8b\x17\
\x1a\xcc\x87\x1d;y\xf2D\x83\xdd\x9a^\xea\x02\xcc\xf6\
\x99+%\xdf:\xb4\x99\xb8\x08\x01\x8d\xc7\x0b]K\xd5\
\xc5\x1e\x9f^>w\xecsC\xd5\xe4JD\x82\x17\xaa\
m\xb4\xf7b\xban\xca6\xdaB\xdb\xf0;C@Z\
\x1f\xd3\xe8\xce\xf6|\x93Fc\xda>\x9c(\xb9\x13\x91\
@H\xda\xd8\xaf3k:\xd3o\x8b\xfd\xd8\xf3XC\
#\xa0\xfe\xce\xf2,\x8a\xf31\xdb\xc7\x9e\xf4{\xacc\
X\xaf\x0bh\x12%\x97\x22\x8a\xf8=\xa6#G\xb6\xd0\
$^?\x02\x95\x98\xea\x86\x80\xf7b\x8a\x0e\xccv2\
\xd3u\x8c\xc8\x96&\x19\x0b\x0d\x92[\x11\xf1ek\xb4\
\xa6.\xcd\xd6J\xbf\xba\x0e-\xfa\xd6\x0d^\xe8\xb3\x14\
\xca\xc9m{H//\xb4\x11\x81>\x10>&K\x9e\
=\x91\xd0\x97\xae\x13\xa6\xba.\xaa\x15\x14\xb0K\x8cu\
\x07\xb0\x04\xd3\xa7\xf3%\xeb\x14\x89\xae`\xb7\xcd\x06\xba\
\xb1\x85i\xf0B\x22\xd7\x22\xc2\x1bi\x84\xb6\x16\xd3\x91\
\xa3V\xd0L\xb8\xd6\xa6\x14\x13\xd5\x05\xc1\xb4\xc4\xab\x0d\
n\xb6\xbdP\x7f\xc5\x18\x9d\xb1Ol^h(y\xf7\
D\x12\x92N=\xfc\x18kv'\xa4\xba1m\x80{\
\x82\x9f\xa5\xb9\xa8\x11\xa9\xea\xc6\x5c\xa4\x94\xd1\xef3\x0f\
/\x94\xc8\x12\xc7p\xe4^D\x82/\xffo\x14\xd7`\
:-\xd2\x08\x8fc\x9a\xdfY\xca\xcf\xa8\xebK\x8b\xba\
1\x9d\xadw\xd1\x8d\xf5\xd0\x8d-n\xef\x8bo\x13~\
=\x14BD\x02\x11l\xa1\xd0N\xc8OcZ\xac<\
\x10\x9a\xf9\xbe\x1b\x9b\x8d\xe9b\xe1\xba\xb2\xb6!\xa0v\
\xba1\x9dF\xd1\xd2\x86\x8b\xf3k\xda\xc5\xa9#\xe5\xa9\
\x82?\x9ab\xf1LgYCm-_\xe8\x94\x85\xce\
\xe1k\x8f\xb3N\xbe\xca\xd3hg\xa0ri\xebl\x9b\
6w\xbd\x80\x80\x14T\xd7\x05?[\xa9j4'\xa4\
}H\xb6\xd9\x8c\x17\xba\x84n\xcc\xc5q\xa9\x96(\x9c\
\x88\x5c\x81\x17\xd2=\x1b\xdf\xa4\xda\xd2\x22m\x0dv\x11\
\x8c-\xa4\x1b\xd3>\xa4\xd4\xe1Ed\x01\x04t,\x02\
\xd2~&\x9d\x12q\x81\xae\xf0\xd4\xe2m*\xf1\x22j\
\x91\xfe\xae\xf2\xc1t3\xcaH\xa6-\xaf\xb6\x09.\x17\
N\xb3\x80Da\x02k\x17\xe0\x81\x14<+\xdb\xda\xf1\
A\x83}\xd4\x8d\xa5bV\xfa@x\x11\xb5\xc6\x14\xbc\
\x90\x92@\xb8\xb8\xb8N\x07\x0fv\xa75\x0e\xaa\xc6\x8b\
\xa8I\x18\x89\x1dI\x1c\xa4e\x0d\x17wihf\xbc\
\x0f\x81^\x1e>\xa6\x1b/\xa2&\xa0\x1b\xd3\xb6\x0em\
\xf1\x98\x1e4\xd8g\x17\x02\x9a\xc1p>\xf5]\x99\xf0\
\x22j\x10\x04\xa4y\xa6\xb31mwu\x95\xd0\xfcY\
\x04\xa4\xad,\x99\xc0\x8b\xa8A\xe8\xc2N\xc2.\xa1\xea\
\xeaJ\xa8\xadx\xa1+\xa3z&\xf0\x22j\x80\xfe\xce\
\xe0\xca\xf5\x99\xd8iA\x83}\xf6iR\x11/\xa4\x1d\
\x03\x99\xc1\xcf\x13\xd5\x89\xe2\xa0\x81\x92\x99\xc5\x0b\x93\x97\
\xd0NE\x17(9\xfa\x94\xa8\x9e\x19\xbc'\xaa\x03\x04\
\xa4#\xcfg#\xa0\xc1\xad\xae.\xd8D7\xa6-$\
\x99\xc3\x8b\xa8\x0e\x88\x81&a\x1anO\x0e[\xec\xc3\
\xcf\xbf\x91n\xcc\xc51p\xe7x\x11\x8d\x00q\x90v\
'j\x7f\x90\xd5\xcc CX\xd5\xbe\xa5\xe7\x07Q=\
sx\x11\x1d\x00\xba\xb1qtaZ\x13S2P\xeb\
9\x8a\x22\xd6geR\xb1\x16^D5@@\xa3\xe9\
b\xb4*\xff^\xccv\xb2\xf2A4\x9c\xff\x22\xdd\xd8\
H\x9b\xe4R\x8d\x17Q\x0d\x10\x90N\xacjY\xe3\xf4\
\xa0\xc1\x01\x0c\xe7oB@:\xad\x9bi\xbc\x88\x86\xa1\
\xbf\xab\xac\x11\x98\xba1g\x02\x82\x87\xe9*]\xa5Q\
\x8e\x15/\xa2!\x04qP\xc5\xe8\xeaPM*\x1e\x16\
4\xda\xe7\x0f\xfc\x1b\xd7c\x89\xdc\xf8h\x1b/\xa2*\
\xa28h\x1aU]\x93p\x5c\xd0h\x9f\xa7\xf87\xe6\
\x0c\xb4\x99G\xe9\xca\x5c\xdc\xe1\x16;^DU\xf0\xe5\
\xea\x94\x86\x16W]vc\x8b\xf0@\xcb\x19\xd2\xdb\xbc\
\xae3Q\xbc\x88\x22\xa28H'@\x5cm\xef\x10\xca\
\xe0q'\x22\xaa\xeb\x08RV\xf0\x22\x1a\xa4b&2\
Zz75W\xdb;t'\xeb7\x10\xd0&\xba1\
\xdb\x09\xb8\x12\xc5\x8b\x08\xa2I\xc5\x131\x17\xdb\x5c\xc5\
st\x957c\x8f\xe5%\x0e\xaa\xc6\x8b\x08\xf8r\xb5\
&\xa6\xae\xcc\xd5\xe2\xea\xb7\xf0@\xf7\xe5)\x0e\xaa\xa6\
\xf0\x22\xd2\x88\x8cB\x01\xb5\xabMf\xf7\xd3U*\x98\
N$=p\x1cxO\x14\xa6\xc1SfX\x17sB\
\x9b\xb1[\xe9&\xb7\xe6-\x0e\xaa\xc6\x8b(\xcc\x98\xdf\
\x19V\xedB\xa0>\x0f[\x93\xc78\xa8\x1a/\xa20\
#\xac\xed{6\xc4\x22<\xd0\xbd\xed}=\xb9\x98\x95\
>\x10^DnXE\x0c4\x1f\xdb\x11=\xe7\x1a/\
\x22c\x94\xf7P\xb1\x8b-\x82Lf\xd8F\xba1\x17\
w\xf8\xa7\x0e/\xa2PD\xba\x5c\xa6\xee|\x8c#\xb0\
\x808\xe8!\x04\x94\x9atx\xae)\xbc\x88\xf8\xb2\x95\
\x97z=\xf6\xf3\xa0\xa15t\x0b\xe4\xb2\x22\xc4A\xd5\
xO\x04\xc4.:m\xba\x14S&\xfef\xb9'\x8a\
\x83ZMw\x9c9\xbc\x88 \x1a\x82\xaf\xc0t)q\
\xa3^D\xdd\xe1\x15\x98\x12\x84\x16&\x0e\xaa\x86Q\xa8\
G\xec\xe8(\xb7\x11\xcb\x1c\xc5\x1b\xb9\x8aG\x9d/\xab\
g!V\xc9Du\x87\xc8\xb2\x09\xe1]\xb4\x85\xc4\x8b\
h\x08\xc1\xc64c\xa6\xf1f>\xce\xe3Tl\xb8\x5c\
\xd4\xf2>\xca\xe2*\xd3\xa1\xc3\xedQlUH\xbc\x88\
j\xa0\x95\xfdJ\xc9LE eJe\x83\x1dK}\
\x0f\x02\xdb\xc0[S \xbe#\x12O\xa1\x82\xe8\xe1\xf0\
\x22:\x00\xd1\xe2\xec\x18D\x14\xdcs\x86h\xb4\xfe\xa5\
\xf8i/\xe2\xc9\xedZ\x98\xc7\xe3\xf1x<\x1e\x8f\xc7\
\xe3\xf1x\xb2\x871\xff\x01\x1c\x95\x96|L\x95\xfd\xc8\
\x00\x00\x00\x00IEND\xaeB`\x82\
\x00\x00\x1a\x06\
\x89\
PNG\x0d\x0a\x1a\x0a\x00\x00\x00\x0dIHDR\x00\
\x00\x02\x00\x00\x00\x02\x00\x08\x06\x00\x00\x00\xf4x\xd4\xfa\
\x00\x00\x00\x01sRGB\x00\xae\xce\x1c\xe9\x00\x00\x00\
\x04gAMA\x00\x00\xb1\x8f\x0b\xfca\x05\x00\x00\x00\
\x09pHYs\x00\x00\x0e\xc3\x00\x00\x0e\xc3\x01\xc7o\
\xa8d\x00\x00\x19\x9bIDATx^\xed\xddM\x8b\
$\xd7r\x06`\xf92\x17f@\x82\x11\x5c\xed\xec\x9d\
\x7f\x88\xb7\xfe\xc7\xde\xf9\x8fxyw\x16H \xc1\x08\
f\xc0\xceT\xe5hzz\xaa\xba\xeb\xe3|D\x9cx\
\x1e\x10U-\xb0o\xab\xf2D\xc4\x9b'\xb3\xb2\xbf\x03\
\x00\x00\x00\x00\x00\x00\x00\x00\x00\x00\x00\x00\x00\xa2\xfa\x97\
\xe3\x15H\xee\xe7\x7f\xfd\xf7\xff;\xde\x0e\xf5\x8f\x7f\xfe\
\x8f>\x02\x09)\x5c\x08j\xd6@\xefM`\x80\x18\x14\
\x22L\xb2\xea\x80\x7f\x94\x80\x00c(4\xe8\xcc\xa0o\
C0\x80\xb6\x14\x144b\xd0\xcf!\x18\xc0}\x14\x0e\
\xdc\xc1\xb0\x8fM(\x80\xd7)\x12\xb8\x82\x81\x9f\x9fP\
\x00_S\x10\xf0\x8ca_\x83@@u\x0a\x80\xf2\x0c\
|v\x02\x01\xd5X\xf0\x94d\xe8\xf3\x12a\x80\x0a,\
rJ0\xf0y\x84@\xc0\x8a,j\x96e\xe8\xd3\x83\
0\xc0*,d\x96b\xe83\x920@f\x16/\xe9\
\x19\xfaD \x0c\x90\x8d\x05KJ\x86>\x91\x09\x03d\
`\x91\x92\x86\xa1OF\xc2\x00QY\x98\x84g\xf0\xb3\
\x02A\x80h,HB2\xf4Y\x990@\x04\x16!\
\xa1\x18\xfcT\x22\x080\x93\xc5\xc7t\x86>\x08\x03\x8c\
g\xc11\x8d\xc1\x0f\xdf\x12\x04\x18\xc5Bc(C\x1f\
\xae#\x08\xd0\x9b\x05\xc6\x10\x06?\xdcO\x18\xa0\x07\x8b\
\x8a\xae\x0c~hG\x10\xa0%\x8b\x89.\x0c\xfe\x98\xee\
\x1d \x8eg,\x82\x00-XD4eP\xf4\x93\xb5\
\xe9[\x13\xfd\x08\x02<\xc2\xe2\xa1\x09M\xfe1\xd5\x1b\
\xb9\xf5\xf3\x18A\x80{X4<D\xe3\xbe\x8dF}\
\x1b\xeb\xeb6\xd6\x17\xb7\xb0X\xb8\x8b\xc6\xfc:\xcd\xb8\
\x1f\xeb\xefe\xd6\x1e\xd7\xb0H\xb8\x89\xc6{\x9e\x86;\
\x9f\xb5\xf9-\xeb\x92\x97X\x1c\x5c\xeb\xcd\xd6`?\x1e\
\xefK\xd3Ts\x10\x08\xbe\xb0f9\xc7\xa2\xe0U\xd5\
\x1b\xa9\xe6\xb9\x06\x81\xc0Z\xe6k\x16\x03\x17Um\x98\
\x9ad\x0d\xd67\xd5Y\x08|\xa3bc\xd4\x14k\xb3\
\xe6\xa9\xc8\x02\xe0/\x95\x9a\xa0\xe6\xc7K\xd4\x02\x158\
\xf0\xfc\xa9B\xc3\xd3\xe8\xb8\x87\xda`U\x0ezq\xab\
77\x8d\x8d\x96\xd4\x0b+q\xb0\xebZ\xf6k}\x9a\
\x18#\xac\x1a\x06\xb6\xfa\xf9\xfb\xf6\xf2\xe9\xf4\x13+\xd3\
(\x0bZ\xb1q\x19\xfa\xcc\xb2p\x10PS\x8bs\x80\
\x0b1\xf8\xa1/5F&\x0el\x11+5&\x0d\x89\
\xe8V\x0b\x02jnM\x0e\xea\xe2\x0c~\x98K\x0d\x12\
\x95\x83\xb9\xb0U\x1a\x8f\xa6\xc3\x0a\xd4#\xd18\x90\x0b\
Z\xa1\xd1lM\xc6\x9d\xc8,k\x91\x1a5?\x92s\
\x00\x17\x93\xbd\xb1h*T\xa2^\x99\xc9\xc1[\x84F\
\x02y\xa9_fp\xd0\x16\x90\xb9yh\x1c\xf0\x85Z\
f$\x07,\xb7\xb4O\xf3\xd3,\xe0\xb2\xacA`\xab\
\xebw\xdb\xcb\x1f\xa7\x9f\x88N\x13N*q\x83\xb0\xe6\
\xe0J\xea\x9c\x9e\x1c\xa4\x8426\x05\x0d\x01\xee\xa7\xe6\
\xe9\xc1\x01\xca\xe5\xed\xd6\x08>\x1c\xefS\xd0\x04\xa0\x9d\
lA`\xab\xff\x1f\xb6\x97\xdfO?\x11\x8d\xe6\x9cD\
\xc2\xc2\xb7\xb6\xa0\x13\xfd\x80\x16\x1c\x94\x042\x15\xbbB\
\x87q\xf4\x06\x1e\xe1\x80\x04\x97\xa5\xc0\x157\xcc\x93\xa8\
O\xf8\x96@ \x9avP\x89\x0a\xda#{!\x864\
\xf7\x089a\x88\xc1A\x08\xc8Y?p/\xfd\x83k\
9\x00\xc1d(^\x85\x0b\xf1\xe9%\xbc\xc6\x87\x1fH\
\xf4\x82\xdd\x8a\xd5v?\xe4\x12\xfei\xa1\xfa\xca<\x7f\
;^\x99k\xbfv\x17}\xf8\xefaQ\x91B.\x9f\
\xa2\x9fe\x1f\x01\xe5\xfd\xe9'F\xb2\x030Y\x92\xc1\
\x0f,@\xbf\xe1)\x1f\xf6D\x91\x8bq+D_\xd7\
\x81\x05\x09\x01|\xe6\x83\x9e$\xf8\xf0\xb7.`qz\
\x10>\xe4\x09\xa2\x16\xdeVtn\xc6\x81B\x84\x80\xda\
|\xc0\x83\x05\x1e\xfe\xd6\x02\x14\xa5/\xd5\xe4\xc3\x1d(\
b\x91m\x05\xf6\xd3\xf6\xf2\xf3\xe9'\xa0*;\x93\xf5\
\x08\x00c\x84\xfc.\xaet\x0d<\x13\xb5W\xf9\xb3\xc2\
\x1d\x18\x00\xfd\xbd\xdf\x0a\xea\x97\xe3}\x18\x86?pI\
\xe0\xdd\x00}\xab!\x1ffG\x11\x8b\xc8v\x1ap\x0d\
!`}>\xc8N\x82\x0e\x7f\xc7\x1b\xb8\x89^\xb6.\
\x1fb\x07\x0a\x06X\x89\x9e\xb6&\x1f`c\xd1\x0ae\
+\x12[\xfe\xc0\xc3\x84\x80\xf5\xf8\xf0\x1a\x0a8\xfc\x1d\
_\xa0)}n\x1d>\xb8F\x14\x05P\x85~\xb7\x06\
\x1fZ\x03\x91\x8aa+\x04[\xfe@wB@~>\
\xb0\x07\x05\x1b\xfe\x8e'0R\xa8\x07\x07\xe9\x81\xb7\xf1\
a=\xc0\xf0\x07\xd0\x0b\xb3\xf2A\xdd\xc9\x82\x07\xf8B\
O\xcc\xc7\x87t\x87(\x0b}[\xe4?n/\xbf\x9e\
~\x02\x98K\x08\xc8\xc5\x07t\xa3@\xc3\xdf\xcd~@\
8B@\x1e>\x9c\x1b\x18\xfe\x00W\xf9~\xeb\x97\xbf\
\x1d\xef\xa7\x12\x02.\xfb\xdb\xf1\xca\xeb\xde\x1f\xafS\x1d\
\x8b\xd9\xf0\x07\x22\xfb\xfd8Q\x89\xe0\x1f\xc7+\xcfH\
F\xd7y\xbb\xa5\xd9\x0f\xc7\xfbi$Y \x9b\x08;\
\xa7[\xef|\xb7\xbd\xfcq\xfa\x89\xcf\x0c\x94+\x04Y\
\xc0\x8e\x15\x90\x92\x10\x10\x93\xa1\xf2\x0a\xc3\x1f\xe0qA\
z\xa9\xfb\xa7\x9e0X^0{\xc1n\x8b\xf5\xa7\xed\
\xe5\xe7\xd3O\x00\xb99\xa1\x8a\xc5\x07qA\x80\xe1o\
\xbb\x0aX\x8e\x10\x10\x87o\x01\x9c\x11`\xf8\xef\x0f\xf8\
1\xfc\x81\xe5D\x18\xbe\x11BH\x04R\xd03\xce\xfc\
\x01\xfa\xb3\x130\x9f\x00\xf0\x84\xe1\x0f0\x8e\x100\x97\
K\x00_\xbc=^\xa7\xd8\x16\xe1~w\xaa\xe1\x0f\x94\
\x11d\xf8\x86x\xc8\xdb\x0cv\x00\x0e3\x93\xe81\xfc\
}5\x05(\xc9\xee\xeb\x1c\x02\xc0\xc6\xf0\x07\x98+@\
\x08(7\x0f\xcb\x07\x00\xc3\x1f \x06!`\xac\xd2\xf7\
\x00L\x1e\xfe?l/\x86?\xc0a\xf6\x00\x9e\x1d@\
F+\xbb\x03\x10`\xf8\xff~\xfa\x09\x80\xa7\xec\x04\x8c\
\xe1[\x00\x83m\x0bk\x7f\xbc\xaf\xe1\x0fpA\x80\x01\
\xfc\xe6x]Z\xc9\x0009]z\xb6?\xc0+f\
\x86\x80mF|<\xde.\xad\xdc%\x80\xc9[\xffe\
/\xb9\x00\xdcC\xcf\xee\xa7\xd4@\xb2\x90\x00\xf2\xd1\xbb\
\xfb\xa8t\x09`\xda5\x1d\xc3\x1f\xe0~\x93{\xe8\xd4\
\xa7\xc4\xf6Tf0\xcdJ\x90\x86?@\x13o\xb6>\
>\xe5\xda\xfc\xaa}\xbc\xc4\x0e\x80\xe1\x0f\x90\xde\xa7\xad\
\xa7\xee\x7f*}\xb8\x99\x97 zZ>\x00\x18\xfe\x00\
\xcb\xf8\xf5x\x1dn\xc5\x10\xb0z\x00\x98r\xdd\x7f\x1b\
\xfe\xfb#~\x01hl\xf2\xc9\xd5R\xf7\x03,\x1d\x00\
f\x5c/\xda\x16\xe7\xfe\xa0\x1f\x8f\xf8\x05\xe8dV\x08\
\xd8f\xca\x87\xe3\xed\x12\x96\x0d\x00\x13\xb7k<\xe8\x07\
\xa0\xb3\x89!`\x99K\x01\xab\x06\x80\xef\x8f\xd7\xa1&\
oM\x01\x94\x22\x04<f\xc9\x00\xb0\x1d\x9c\xdf\x8e\xb7\
\xc3\x18\xfe\x00\xe3m\xbd\xf7\xdd\xf1\x96\x1b-7\xb4f\
$3\xc3\x9f\x95\xddSSj\x82\x91f\x9d\x91g_\
\xe7K\x15\xe9\xa4\xe1\xbf\xdf\xf1\xef\xa6?\x96\xd1\xba\x8e\
\x84\x01F\x10\x02n'\x00<Hsc\x15#\xeaG\
\xbd\xd0\x93\x19p\x9be\x8a\xd1\x81\x87\xfb\xa8\x1dVb\
=_o\x89\x22t\xc0\xe1v3\xea\xe6)5D'\
\xef\xb7\xb5\xfd\xcb\xf1~\x98\x8c\xeby\xf5'\x01v\xb1\
\x1dhO\xfa#\xb5\xd9\xc3\x7f\xb7\xff\x0e\x11~\x0f\x96\
3\xedq\xc1\xd9\xa4\x0f\x00\xa3\x1b\xc86\xfc\xf7\xaf\x9c\
\xb8\xe9\x8f\xac\xf6\xbf\xa8\x16j\xe8\x0a\x01\xb46\xe3l\
<\xe3:N\xbd\x057\xe3\x03\xb7mIV\xd1\x1b\x94\
\xda\xa253\xe2e.\x01\xdc@\x83\x22\xab\x0cg'\
\xc7\xef8\xe5\x0fxAEi\x07\xda\xe8\x86f\xf8\x93\
U\x86\xe1\xff\x94Z\xa3%\xbb\x00\x97\xa5\xdc\x01\xc8\xd6\
\xd0`\x96\x8c\xb5\xa2\xbeii\xc60\xce\xb2\x86]\x02\
\xb8\x823\x12\x18K\x08\xa0\xa5\xad\x87\xfb\xe6\xd6\x19\xe9\
\x02\xc0\xe8\xc6`\xf8\x93\x95!\x0a\x7f\x19\xfe\xcd\xad\x0c\
\xf5g\x07\xe0\x05\xdb\xf0\xf7W\xa6Hi\x85\xe1/\xc0\
\xd0\x92\x93\xb9o\xa5\x0a\x00\x13\x1a\xc2\x1f\xc7+0\x81\
\x10@K\xa3C@\xf4\xf5\x9b)\x00|\x7f\xbc\x0e!\
-\x92\x95\xa1\x09qD\xae\xc74\x01`\xfb\x10\x7f;\
\xdevg\xeb\x9f\xacV\x1c\xfe\x02\x0d-9\xb9\xfb\x22\
E\x00\x98\xd0\x00l\xfd\x03,\xca\xa5\x80\x137\x01>\
#\x1d\x02PA\xf8\x00029m\xc3\xdfwEI\
k\xe5\xadr\x97\x01h\xcd.\x80\x1d\x80\xe7\xfc\x95?\
\x80\x22\xaa\xef\xf8\x86\x0e\x00\x83\xcf\xfem\xfd\x03\xd0M\
\xb4]\x00;\x00\xb0\x80\x0a[\xe4.\x03\xd0\xc3\x84\x93\
\xbf0\x7f\xf12l\x00p\xf6\x0f\xc0j\xb6\xd9\xf6\xf1\
x;]\xc8\x00`\xf8\x030\xca\xe89\x10e7\xcb\
%\x00\x00\xca\xabx2\x18.\x008\xfb\x07`u\x11\
v\x01\xca\xee\x00l\xc3\xdf\xe3~YB\x94\xedD\xc8\
\xae\xdaIa\xa8\x000\xb8\x91y\xdc/\x00\xd3\xcc\x0e\
\xef%w\x00\xb6\x94\xe7\x89\x7f\x00|\xa3\xd2.@\x98\
\x0008\x09y\xe2\x1f\xcbp/\x0b\xb45\xb2\xa6f\
\xee\x02\x94\xdb\x01\xd0,\x01 H\x00p\x13\x13\x00\x91\
T\xd8\x05(\xb5\x03\xe0\xec\x1f\x00N\xa6\x07\x00g\xff\
\x00D\xb4\xfa.@\x99\x1d\x00g\xff\x90\x9b\x1a\x86\xb6\
\xa6\x06\x00g\xff\xd0\x86\xe1\x08}\xac\xbc\x0bPb\x07\
@s\x04\x80\xafM\x0b\x00\xa3\x92\xce6\xfc=\xf2\x17\
\x80\xbb\xad\xba\x0bPa\x07\xc0#\x7f)a\xe5\x9d.\
\xbbx\xd0\xde\xd2\x01`k\x1a\x1e\xf9\x0b\xc0\xc3\x06\x87\
\xd07\xc7kWS\x02\xc0\xc0-\x0e\x8f\xfc\xa5\x14\xa1\
\x17\xf2\xdbf\xe4\xc7\xe3mW\xcb\xee\x00h\x84\x14\xb5\
\x5c\xe8\xb5\xfdO\x14\xab\xad\xc5\xe1\x01\xc0\xd9?\xf4\xb5\
R\x93\xda\xfe[\xdc\xc4KI#fe\x85\x9b\x00\x81\
\xbc\xdc\xc4K(+\x05\xec\xa1\x01`\xd4\xd9\xbf-C\
\xaa[\xa1\x06\xd41\xd5\xf5\x9e\x99v\x00`Q\x99\x07\
\xe8\xf6\xbb\xdb\xfa'\xacU\xc2\xe9r\x01\xc0Y\x03|\
\x91\xb8\x1el\xfdCg\xc3\x02\xc0\xc0\x9b\xff\x80'\xb2\
\x9dM\x0b\xf1d0j\x9d\xf6\x9c\x9dK\xed\x00h\x1c\
p\xd6\x1f[m\xa4\xf8Z\xac\x1a\x86q\x86\x04\x00g\
\xff0\xdd\xa7\xe8!\xc0\xf0'\x9bQk\xb6\xd7\x0c]\
f\x07@\xf3\x80W\xed! \x5c\x9dl\xbf\xd3;\xf5\
\x0b\xe3-w\x13 \xf0\xb2H\xc3\xf6\xf8]\xdc\xf0\x07\
\x13to\x04#\xb6\xff\x9d=\xc0]\xdel\xf59\xe4\
\x99\xe3\xcf\xedg\xfd\xdb\x8b\xc1\xcf\x12F]\xe6n=\
\xeb\xec\x00@]S.\x098\xeb\x87\x18\xba\x16\x7f\xd6\
T\x04\x15\xf5\xaeWu\xca\xca2\xce\xbb\xf4\x01@S\
\x81\xf6Z\xd5\xae\xfa\xa4\x0a\x01\xe0\x19\x01\x00\xd6r\xa9\
\xa6\xd5!\xe4\x9by\xdd\x8a\xd6\xf0\x07\xa0\x92l\xbb\x00\
n\x02\x04\x80\x82\x04\x00\x00h \xdb\xaet\x97\x00`\
\xfb\x1f\x00\xfah5c\xed\x00\x00@A\x02\x00\x004\
\x92iw\xbay\x00\xb0\xfd\x0f\x00}\xb5\x98\xb5v\x00\
\x00\xa0\xa0t\x01\xc0\xd9?\x00\x91e\x99SM\x03\xc0\
\xa8\x87 \x00@u\x8f\xce\x5c\x97\x00\x00\xa0\xb1\x0c\xbb\
\x00\xa9\x02\x80\xed\x7f\x00h\xc3\x0e\x00\x00$\xf5\xc8e\
\x80f\x01\xc0\xf5\x7f\x00\xf8\x22\xfa\xaeu\x9a\x1d\x00\xdb\
\xff\x00\xd0\x8eK\x00\x00PP\x93\x00`\xfb\x1f\x00\xbe\
5b\xf7\xfa\xde\x19\x9cb\x07\xc0\xf6?\x00\xb4\xe5\x12\
\x00\x00\x14$\x00\x00@A\x0f\x07\x00\xd7\xff\x01\xe0\xb2\
\xa8\xf7\x01\x84\xdf\x01p\xfd\x1f\x00\xdas\x09\x00\x00\x0a\
\x12\x00\x00\xa0\xb3\x88\xbb\xd9\x0f\x05\x80\xde\xd7\xffm\xff\
\x03\xc0un\x9d\xc9v\x00\x00\xa0 \x01\x00\x00\x0a\x12\
\x00\x00`\x80h\x97\xb5\xef\x0e\x00\xae\xff\x03@,\xb7\
\xcc\xe6\xbb\x87\xac\x00\x00\xb1\xbdT\xa3\xea\x0b\xe6\xe8=\
;w\xd7\xd6\xb7\x00\x00\x0bhU\x8f\xea\x0e\xfa\x12\x00\
\xae\xa0\x11\xc1e\x91\x9a\x08p\x9b(\xf3\xf3\xae\x027\
\xfca\xbc\x11C\xff\x1c\xf5\x08mE\x09\xf0\xbe\x05\x00\
\x81\xed\x8d\xe2\xf3?\xc7\xbf\x1an\xf6\xff>\xd0\x87\x00\
\x00\x01E\x1c\xba\xc7\xef\xf3\xe6\xf4\x13\x90\x9d\x00\x00\x81\
D?\xdb\xde~\xb7\x8f\x91\x7f?\xe0z\xe1\xee\x01p\
\xbd\x91j\xb2\x0eT\xb5\x0a\xf7\xeb]\xf7]\xee\x01\x90\
\xfe\xa1\x8d\xbd\x962\xd7\x93^\x00q]S\x9f.\x01\
\xc0`\xd9\x07\xffSB\x00\xe4%\x00\xc0 +\x0d\xfe\
\xa7\x84\x00\xc8I\x00\x80\x01\x0a\x0cI\xdf\x0e\x80d\x04\
\x00\xe8h\xd5\xb3\xfe\xe7\xb6\xff\xc6\x8f\xc7[\xe0\x0a\x11\
n\xa2\x0d\x15\x00\xdcU\xcc*\xaa\x0c\xfe\xa7\xaa\xfd\xf7\
Bv7\x05\x00\x05\x0e\xaf\xab\x5c'z\x04\xc4\xf1Z\
=\xba\x04\x00\x8d\xec\xc5f\x00\xfe\xc9\xfd\x00\x90\x80\x00\
\x00\x0d\x18\xfc_l\x9f\x85\xfb\x01 \x01\x01\x00hN\
 \x82\xf8\xc2\x04\x007\x00\x02P\xc9\xec\xb9g\x07\x00\
\xe8\xc2.\x00\xc4&\x00\x00@AW\x07\x00i\x1e\x00\
ryiv\xdb\x01\x80\x07\x09\xc7\x97\xf9l .\x01\
\x00\x00\x0a\x12\x00\x00\xa0\xa0\x10\x01\xc0W\x00a].\
\x03\xc0e3\xe7\x9f\x1d\x00\x00(H\x00\x00\x80\x82\xae\
\xdez\xe8\xb9\x8d\xe7\x12\x00\x99\xddZ\x1b\xaf\xad\xf7\x15\
\xb7\xcc\xd58\x5c\xd6\xbb\xe6/\xd5\xdfUE9\xeb\x97\
\x83\xe8\xae\xa9\x8dG\xd6\xf7Ja@\x9d\xc3y#\xea\
\xfc\x5c\xfd\xb9\x04\x00\x1d\xec\xc5\xf6\xf9\x9f\xe3_\xdd\xa5\
\xc5\xff\x0f\x80s\x04\x00h\xa8\xd7\xc0\x16\x02\x80\xd6\x04\
\x00x\xc06\x98\xff\xf3x\xed~\xa6.\x04\x00-\x09\
\x00\xf0\x98\xff2\x98\x81G\xcc\xea!\x02\x00\x00\x144\
=\x008{\x82\xeb\xa9\x17\xa0\x15;\x00\x00P\x90\x00\
\x00\x00\x05\x09\x00\x00P\x90\x00\x00\xc9\xb8\x0f\x00hA\
\x00\x00\x80\x82\x04\x00\x00(\xe8\xd5\x00\xb0\xd2\x1f#\x01\
\x80\x8a\xce\xcdr;\x00\x00P\x90\x00\x00\x00\x05\x09\x00\
\x00P\x90\x00\x00\x00\x05\x09\x00\x00P\x90\x00\x00\x00\x05\
\x09\x00\x00P\x90\x00\x00\x00\x93\xcdx\xc4\xb7\x00\x00\x00\
\x05\x09\x00\x00P\x90\x00\x00\x00\x05\x09\x00\x00P\x90\x00\
\x00t7\xe3\x06'\xe0e\x02\x00\x00\x14$\x00@2\
\xfeD7\xd0\x82\x00\x00\x00\x05\x09\x00\x00P\x90\x00\x00\
\x00\x93\xcd\xb8\xb4'\x00\x00@A\x02\x00$\xe2\x06@\
\xa0\x15\x01\x00\x00\x0a\x12\x00\x80\xae<\x04\x08b\x12\x00\
\x00\xa0 \x01\x00\x00\x0a\x12\x00\x00\xa0\xa0W\x03\x80\xeb\
w\x10\x83o\x00\x00-\xd9\x01\x00\x80\xc5\x9d;\x99\x17\
\x00\x00\xa0 \x01\x00\xe8\xc6%D\x88K\x00\x00\x80\x82\
\x04\x00\x00(H\x00\x80\x04|\x03\x00hmz\x00\xd0\
\xd8\x00`<;\x00@\x17n\x00\x84\xd8\x04\x00\x00\x98\
h\xd6N\xb8\x00\x00\x00\x05\x09\x00\x10\x9c\xfbd\x80\x1e\
\xae\x0a\x00\xae\xe5\x01\xc0Z\xec\x00\x00\xcd9i\x808\
.\xd5\xa3\x00\x00\x00\x05\x09\x00\x00PP\x88\x00\xe0&\
'\x00\x18\xcb\x0e\x00\x04&\x1c\xc3\xdaf\xd6\xb8\x00\x00\
4\xe5\x06@\xc8A\x00\x00\x80\x82\x04\x00\x00(\xe8\xea\
\x00`[\x0f\x00ryiv\xdb\x01\x00\x80\x82\xc2\x04\
\x00w;\xc3\xd72\xd6\x84\x9dB\xc8\xc3\x0e\x00\x00L\
0;\xe4\x0b\x00\x00P\x90\x00\x00\x00\x05\xdd\x14\x00\x5c\
\xdf\x03\x80\x1c^\x9b\xd9v\x00  7\xc5\x02\xbd\x85\
\x0a\x00\x9a\x1e\xe4e\x87\x10r\xb1\x03\x00\x00\x83E8\
\xe1\x15\x00\x00\xa0 \x01\x00\x00\x0a\xba9\x00\xb8\xce\x07\
\x00\xf9\xd9\x01\x80`<\x02\x18x\xd455\x19.\x00\
\xf8&\x00\x00+\x8b2\xe7\xec\x00\x00@A\x02\x00\x00\
\x14tW\x00p\xbd\x0f\x00b\xbavF\x87\xdc\x01p\
\x1f\x00U\xb9\x01\x10\xd6\x16\xa9\xc6]\x02\x00\x80\x82\x04\
\x00\x00(H\x00\x00\x80\x82\xee\x0e\x00\xbd\xaf\xfb\xb9\x0f\
\x00\x00ns\xcbl\xb6\x03\x00\xdc\xcd\x0d\x80p\xbdh\
'\xb6\x02\x00\x04a\xd7\x0b\x18I\x00\x00\x80\x82\x1e\x0a\
\x00\xee\x03\x00\x80\xd7\x8d\x98g\xb7\xced;\x00\x00P\
\x90\x00\x00\xdc\xc5\x0d\x80\x90[\xf8\x00\xe02\x00\x00\xb4\
\xf7p\x00p\x16\x00\x8f\x13ta]\x11\xaf\xff\xef\x5c\
\x02\x00\x80\x82\x04\x00\x00((E\x00\xb0=\x0a\xb1\xb8\
\xf4\x07\xd7\x89<\xbf\x9a\x04\x00\xcd\x00\x00\xe6\xb8w\x06\
\xbb\x04\x00\x93\xd9\xe1\x02fH\x13\x004I\x002\x89\
>\xb7\x9a\x05\x00\x97\x01\x00`\xacGf\xafK\x00\xc0\
M\x84}XC\xaa\x00\xe02\x00\x00\x19d\x98Wv\
\x00\x00\xa0\xa0\xa6\x01\xc0\xd6 \xdc\xc6\xae\x16p\xafG\
gn\xba\x1d\x00\x0d\x13\x80\xc8\xb2\xcc\xa9\xe6\x01\xc0.\
\x00\x00\xc4\x97\xf2\x1e\x00\xbb\x000\x87\x80\x0f1\xb4\xa8\
E7\x01\x02@#\x99NP\x05\x00\x00(\xa8K\x00\
\x18\xb1M\xe82\x00\x00\x15\xb5\x9a\xb1v\x00`\x12!\
\x16\xd6\x92\xad\xa6S\x07\x00\x0d\x14\x00\xee\xd3-\x00\xb8\
[\x18\xd6\xa2\xa6\xe1\xb2Q'\xa4-\xeb\xd0%\x00\x00\
(\xa8k\x00p3 \x00\xc4d\x07\x00\x00\x1e\x90q\
\xfb\x7f\xb7D\x00\xb0\x0b\x00\x00\xb7\xe9\x1e\x00\xdc8\x04\
\xc0\xaa\xb2\x9e\xfd\xef\x5c\x02\x00\x80\x82\x86\x04\x007\x03\
\x02@,v\x00`\x02\x81\x15\xf2\xcb\xbc\xfd\xbf[*\
\x00h\xaa\x00p\x9da\x01\xc0\xcd\x80\x00\xac\x22\xfb\xd9\
\xffn\xb9K\x00v\x01\x00\xe0uC\x03\x80]\x00\x00\
\xb2[\xe5Ds\xc9\x9b\x00\xed\x02\x00\x90]\xef\x93\xe6\
%\x03\x00\x00\xf4\xb0\xd2\x09\xe6\xf0\x000\xf02\xc0\x9b\
\xe3\x15\x00R\x191+\x97\xdd\x01\xd8R\xda\xc7\xe3-\
\x00<l\xb5\xcb\xcbS\x02\x80]\x00\x008o\xd4\x8c\
\x5c\xfa\x1e\x00\xbb\x00\x00\xb4\xb0\xe2\xcd\xe5\xd3\x02\xc0\xa8\
\x84\xb3\xe2A\x03`M\x03w\xc8\xd7\xde\x01\x00\x80G\
\xadz\x2295\x00\xd8\x05\x00\x809\xec\x00\x00W\x11\
\xa4\xa9h\xe4\xba\x1f\xb9\xfd\xbf+\x13\x004/\x00\xf8\
bz\x00\x18\x9dx\x00\xe0\x1a+\x9f\xfd\xefJ]\x02\
\xb0\x0b\x00\x8f\x19YC\xc7\xff\xd6\x7f\x9c~\x02Z\x0b\
\x11\x00\xec\x02PM\xf25\xff\xf6x\xed\xe5\xcd\xe7\xa0\
\xb1\xbd\xfe\xf7\x9f\xff\x06\x06\x1b\x19vg\xf5\x83r7\
\x01\x8e<\xa8\xb0\xa2\xad\x86>\x1co\x9b\xdb\xebs\xfb\
\xc7\x03\xbc\x98\xad\xc4Sd\xc3\x04\x00\xbb\x00\x90\xc7\x11\
\xa4\x9b4\xc9c\xe8\xff\xf9\xcf\xf1\xaf`\xaa\x91!t\
\xe6\xec+\xb7\x03\xb0\xd3h\xe0q{\x93<j\xe9\xe6\
 \xb0\xff\xdf}\xfe\xe7\xf8W\x10B\xa55\x19\xee\xac\
{\xe4\x87o\xd7\x81\x99\x0c\xbf\xeb\xa8SF\xaa4\x83\
J\xee\x00\x00\xc0s\xd5By\xb8\x0002\x119\x03\
c&g\xb6\xaf\xf3\x19\xb1\xaa\x08k\xdb\x0e\x00\x00\xe5\
U<!\x0c\x19\x00\xec\x02\x000\xd0\xd0\xaf\xfdE\xd9\
\xd9\x0a\xbb\x03 \x04P\x81-n\x98o\x9b\x01#\xbf\
\xf6\xf7\xeex;\x9dK\x00\x00\x945\xe1\x04\xf0\x8f\xe3\
u\xba\xd0\x01\xc0.\x00\x00\xab\x88\xb6\xe3g\x07\xe0k\
\xdf\x1f\xaf0\x8c\xcb\x00\xe7\xf9\x5c\xe8\xad\xfa\x89_\xf8\
\x000x\x17\xe0\xb7\xe3-\x00\x0b\x1b=\xfc#\x06Z\
;\x00\xcf\xb8\x14\xc0\x0c\xcev\x81\xd1R\x04\x80\x09\xcd\
\xb1\xf7\x9f;\x05`\x12g\xff'v\x00\xce\xd8\x16G\
\xb7?w\x0a\x97\xd8\x05\xf8b\xfb,\xfe\xedx\x0bM\
\xd9\xe5\xfd\x22M\x00\x18\xdd\x1c-\x12f\x10\x02\xfe\xfc\
\x0c\xfe\xbe\xbd\xfc\xf3\xf4\x13\xe4\x16\xb9\xa6S\xed\x00L\
\xf8 \x87>\x1d\x0a\xaa;j\xfc\xd3\xe9'h\xcb\xd6\
\xff\xd7\x5c\x02x\xc1\xb6X\x86=\x1d\x0a>\x8b\xde4\
z\xd8\xff\x9b+\xfew3\x8e]\xddo\xa5\x0b\x00\xa3\
\x9b\x84E\xc3\x0c\x95\x86\xa1\xc1\xcf\x00\xc3ws3\xac\
k;\x00\xd7\xf1\x80 \x86\xdb\x1a\xc8~-|Y{\
\x834\xfc\x19\xc1n\xeeyi\x8b\xcf\xb5\x1c\x8ax\xbb\
\xad\xf5\xa5\xbe\x95\xa2\x96\x18i\xc6.n\x965\x9e\xba\
\x10\x85\x00\x8ax\xb3\xc2\x19\xccV?\xfb\x8e\x86\x1b\xfc\
\x18\xc6\xf0\x7f\x99K\x007\x98\xb1\x98`\xf3)s\xf8\
\xdc~\xf7w\xc7\xefo\xf8C \xa9\x03\xc0\xa4\xa6\xe8\
)\x81L\x911\x04\x1c\xbfs\x98?\x7fJ\x1d\xce\xfe\
_\x97\xae\xa1\x9c\xe3R\x00\x95d\xd8\x89R#\xcc4\
i\xf8\xa7\xbb\xc4\xe5\x12\xc0\x1d\x5c\x0a`\xa6}\xb8F\
\x1d\xb0\x91\x7f7\xcax\x7f\xbc\x8e\x96\xee\x12\xd72\x85\
j\xbb\x87\xaa\x22\x04R\xb5@\x14f\xc1\xf5\x96*Z\
\x07\x9e\xcaF\xaf\x7fk\x9fh\xcc\x80\xdb\x08\x00\x0f\xda\
\x0e\xbe\xaf6\x11N\xafZ0\xf4\x89jF\xff\xdf\x09\
\x00\x81H\x80\xf0\xad{\xeb\xc2\xda&\x03\xc3\xff>K\
\x16\xb7\x10\x00P\xc6\x94\x07em=?\xfd\xee\xafo\
\x0142+\x81\x02T6c\xf8\x1f\xd2_\xfa]2\
\x00L<\x1b\xf7G\x83\x00\x06\xb1\xf5\xff\x98\xa5\xb7\xad\
]\x0a\x00X\x93\xe1\xff\xb8\xa5/\x01l\x07\xea\xdd\xf1\
v\x18\x97\x02\x00\xfa\x9a8\xfc\x7f8\xde.a\xf5{\
\x00\xa6<\x83\x5c\x08\x00\xe8f\xd6\x93\xfev\xbf\x1f\xaf\
K(\xb1]m\xab\x08`\x09o\xb7~\xfe\xe1x?\
\xd4\x8a\xfd\xbc\xcc\x80\x12\x02\x00r\x9b\xd8\xc7\x97|\xe0\
\x9b\xaf\x01v\xe6r\x00\xc0\xe3&\xf7\xd2%\x9f\xf6Z\
&\x00L>\x13\x9fy\xcd\x0a \xb5\x99\xc3\x7f\xe5]\
\xdcr\xdb\xd3\x13\xb7\x90\xf6o$L\xb9)\x11 +\
\xc3\xbf\x9f\x92\xd7\xa7'\x86\x00\x7f8\x08\xe0J\x86\x7f\
_%\xef\x018\x06\xf1p\xdbb\x9e\xf5\xc8J\x80T\
&\x0f\xff\xa5\xbe\xef\x7fI\xd5\x9b\x00\xa7\x9d\x85\xcf\x5c\
\xd4\x00\x19\x04\xe8\x93K}\xdf\xff\x92\x92\x97\x00>\xb3\
\xbd\x04\x10\xcb\xec\xe1_\xa97\x97\x1fBB\x00@\x0c\
\x86\xffX\xe5\x9f\x030\xf3\x80\x07\xd8\xe6\x02\x88b\xea\
\xd7\xa5\xb7Y0\xe5\xde\xb0\x99<\x08h\xb3\x1d\xf8i\
7|\x08\x01\x00\xdf\xbd\xdfz\xe1/\xc7\xfb\xe1\xb6\x19\
\xf0\xe3\xf6R\xee\x1bZ\x02\xc0\xc9\xd4\x1b>\x84\x00\xa0\
\xb0\xa9\xc3\xff\xf0\xeb\xf1Z\x8ak\xd0O\xcc\x1e\xc4\xd5\
\xae?\x01\xe5M\x1f\xfe\x95\xfb\xae\x81\xf3\x8c\x10\x000\
\x84\xe1?\x99as\x86\x10\x00\xd0\xcf\xec\x1e\xbb\xd3g\
\xdd\x03p\xd6\xec\x85q\x14\xc7\x9b\xd3O\x00\xeb0\xfc\
\xe3\x10\x00.\x08\x10\x02\xf6\xc7\x06\x0b\x01\xc02\x82\x0c\
\xffr_\xf7\xbbD\x00x\xc1\xec\x85r\x84\x80\xb7\xa7\
\x9f\x00\xf2\x0a2\xfc\xf7\xbf\xca\xea\x0f\xb2\x1d\x04\x80\x97\
}\x0a\x10\x02>l/B\x00\x90V\x90\xe1\xbf\x7f\xd7\
\xdf\x9fd\x7fB\x00x\xdd\x1e\x02\xf6\x853\xcd\x11\x02\
\xfeq\xfa\x09 \x8f \xc3\xff\xa7\xed\xa5\xe4w\xfd_\
\x22\x00\x5cg\xfa\xc2\xd9\x8a\xe8\x7f#\x14\x12\xc0\xb5\x02\
\xf5\xac\x9f\x8fW\x9ep'\xe4\x0d\xa2,\xe6-\xcd:\
n@h\xfae|v\x00n\x10e!\xd9\x09\x00\x02\
{c\xf8\xe7 \x00\xdcH\x08\x00\xb8\xe8\xed\xd6\x9b\xf6\
o/Mg\xf8\xbf\xce\x07t\xa7@\x09w\xff\x96\x82\
\xaf\xb5\x00SE:)1\xfc\xafc\x07\xe0N\x81v\
\x02\xf6\xb4\xfd\xfd\xe9'\x80\xf1\x0c\xff\x9c|P\x0f\xb2\
\xf0\x81\xca\xf4\xc0\xbc|X\x0d(\x00\xa0\x22\xbd/7\
\x97\x00\x1a\x88\xb4\xf0\x8e\x82\xf47\x04\x80\x9e\xf6\x9b\xfd\
\x0c\xff\xe4|h\x0d\x05+\x88\xfd\x99\xd7\x1e{\x094\
\x15\xa9\xcf\xed\x0c\xff\xfb\xf9\xe0\x1aS\x1c\xc0\xaa\xf4\xb7\
\xb5\xf8\xf0:P$\xc0j\xf4\xb5\xf5\xf8\x00;\x09X\
,.\x09\x007\x8b\xd6\xcbv\x86\x7f\x1b>\xc4\x8e\x14\
\x0e\x90\x99\x1e\xb66\xdf\x02\xe8(\xe2B=\x0a\xda\xb7\
\x04\x80\x97\x84y\x9e\xffS\x86\x7f[>\xcc\x01\x22\x16\
\xd2N1\x01\xcf\xe9Wu\xf8@\x07QT@t\xfa\
T->\xd4\xb1\xdeo\x05\xf6\xcb\xf1>\x8c\xad\xb8\xfc\
A!(,\xf0\xe0\xffi{\xf9\xf9\xf4\x13\xad\x09\x00\
\xe3\xedO\xd0\xfap\xbc\x0fE\xca\x86z\x02\x0f\x7f\xdf\
\x5c\xeaL\xc3\x9f$p\xd1\xd9\x0d\x80\x02\xa2\xf6\xa0\x9d\
>4\x86\x000Q\xf0\x02\xb46`Qz\x0f;\x1f\
\xf4dR80J\xe4~\xb33\xfc\xc7\xf2a\x07\xa0\
(\x81\xde\xf4\x19\x9e\xf3\x81\x07\x11\xbd8w\x0a\x14\xf2\
\xd1[\xb8\xc4\x87\x1eK\xd8o\x08|\xa6P!\x8d\xfd\
i~\x1f\x8f\xf7!m\xfd\xe4\x87\xed\xe5\xf7\xd3O\x8c\
\xa6\x99\x07$\xb1\x03\x8fH\xd2C\xdcc4\x99&\x1e\
T\x86\x02\xde\x09\x02\x10\x87\xbe\xc1-\xfc1\xa0\xa0\xb2\
\x14\xc8\xd1p\xfcq!\x98+\xe4\x1f\xef9\xc7\xf0\x8f\
\xc3\x81\x88/\xfcu\xbc\xcf\x146\x8c\x97h\xf0\xff\xb8\
\xbd\xfcz\xfa\x89\x084\xec$\xb2\x14\xf9N\x10\x80\xfe\
\xf4\x04\x1e\xe5\xa0$\x92\xa9\xe0w\x8a\x1e\xda\xd3\x07h\
\xc5\x81I&[\xf1\xef4\x00x\x5c\xc2\xc1\xef+~\
\xc1i\xccI\x09\x02P\x83Z\xa7\x17\x07)\xb1\x8c\x8d\
a\xa79\xc0\xeb\xd47\xbd9P\xf9\x85\x7fz\xe09\
[\x93\xf0\x10\x108#\xf1\xe0\xb7\xe5\x9f\x8c\x00\xb0\x88\
\xacMc\xe7\x8c\x01\xd40\xe39h\x0b\xc9\xdc@v\
\x9a\x08\x15\xa9[fq\xe0\x16\xa4\xa1@|\x0b\xd4\xa9\
\xcbx\xc9i\xb4\x8b\xca\xde\x5cv\x82\x00+R\x9bD\
\xe1 .n\x85f\xb3\xd3p\xc8l\xa1:t\xd6\xbf\
\x10M\xb5\x80U\x9a\xcfN\x10 \x13\xb5Gd\x0eh\
!+5\xa3\x9d\x86DD\xea\x8c,\x1c\xd8bVk\
N;\x0d\x8a\x08\xd4\x16\xd98\xb8E\xad\xd8\xacv\x1a\
\x16#-\x5cG\xae\xf5\x17\xa0Y\x16\xb6j\xf3\xfaL\
\x18\xa0\x07u\xc3*\x1ch\x96oh;M\x8dG\xa8\
\x11V\xe4\x80\xf3\x97\x0aMn\xa7\xd1q\xad\x22\x83\xdf\
v\x7fQ\x1a!_\xa9\x12\x02>\x13\x06x\xca\xfa\xa7\
\x12\x07\x9f\xb3\xaa5\xc2\x9dfX\x93\xb5NU\x16\x01\
/\xaa\xd8\x1c?\xd3$\xd7dM\xc3\x89\xc5\xc0U*\
7\xcd\x9d\xc6\x99\x9b\xf5\xeb:?\xdf\xd2\xd4\xb8Z\xf5\
&\xfa\x9cP\x10\x93u\xfa5\xeb\x94K,\x0cn\xa6\
\xc1\x9e\xa7\xd1\xcea=\x9eg=\xf2\x1a\x0b\x84\xbbi\
\xbc\xd7\xd1\x88\xdb\xb1\xe6^g\xbdq-\x0b\x85\x87i\
\xca\xb7\xd3\xa4_fM\xdd\xce\x9a\xe2V\x16\x0c\xcdh\
\xdamTi\xe4\xd6K\x1b\x06?\xf7\xb2phNc\
\x1f#j\xe3w\xfc\xc70\xf8y\x94\x05D7\x06\x01\
\xb4g\xf0\xd3\x8a\x85Dw\x82\x00<\xce\xe0\xa75\x0b\
\x8aa\x04\x01\xb8\xcd6\xf4=\xc0\x87n\x04\x00\xa6\x10\
\x06\xe02g\xfb\x8c`\x911\x95 \x00_\x18\xfc\x8c\
d\xb1\x11\x82 @e\x06?3Xt\x84#\x0cP\
\x81\xa1\xcfl\x16 a\x09\x02\xac\xc8\xe0'\x0a\x0b\x91\
\x14\x84\x0123\xf4\x89\xc8\xa2$\x1da\x80\x0c\x0c}\
\xa2\xb3@IK\x10 \x22\x83\x9f,,T\x96 \x0c\
0\x93\xa1OF\x16-\xcb\x11\x06\x18\xc1\xd0';\x0b\
\x98\xe5\x09\x04\xb4`\xe0\xb3\x1a\x0b\x9aR\x84\x01na\
\xe8\xb32\x8b\x9b\xb2\x84\x01\xce1\xf4\xa9\xc2B\x87\x83\
@P\x93\x81OU\x16>\x5c \x10\xac\xc9\xc0\x87\x13\
\x85\x00W\x12\x08r2\xf0\xe1<\x85\x01\x0f\x10\x0ab\
1\xec\xe1z\x8a\x05\x1a\x13\x0a\xc60\xec\xe11\x0a\x08\
\x06\x11\x0c\xeec\xd0C\x1f\x0a\x0b\x02\xa8\x1e\x0e\x0cy\
\x18O\xd1A\x12YC\x82\xe1\x0e1)L(\xe4\xde\
\x10a\x88\x03\x00\x00\x00\x00\x00\x00\x00@D\xdf}\xf7\
\xff7LY\xa7\x97\xd8@\xa4\x00\x00\x00\x00IEN\
D\xaeB`\x82\
\x00\x00\x16\x8d\
\x89\
PNG\x0d\x0a\x1a\x0a\x00\x00\x00\x0dIHDR\x00\
\x00\x00a\x00\x00\x00a\x08\x06\x00\x00\x00\xc6\x06\xcf\xa3\
\x00\x00\x00\x01sRGB\x00\xae\xce\x1c\xe9\x00\x00\x00\
\x04gAMA\x00\x00\xb1\x8f\x0b\xfca\x05\x00\x00\x00\
\x09pHYs\x00\x00\x0e\xc3\x00\x00\x0e\xc3\x01\xc7o\
\xa8d\x00\x00\x16\x22IDATx^\xed]\x09x\
\x14\xd7}\xff\xbf7\xb3;\xbb\xabku\x0bI \x01\
\xb2\xb8,@\x1c\xe60\xb6\xc4a.\x1b\xd3:\x86\x18\
j'n\xdc8\xae\xdb\xd4N\xea\xa4\xf6\xe7\xb6\x84\xaf\
_\x127W\xe3\xd8N\x1c'\xcd\xf1\xa5NL\xe58\
\x0d$8\x18\x9b\xc3\x1c\xb1\xb1$\x03\x02\x0cH\xa0\xd5\
}\xdf\xab=\xe6z\xfd\xbf\xd1\x88\x00\x92\x16I\xbb\xab\
\x03\xf1\xe3\x1b\xb1\xfbf4\xf3\xe6\xff{\xff\xeb]\x22\
0\xc6\xb0\xe3\xbe\xfb\x1c\x19\x85'\xe7l\x14-\xd9\x02\
\x11\xa2\x81\x01\x91\x99n\xa9\xd4\xd5\x99S\xa8\xb8\xc4B\
h\x02eL0/\xef\x03\x06\xe0\xeb\x00v\xce\xab\xb3\
\xa2\x14Ah4\x8b\x01_\xd4_\xaei\x95\xbf\xf3+\
\xe7\xbe\xd1Z]c\x16\x8f\x09\x8c:\x09\x7f\x9f\x93\x13\
\x9b\xdf\xe6\xbem\xb9\xc5>\x05\xa8\xee\xf0h`k\x97\
\xbd\x0b\xa7\x82\xb8\x84P\xe2\xc4K(\xbf\x0e+*1\
`q\x04\x88\xc8\xbf\x0f\x04$\x81\x11`n\xc6\xa0\x13\
\x08\xd1\xcdb \x8c\xc9n`\x97\xeat\xed\x83\xc9D\
\xb8\x0c6\xab\xbfZ\xd5\x1b\xdf\x95\xd8\x85\x7f--\xad\
\xc5K\xf0WG\x07\xa3B\xc2_\xa5\xa6\xc6?\xc4l\
3W\xd8l\xa9M\xa0'\xfb|\xde\xc5\xd3\x89\xb8\x00\
\x85\x1e\x8d\xb2\xe0B\xb7a\xd5P\xe0=\x04\x84\x0c\x0c\
|\xf8\xa3\x8d\x11\xa2\x02c\xaa\x02P]\xc9\xd4\xe3\xa9\
\x94\x96\x5c\xa0b\xc3\xcb~\xb9l\xfe\x13\x8fV\xee\xdc\
\xb9\xf3\x0ay#\x81\x11%\xe1\xd9\x993\xe37ht\
\xba\xcf\xe7\x9be\x91\xe5\xd59\xa2m>\xd6\x80\x0b>\
\xd2\x14\xfa\x88\xd6\x87\xa1v\xe0\x03\x9b\xd1\xe2y\xba\x99\
^\xf3\x91\xe2?\x9cb\xb3\x1f=$\xa8\x17\xd5\xcf~\
\xb6j\xa4\xc8\x18\x91\x97\xe6\xc2\xbfG\xb0\xa5\xd3\xe6\xb6\
\xdcXJ\xf3\xd3\x04!\x97\x81\x9eF\x80\xc6\x99\x97\x18\
\x18i\x12z\xc1M\x18\xd7\x0c4_\xb5\xaa\xaeW\x9c\
g\xdaA&Y\x0e\xfe)\xca~\xa9|\xe6\xcc\xba\x82\
\x82\x02\xcd\xbc4,\x08\xebK?\x98\x95\x95\xf8\x05\x8b\
#\x9d\xb4\xb7/\x98D\xe8\xaa$\x22\xce\xc5\xb7M%\
\x84\xc4\xf2\xf3\xa3%\xf4\x81\xd0K\x06\x9a\xabz\x9d1\
\xd7IU>\x8c\xbe\xe3\xc0\xc1\x08\xe7%[bd\xed\
\xce\xc3\x87U\xf3\xd2\x90b\xc0(#\x18\xac\x9d=;\
\xee\xbf'O\xcfJil\xce\xcb\xf0\xab\x0f\xcf\x10,\
\x9b\x1d\x84,D\xe1O\xc1\xc3\xce\x85?\xd6\x08\xe00\
\xeaE\x08\x97I4%\x906I\x10\xa7%kl\xbe\
\xde\xd5\x117EQ\xd5\x88\xa4\x04y\xd3\x9c9\xbe\xc3\
\x15\x15!5S\xa1&\x81\xec\x9867iZsC\
^\xaeG\xfe|\xae\xd5\xba9\x0a\xe8\x22t\xb8\x93\xc7\
\xb2\xf0\xafGO=\x09\x0f\x0a8\x19\xe9S\x04!+\
E\xd6r\xa9\xdbmw\xb56\xb7\xe4l\xdf\xde^T\
T\x142\x22BE\x02\xc9\x9b7\xcf\xf9Jj\xe6\xd4\
\xf8\xd6\xc65\xab\xad\xf6\x07\xe2)]I\x08\xcd4\x85\
\x8f\xef2\xf6\x85\x7f=\xae\x90AH42\x926U\
\x10\x93c\x18\xb1\xdfv\xd9\xe5\x15\xd3\xb3d\xe7\xec\xdb\
|\x15!\xd0\x8aP\x90@\xee\xcb\xce\x8e\xcf\xaa\xacY\
\xbdN\xd6>?\xc7b\xb9_\x02\x92\x8b\x048\xc7\xab\
\xf0\xaf\x87A\x067S\x84$&Q2-E\x87\x5c\
\xa5\xbd9\xaa\xac\xb1\xaei\xfb\x1dw\xb4\x07k\x9e\x82\
%\x81<\xb6ti\xecdWU\xfe\x93\x91\xce\x87\x12\
\x04\xba\x1a\x85\xcf\xed\xbe\x8d\x13`^s\xd3\xa0\xe7\x9d\
P+\xd0D\xdd&X\x93\xa3u\xa6\x156\xb64d\
\xdf\xb7\xa1\xed\xdc\xb9s\xc3N\xf6\x86M\xc2\x8e\x1d;\
\xe8\x02\xbf?v\xf2\xc5\xcby\x8f\xd8\xa3>\x8d\xa1\xe7\
*$\x80\xc7\xfa\x02o9\xe6e7\x1d\xf8\xbbq\x13\
\x85?\xe23\x0411\x92\xe9\xac\xb9\xbc\xaan\xca\xbd\
\xeb;\x86K\xc4\xb0H\xe0\x04H{\xf7\xc6\xa6\x97W\
\xae\xdad\x8dx(\x86\x12n\xffC\x9f\xe1\x8ea\x98\
D$\xa4\x111)\x12t\xe6\xbf\xe4j\xcc\xbfc\xe1\
\xb0L\xd3pH \xeb5\xcd\x99\xee\xaaZy\x8fh\
\xdb\x1e9\x01\x09\xe8E/\x11\xc9DH\xc2\x86\xc8\x9a\
\xba\xda\x9a\x9ck\xd7\xb6\x0eU#\x86J\x02yv\xf1\
\xe2\xb8\xe9H@\x1e\x95\xb6\xd9\x08]I{\x1cp\xb0\
\xbee\xdc\xc2 \x02 >\x9e\xd0\xe4HU'JC\
mC\xec\xda\xb5C\xf2\x11\x83\x16\x1e7A\xcbZ5\
gZ\xb5k\xe5:\xd4\x80\x1e\x02\xc8\x84&\xa0\x17<\
r\xe2>\x22\x0e\x84d\x8b\xaaju\xa5\x97\x9b\xd7\xfd\
\xcb3-\x87\x0f\x1f\x1e\x14\x11\x83\x15 \xc9B'\x9c\
RQ\x96\xf7\x80%b\xbb\x83\x13@\x0d\x02&\x9c\x09\
\x1a\x08=\xf9\x04\xc4%\x80\x90\x18#0v\xe0\xfdC\
\xf5\x0f<\xf7\x5c\xdb`\x88\x18\x0c\x09d\x1b\xe6\x01\x19\
U\xb5\xf9\xdb\xa5\xc8m\x18\x9f\xe5SJcoi@\
_\xfc\xc54\x89IQD\xd0\x7f\xf9\xde\xc1\xa6\xe5\x0f\
l\xbe\xa1i\xba\xa1 \xb7,\x5c\x18\x13\xe5\xaaZ\xfd\
dD\xf4vgO\x16|\x8b\x80\x00\xe0\xa6\x09\xcdC\
l*f\xd7\xe9\xa2\x00\xbf9\xfdqC\x8b\xa65\x9b\
\xa7\xfbE@ar?\xb0\xe1\x93\xcb\x937*\xea\xe7\
\xe3\xa9\xb0\xa67\x0f0O\xdf\xc2\x00\xe0D\xa0\x90b\
'\x89\x96\xb8U\x92\xad\xaes\xe3\xba\x92@\xda\x10H\
\xa0dy\x87\x96\xe0\xac\xafX5G\xb0\xde\x8fN8\
\x03\xd5\xed\x16\x01\x83\x05!\x22f\xadV\x0d\x88\xaf\xa5\
\xbc\xec\xd2\xc1\xee\xee&\xf3L\x1f\x0c(\xd4\xcf\xce\xcb\
s&\xba.\xe4\xad\x97\x1c\x0f\xda{\xba\xa1\x8d^P\
\xf3\xf4-\x0c\x0eV\x8c\x22#\x88N\xfc\xe5\x0ak\xa8\
\xd2\xe4V\xb3\xfc\x1a\x0c$T\xb2k\xf9\xf2\xec\xb9\xae\
\xba\xe7\x13\x08\xd9\x80\xfef\xc4\x921F\xf11\xfc\xc0\
\x98\xcf8\xf03\x1be\xea\x89\x8e\x96DU\x014l\
\xd7f\xd9`\xc1\x87P\x15`g\xaat\xf5\xd5\x8a\x15\
K~\xb6\xb5\x9fQ\xba~\xef\xf9xvv\xc2\xdc\x96\
\xce\x0d[m\x8e/\xa3\x1f\xc8\xc1\x8b\xc2j\x86\x0c\xc1\
\xa3\x15eV\x0b\xc0\xa4\x14`\xab\xf2\x80FD\x00\xb1\
X\x80Z\xadx\xce$e4\xc0\x180E\x05\xa5\xbe\
\x01\xe8\x9e\xbd@\x9a\x9a\x87CDk\xbd\xae\xed\xfeV\
W\xe7\xb7~\xe5n\xfd\xc4,\xbe\x82~\xef\xb7o\xd1\
\xb2\xdbSjj\xbf\x9aB\xc4M\x98\x0f\xc4\xe0Ea\
\x91\x80!|\x144\x99=\x13,\xf7m\x041>\x16\
\x88\xd3\x09\x905\x0d\x88dC\x05\xc4\xd0\x9b\x13\xc0\xaf\
\x1bM\xa0\x06\xc8\x0d\x0d\xe0\xff\xe6w\x81}\xf0!\x10\
\xbfl\x9e\x18\x1c\x90\x04Efp\xde\xa5\xa9\xdf\x7f\xe7\
\x89G\x7fq\xfd\x04\x82>\xc2\xfd\xd2\xec\xd9qK[\
\xdb7\xad\xa2\xf6/\x01%\xb7\xe3\x05a\xd1\x02&Y\
\x81,\xc8\x05\xeb\xc6u fL\x06q\xfe<\x10\x22\
#Q\xe8\xbc\xdb\x9e\xd3\x1e\x16\xde\x87\x07\xd4\x06\xdd\xed\
\x06\xf7w\xfe\x0b\x94\xb7v\x03\xb4w\x98'\x06\x0f\xbc\
E[\x07\xe8o\xed\xd2<\xdf{\xbe\xbe\x9ek\xc3\x95\
h\xa9O\x13\xbb\xdf\x11\x93:\x93ZV\xe3\x15S\xf0\
k\xc8\x9b C\xe1\xb2\x08\x07\xd0\x15\xcbAzd;\
H\x9b\xef\x03\xe9\xae\x15 \xc6\xc4\x00\x15E\xa3\xf5\x8f\
)\x028\xb0>\x04\xebF\x1d\x0e\xe3\xff\xe1\x81E:\
\x18Y\xb4\x86\xd8\xee\xc4\xd0\xff\x9a\x86}\x8d\x90\x9f]\
\xbc8\xde[]3?\x95\x8as1\xf7\x0b\xb9\x192\
\x08\x98\x97\x03\xc2\xe3\x9f\x03\xfbc\x8f\x82mU>X\
\xa2\xa3\x81\xf2\xd6?\x16\x85\xdf\x07\xc3\xaf\x1fj\xb7\xc5\
B\xc8\x94DJ\x96[_~-\x8b\x17\xf5\x9c\xb9\x8e\
\x84|\x8f\x92\x9eN\x84\xd5\xa8:\x93\xf1kh\x09\xe0\
?\x96,\x02\xeb\xa7\x1f\x04\xfb\xb6\xad -\xbd\x03\x04\
\x87\xdd0?c_\xf8\x08\xfe\x02z\xb0\xc3\xc9,\xc2\
\xc6\xe8\x82|\xc9\xba\xfcjm\xb8B\x02\x9f\x9a\xe8\xee\
\xe8\x983I \xf3\x905\xde9\x17R\xc9\x10\xd4\x00\
\xcb\xe6M \xad^\x09RR\x12P\xee\x90\xc7\x83\xf0\
9x\x84\xc4\xff!\x09\xe8d\xcd\xc2\xa1\x03\xdf\xd7\xca\
\xb5!\x01\xc8\xb2\xd2\x1f\xfd\x88\x9b{C\x00WH\xd8\
\x22EL\x8f\x95\x95\xb5\xf81\xf4Z\x80\x02\x17\x96-\
\x01i\xcdJ\xb0\xc6\xc7\xf5\xb4\xfe\xf1\x06.|\x8c\x92\
\x8c\xff\x83\x02\x8b\xb0\x13\xbah\xbd.\xac\xdc\xb1e\x0b\
\xc6\xe4W\x91\xb0Dr$\xce\xb5Js\xb1(>\x94\
Z\xc0\xfd\x00]\xbc\x00,\xf3\xe7\x82%\xc6\x19\x84c\
\x1b=\xf0\xd6\xaf\xfb|\xa0wtb\xd2\x16\xdc\x8cH\
\xee\x1b\xd0\x08O\xd9 E\xcc\x9bmN\xf17\x84\xfd\
lNN\xec_w\xf9\x1e\x9c\xa6\xe8\xcf\xe1U\x99\xa1\
$A\xcb\xce\x02\xdb\x13\x7f\x07\xf6u\xf7\x80\xc8C\xd0\
\x001\xbf\xa1\xea\xa8\xf2:f\xa7L\xc1<\xb3\xcb\x0d\
\xfa\xc5\xd2\x9e\x168\x8a`\xf8|\x15\x935\xff\xff\xfe\
\x16\xd8\xb9\xf3@\xe4\xa1\xe5\x09}\xc1\xba<:{\xe7\
\x17\xc4\xff\xdc\xbf\xd7\xd4\x94\x19\xc2.\xc8\x9a\x95;\xb5\
\xdb\xfb\xc5\x0cA\xd8\x84\xf2\x0f\x99&\xf0dL\xff\x9b\
\xad\x10\x81\xd1\x90##\xf3\x86>\xc0xYw7(\
\xe5.\xd0N\x9d\x06\x1d\xb3S\xed\xc81\x00\xbf\xdf\xbc\
b\x94\xc0\x1b\x06\xcf\x0dZ\xdb\x8c\xba\x04+\x1cll\
\xb2\x0f\xd8\x99\xe3\xaa\xfc\xc3\xfa\xdc\xdb\xff\xc7\xb8_\xd9\
\xccy\xf7\xc6\xb8\xdd_G\xd9\xcf\x0d\x15\x01\x1c\xba\xcd\
\x06\xd6\xa7\x9e\x04\xc7\xc3\xdb\xc0\xc23\xe1\x01`\xa8;\
f\xa1je%('\x0a\xc1\x7f\xe6,\xb0\xdf\xff\x11\
\x88\xc7\xc3O\xf6\x1c7\x19\xf0\x95\xda\x19a\xbb\x8e\xaf\
\xcd\xfb\x8ai\x1b\x98D\x18D\xf5|\x0e!\x90\x04\x11\
\x85/\xd8\xedfA_p\x02\xb8\xe9Q\x5c.\xf0\x14\
\xfc\x16|\xdf\xf86\xc0o\x0a\x80`\x86j\x84\x847\
!\x01\x1c\x840\x910\xe2\x94\xbb\xba(\xdd\x91\x97\x17\
\xe9\xf5y#\xf1U\x076\xd6\xc3\x00\xef\xf9$\x99S\
\x80&'\x19\x1dq\x03\x82\x9b\xa0\xbaz\x90\xdfy\x17\
\xb4\xd7w\xfdE\xf87?\x88\x82\xb6\xa2\xf3L\x99\x93\
f\x97W\xcf\xe8\xf6+K\x90\x1a\x87y24\xa0\x02\
\xd0\xbb\xef\x04:{V@_\xa0\xa3\x93\x93O\x97\x80\
\x82N\x8f\xa0?\xb8Y[\xfe\xf5\xc0\xd7\xb4`S\x9b\
\xeclk\xb9\x9b\xde-\x88\x99S\xa9\xb0\x04\xcb\x13B\
\xe9\x0fx\xf73A3Dl\x12\xdeu\xe0\xdbj\x18\
\xfa)\x0d\x8d\xc0\x1a\x9b&\x0c\x01\x1c<q\x93\x80N\
G\xf9/\xa5\x02\xa3\x0e\x0cV\xf9\xca\x99\xd0\x11\x80`\
\xc6\xedn|K\xbd\xad\x1d\xb4\xaaj\x0c\xfb\x14\xb3d\
\xe2\x00\xdb&&\xd04\xc1\xf0\x03\xa1\xf6\x07\xd7\xe2\x06\
D\xb8*\x00\x0e\x1c\x9a(~\xa0?\x18\xabQF\x17\
\x5c\xf8|\x90d\x02\x99\xa2+@s\xa12\xddB\xfd\
\xb2/@\xe8r\x0b\xe1\x05\xa32\x83\x14\xda\x00:O\
\xd0\xd0{\x8e\x1fp\x9da|L:*\x12Xtt\
x\x8fH|\x06\x06\x19\xe1\xd0S\x86\xce\xd9NH6\
\xa9M\x9d\xfe\xa1\x85@.\xefX2\xcf\x85\x04\xba\xd5\
\x0a\xe2\x97\xbe\x08\x11\xdb\xb6\x1a=\xa7\x03\xc1\xb7\xff=\
p?\xff5 \x98+\x0c\x06\x8cw\x00&\xc6\x03\x89\
\x8b\x03m\xf5J`\x09\xf1!\x0e)\xae\x83\xcf\x0f\xc2\
\xfe\x03\x00\xd5\xb5\x00MM\x18\xdc\x87<\x80\xf0\x90\xa6\
\xb4\xe9\xe5H@\xa6Y\x102\x84\x83\x04\xde#\x0b\x98\
\xfc\xd9\x9e\xff*H9\xb7#\x11\x18\xd4\x05J\x04C\
\x01T\x01\xd6\xd1\x01\xb2\xab\x12|\xdf\xfe\x1e\xb0\xd3g\
\xd0\x90\x87t9\xb3\x87\xafL\x1c7\x9d\xfb<\xe9#\
\xb1N\xb0\xce\xc8\x0613\x03\xc4\xd8X\xa3g6\xac\
\x07\x9a<1-\x15l\xb7\xcf\x02\xcb\xac\x99@\x1c\x03\
w\xc1\x0c\x17\xa3\x1f\x1d\x0d\x05\xbc\x1b\x9c\xcfG\x92\xd0\
\x85\x05\xe8\x12\x0f58\xf9|\xfe\x13\x89\x8e\x0a\x8b\xe6\
\x8d/\x12\xb8\xf0\xd7\xe4\x038c\xcc\x82\x11\x04_~\
\xd0;\x1d'\xc4\x18_$p\x01pG\xccg\xe5\xdd\
D\x18_$\xdc\xa4\x18_$\xf0\xac\xda\x18c0\xbf\
\xdf$\x18_$\xf0a\xcew\x0f\x01\xb4\xb5\x1a\x84\x18\
\x03BA\x1c\xf8\xc3\xbc\xf1\xe8\x80\xd7@g\xa0P\xac\
N\xb7Y6\xe6\xc1\xc7\xa0\xd9'\xe7A\xae\xa8\x02\x15\
cw\xad\xab\x0b\x0f\xf7\xf0\x0e7\x1e^\xaf1\x9e\xc1\
\xe7\x13\x8d\x0a!\x8c)\x0ac.r*%\xf37\xa9\
\x82\xb8\x1e\xb3\xce\x90N{\x0c[\xc6,Y\x81\xe6\xce\
\x07:%\x1d\x88\x05\x1d\xf4pk\xccs\x8e\xf44\x10\
\xef\xdd\x00Rb\x22P\xbb-`\xe4\xc3\xbc>\xe8\xfe\
\xc1+ \xbfQ\x00\xac\xb9\xc5,\x0d\x12\x0c\xbc\x0a\xe8\
\xfb\xc9\x9fS2\xfe9K\xb4<\x85E\xe9\xe3\x81\x04\
\x0e#sF2\xf8\xe8\xdd\xf0k\x8c\xbf\x88q?\xbd\
w=X\xb7~\x0a\x1c\xd3\xa6\x02\xe1\xb9\xc0\x00D\x84\
\x85\x04\xcc\x96Q\xff\xfeH3l\x8eFT\x8b\xd1\x9d\
\xd83D\x104\x1d\xc4\xe77fc\x90\xee\xe1\x1e\xdd\
\x06\xf1\xfa[\xbf\x07y\xcf^\xd0\xf0\xfbh\xe1V\x88\
\xda\xd9\x09\xf0Q!\xe8\xbd\xd3kF\x01T'\xc4\x87\
\x1a\xe83\xbfO<\x18!\x8a\x8eN\x7f4F\xf6\x0c\
\x0b\xe4\xa1\xa7u\xb9\xaa\x9d\xe9\xe7\xb1\x80\xdb\xa7\xd1i\
\x0a\xa3\x09\xee\xa0\xd1\xb7\x18\xcb\xb2\x02\x82K't\xe2\
\xc1\x10Y\x96\x19\xd4\x96\xeb\xeaY\xfa\xbe],\xadQ\
\xb5\xe3X\x9b~\x97w\xde\xf4\xa0\x14\x88\xcd\xd6\xb3@\
q \xa7\x8c\xc27\xb4\x85\xcf\x8f\xe5+9C\x00|\
\x14F\xa7p\xe9\xb8\xee;D_8\x7f\xbe%\xdda\
\xbf\x8cO\x0a\xcb\x9e\x9fc\x19\x5c\x9c$9\x09\xe8\xa2\
\x05 \xd8\x03O\xbb\xe2\x04\xe8|^\x94\x16211\
+%\xee\xd4\xbb\xee\xba\xd8\xa3\x83VIFf\x82\x9d\
j<\xee@\x12\x13\x80\xe6\xdf\x05\xd6\xcd\xf7\x1a\xe3\x04\
\x03\xe6\x09\x5c\x13\xb8\x16\xf0\x08*\xc8\xa9\xf1\xbd`\x8c\
\xf0\x1by\xf9g\x83\x84*Uov\xeb\xcc\x85M\xc3\
\xc7-\x1f/\x1b)\x90\xd8X#i2\x96\xd3\x8e\x10\
\xf8\x0b2\xfe\xdc;\x97\x81\xf53\xdb\xc1\x9a\x94d\x98\
\xa5@\xd0\xfc~`\x98e\xf3\xac=X\xa0y\xc3L\
Yon\xd4\xd52\x9f$\xa9\xc6\x93\xdf`\x9eK\x17\
u\xe5\x08\xe6/\x03\xee\xbf\x10.\xd0\xdb\xa6\x83\xf0\xd0\
\x83\xc0\xa6f\xf4\x0c\xa8ck\x0c\xeb\xc1W\x09\xa5\xa6\
\x00\xd9\xb8\x16\xc4\xc7\x1e\x05)-\x0d\xa8$\x05\xce\xf9\
\xd0\x1f\xa8\x9d]\xa0\xf3\xa9\xf1!\x18c\xc6j\xf84\
\x02g\xf7)\xfe\x83^\x87\x83o\x9a\xde\x83\xd2\xcc\xec\
\xcd\xb1\xaa\xf6\x02\xa6A3\xb00`\x9d\x06\x83\xc1f\
\xcc\xbc\xef\xc6\xdf\xd8\x08\xbe#\xc7\x80\xfdnO\xcf\xf6\
\x05\xe1\x02\x1f\x94\xb1I@sn\x07\xcb\x03\xf7\x835\
5\x15\x04s\x94.\x90)\xd2\xbd^\xe8z\xfb\x1dP\
_|\x05X\xb9+h\xe1\xa0oo\xc3\xc7\xbd\xb9k\
Y\xee\x97\xff\xb1\xa0\xc0}\xe5~\xefM\x9f\xb3<\xd3\
\xeb\xf9\xb7\x18\x22\xe43\x02R\xb0D\x0c\x96\x04\x0e\x1e\
y\xf09\xa9*\xb64f\x90\x10\x06\x8b\x88o\xcd\xd7\
IS\xbb\xdd\x10<\x9f'\xcb\xcb\x8c\x97\x1c\x88\x00\x04\
\xaf\x9b\xda\xd0\x08]_y\x0e\xf4\x0f\x0b1S\x0f.\
\xa5\xe2\xa6\xc8\xcftW\x0b\xd3\x7fQ\xbc6\xff{\x7f\
\xfb\xcb_\xfa\xae\x0c\xf27\x08v5J\x95\xa3\xb3\x05\
\xf16\xac\x14\xdfP$(\x12\xb8\xda\xd3eK\xc0\x9a\
3\xc7X*\x1b\x08\xbc\x15\xf2\xb5lBd\x04\x881\
\xd1\xc6\xc2\xf2\x90\x1f\xd1x\xdf\xc8H\x83\x04c\xbc\xb8\
\xb7\xf5\x07 \xc0p\xc8\xe8\x03|\xe5\x15\xa0\xfe\xfe\x0f\
(\xa4F\xa3\xcb$8\x10w\x07c\xc7\xfe\xa3\xab\xbd\
@t\xd8*\xf9\x16\x9eW\xbc\xd1\xbe\xe6\xca\xba\xf4H\
\xc7\x11?@\x19>\x1c\xf3\x88\x11v\xd0(\x0c\xbe\xa8\
\x9c\xa2p\xc2u\x18\x82\xc7#\xa0\xe0{\xc1\x09\xe0\x1a\
\xda\xd9\x09\xbe\xa2\x22`\xa8\xa5\x04\xbf\x07\x03\x14(\xef\
\x8co\x93(\x9c\x9c\x99\xbf\xa2\xa8\xf7O\x01\x5c\x13\x12\
\x1c\x8d\x90\xca\xcf\xe8\xea{xy\xb5Y4\xf2\xe8m\
\x9d\xe1:\x06\x81\xde\xe4L\xeb\xe8\x04\xef\x87\x1f\x01y\
\xe3M\x80\xa6\x80;\xa8\x0d\x0e\x0c\xba<L\xffx\xb7\
\xe6=6\xc7n\xbf\xb2\x10\xef\x1a\x12v\x9e;W\x1f\
\x15\x1d\xc5\xe9\xb9\xc4m\xd7Hk\xc3\x98\x01\x92\xc0\x07\
\x8c\xfc'O\x81\xf2\xd2\x0f\x81]*\x07\x12dh\xca\
\xb5@ez+\xeab\xb1\x9c\x93Sx\xf5\xbeG\xd7\
\x90\xc0q\xc8\x1aYY\xa2+\x070\x98\xab\xc2\xaf\x13\
\x8b\x84^\x0d\xc0|\xc0W\xf41\xf8\xbe\xfb\x22\xb0\xd2\
\xcb\xa1\x99\xfa\xc8\x00}\x81^\xfc+\x7f\xf7\xd1\x0c\xa7\
\xf3\x1a\xef\xde\x87\x84\xe7\xcf|\xd8H#\xa3\x0e\xaa\xcc\
\xf0\x0da\x8c\x17\xc7\x0ez\xcd\x8f\x8e\xc2V\xdb\xda\xc0\
s\xf48\xf8^\xf8\x0e\xb0\x0b\x17\x81\x84`\xf9n\xaf\
/\x88\xa0\xb4H]\xb6\xf8\xc4\xf5\xbb\x7f\xf5!\x01\xc1\
vK\xb4b\xbf\xe2=\xa01V\x857\x18\xa67\xc2\
\xdf\xe4/g\x1e\xfc\xf3X8z\xeb\xd3+xc\xdc\
\xda\xe3\x01\xa5\xba\x06\xbc%g\xa0s\xef>\x90\xbf\xfb\
\x034\xc8h\x82\x86\xb8\xb9\xd4@\xc0Gu\xb60\xad\
\xf8U_\xc7\x09X\xb8\xb0O\x8c;\x90\xa7\x22o\xcc\
\xcc\xc9\xcd\xeb\xec\xfe\xba\x85\x90\x95\xe8\xd0\x86<u\x9e\
\x89\x18\xe9|\xee3`\xff\xcc\xc3 \xa5N2\x9d\xe2\
\xe0\x1cc\xf8`\x12\xc1\x05\xcf\x0f\xaf\xcfp\xbe\x9a\xcb\
\x05\xf2\xafw\x81^U\xdd3t\x89\xda@B\xd5G\
\xc4}\x81\xae\x97\xcb\x84\xfd\xec\xe5\x8cI/\x7f\xfb\xf8\
\xf1.\xf3\xd4\x15\x0c(\x95\xc7\x17.L\x98\xe3\xaa\xfc\
\xf4V)\xeaa\xb1g7\xc8!O\xc2d\x93R\xc0\
\xf2\x85\xc7\xc0v\xcf*\x8c\xcd9\x8f\xa3I\x02\x8a\x03\
\x0fnr\xb4n/\xe8>/h\xa5e\xa0\xbe\xbe\x0b\
\xa0\x05\x05\xdf\xd8\x0c\x8c\xaf\xd6\x0f\xd2\x01_\x0d|\xa2\
\x8e\xa8\xad\xd0\xd4?\xbe\xee\xf7\xfc\xda\xf9\xd4?\x1c\xed\
\xefo\xb7\x0d(\x15\xbe1m\xc7\xcf\x7f\x9e\xb9^f\
\xdb\x16P\xcb\xe70\xbe\xe6{^\xf4g\xbe\x06\x04\xef\
\x94#\x98-\xf3\xee\xe21\xb3\xb3\x8b\xce5\x01]\x9d\
\xa9\x09\x8cO0@b\xc2\xd1<P\xe9\xda\xd0\x0c\x1d\
:\xa2(\xaf\xed\x89\x8b8\xb6\xfb\xc2\x85>Z\xc0\x11\
\xf0\xd9[\xb6l\x11\x1e).\x99w\x87W\xfe\xba@\
\xc8*\xd4\x86aM\x02\xe5mp\xac!\xdc:\xc9\xcd\
\x90\x86f\xc8G\xe0\xa7o\xa4\xc4\xbe\xfalQ\xd1\x80\
\x1b\xe7\x05l\x9e|ka\xc7\x8c,\x7f}]\x9dc\
\x96\xc5\x96\x84\x17'\x22\x11Cn\xd2\xfc\x85\xc7\xda\x11\
Np\x02t\xc6\xaaK5\xe5\xbd\xd7:\xdb\xff\xf4\xcd\
\x8a\xf2\x8b\xe6\xa9~qC\x81f-[&\x9f\xa9\xa9\
j\xd0e\xbf<\xc3b\x8dC{\x94<\x1c\x22&\x0a\
\x0c?\xc0\xf4\xda2U\xdd\xfb\x96\xcfS\xb0/5\xa9\
\xb0\xa5\xa5%`\x9c{CarmX\xb8qc\xd7\
\x85\xea\xcaz\xbb\xa2)\x99\x82\xc8\x17?'\xdd\x22\xa2\
/8\x01\x18\xf7VTh\xda\xfe\xfd\xaa\x7fWq|\
L\xe1\x87\xa5\xa5\xfd\xfa\x81\xab1(Ar\x22\xb6=\
\xf3L\xe7\xe5\x0b\x97k\x05\xbfGI\xa3B<\xfe\x22\
z\xdb\xc0\x7f\x1by\x22\x01\x09\xe0\xc9G\xa5K\xd7\xdf\
>\xa6x\x0b.\xcc\xc8\xfa\xa8\xe0\xd4\xa9\x1b\x12\xc01\
\xe8\xd6\xcc\xff\x22\xc6\xfa\x7fz\xb2\xab\xe2\xcc\xe9\x06\x9b\
\xaa\xa9\xc9@\x13\xd1\xb6\xde\xd2\x08\x04'\x00\x8f\xcaz\
\xa6\xef?\xab\xc9o\x16e\xa4\x15\xfe\xf4\xc4\x89N\xf3\
\xf4\x0d1$\x01r\x22\xd6<\xfdtg\xfd\xe9\x93\x0d\
vU\xd3\x13\x88\x90\x88\xa6)a\x22k\x84\xa9\x01\x15\
\xb5H@\x99\xae\xbcu2)\xae\xf0\xc5\x93'\xdb\xcd\
\xd3\x83\xc2\x90[1'\xe2n$\xa2\xa6\xe4d\x9d.\
kJ\xb2@\xe3\x04 \x89\x18rL8\x22z\x09\xb8\
\xa4+{K-\xc2\x9b\xc5q\xd1\x85/\x94\x94\xb4\x99\
\xa7\x07\x8da\x99\x92^\x22>9\xf6A\x03%L\x9d\
D\x85\x04\xbc\xd1\x842MH\x00\xdf$\xb5\xb2TU\
\xdf9K\xe1\xcd\x0f\xa8^\xfc\xfd\xd2\xd2!\x13\xc01\
l\xa1q\x22\xd6=\xfbL\xc7\xd1\xe2\x8fj\xa9\xaa\xca\
\x19\x82\x18/N\x10\x8d\xe0\x040\x8c\x82\x8a\x15\xff\xdb\
\x1f[H\xc1\xa9I\x89E?>\x7f~H&\xe8j\
\x04\xd5r9\x11%nwg\x97&4I\x04\xb4\xc9\
\xa2\x18m\x01\xde\xd9\xc7\xac7\xa3V\x98\xe6\xa7M\x07\
\xa8.\x91\xe5\x03oy\xdc\x05\xfbc\xa3\x0bw\x9f=\
;h'\xdc\x1fB\x22\xa8r\xcd\xdf~JW\xea\xd7\
H\xf6\x1a\x95\x107\x12\xd2\xb3\x91\xd5M\xe4\xb0\x91\x00\
\xcc\x82\xf5\x9a&\xa6\x1f\xa3D\xf8\xdd.w\xfb\xbe\xa3\
\xc9\xf1\x1f\x17^\xba\x14\x14\x01\x1c!k\xad\x1d\x9a\xd6\
\xfe\xf3\xee\xces\xf1\x92X\xa62\xf0$\x09\xd4)\x02\
E>\x18\xdf\x14{\xdc\x92\xc1\x85\x8f\xad\xbf]\x03\xa8\
A\xfb\xbf\xef\x84&\xff\xfa\xdd\xb4\xc4=\xffYQ~\
\xb1\xae\xad-\xf8\x11\x1fD\xc8M\xc6\xfb\x1eOk\x83\
J\xeb\x17X\xc4:\x1f\xb0.\x11\x09\xb0\x12\xb0\xe2\xdb\
\xa0\xcb\x18?d\xf4\x08\x1f:T\xa6\xd750\xed\xb8\
\x00l\xcf+\xee\xce\xb7O&\xc7\x15\xfe\xac\xa4$\xe8\
\xd6\x7f5\xc2\xd9\x97E\xb6\xc7\xc4L}\xcc\x16\xbd(\
Y\x10\xef\x8c\x22\xb08\x82\x08\xd3\xb1U\xc5 \x19C\
\x1e$\x1a)\x98\xc2\xef\xd4\x18kngz\x91\x83\xd0\
\xc2\x9fx:\x0a[\xe6\xcd)z\xe5\xf0\xe1n\x14\x18\
^\x12Z\x84\xbbC\x91\x83<\x1d\x934u\x93d_\
:\xd5\x22,\xb72\xb2X\xa20\x8do\x86\xcb\x08A\
%\x19\x91:\xdc\x10\xe8qU`\xc4\x8dv\xbf\x15\x9b\
y\xb1\x8d@\xe1n\xcd\xf3A\xe3\xa2E\x1f\xed\xfc\xc3\
\x1f\xf8\xec\xe9\x90\x0b\xbf\x17#\x12\xc1|\xe0\xefn\x9b\
\xfa\xcc\xd3g\xcf\x9e\xf8\xf39\x89A\x85\x85\x906l\
i\xe80\xb8F\x10\x95\xb7.\x86\xa1\xedH\x13\xc2\x18\
\xe3\xd3(\xba\xf1\xa9n\xbej\xa6Q\xd3\x8e\x08\x84\xec\
\xd9\xa3x\xdf<\xb3b\xc9\xff\xb5n\xd8py\xe7O\
~\x12\xf6%\x03#\xde\x0a\xf9\x88\xdd\xd9\x97^\x9a\xb4\
\x8aZ\xeez\xd0\x1a9\x0f\xfdF\x1a\xd6b:\xdf\x86\
\x0c\xdb\x9a1hD\x80\xa0\xc2\x04?\x1f\xf6z\xa0\xd0\
\xf9:\x0c?\x1ff\xc6[k\x0a\x9a\x1c|\xfei4\
\x95\xb5\x8d\xba^\xbd\xb3\xab\xf9\xd8\xac\x85\x9f*\x82\xfc\
L\xb9\xbfa\xc8pa\xc4I\xe8\x05\x1f\xb5\xdb\x82\x9a\
XY\x5c\x9c<\xd5\xed\xbfs\x85`\xbd\x83\x12\x12\x8b\
MSB\xbb\x90a\xec\x0d\x07`3/\xef\x01#\x02\
\x92\x83\x96b\x10\xf5f\x8co\xef\xce\xa7\xec\x18f\x04\
UM\x95A\xafC\xc9^\xb0\x11\xda\x817\xf0c\xcb\
w\xbd\xees\x1f\x9er\xe7\x92\x93\xb1v\xbbZ\x80\xfe\
\xa0\xa0\x9f?F\x17n\x8c\x1a\x09W\xe3\xc7\x8f?n\
q\xb6\xb6\x8a~\x9b\x8dv\x16\x17G\xc5\xb7v,_\
)\xd8\x96\xa2\xad\xc4\x0c\xbcg\xdbP]g\x82\x0f\xf4\
I\xe8(gak\x0e\xb8\xb9\xba\xce\x88\xe2\x03\xcdE\
\x19\xbd,Qb,P\xc6P\xd9[\xc1\xd4\x0b\x87}\
\xfe#\xe9\xab\xee:\xef\x93$\xa6\x09\x82\xe6r\xb9\xd4\
\xde9\xa1\xa3\x03\x80\xff\x07\xd1`j\x80J\x9a\x1bX\
\x00\x00\x00\x00IEND\xaeB`\x82\
\x00\x00]\x01\
\x89\
PNG\x0d\x0a\x1a\x0a\x00\x00\x00\x0dIHDR\x00\
\x00\x01\xdd\x00\x00\x01\xf0\x08\x06\x00\x00\x00\xe3\x0f\xb5\x86\
\x00\x00\x00\x01sRGB\x00\xae\xce\x1c\xe9\x00\x00\x00\
\x04gAMA\x00\x00\xb1\x8f\x0b\xfca\x05\x00\x00\x00\
\x09pHYs\x00\x00\x0e\xc3\x00\x00\x0e\xc3\x01\xc7o\
\xa8d\x00\x00\x5c\x96IDATx^\xed\xdd\x07\xa0\
\x1c\xd5y6\xfe\xf7\xccl\xbf]\xba\xba\xaaH\xa2\xda\
\xf4n0\xc6\x0e\x0aEH\x08!0\x92\xed\x18\x1b;\
\xcd\xb1\x1d\x93\xb8\xe4\xab\xf9\xa2(\xf9'\xb6c\xc75\
\xc6\xc6\x0d\xd3\x0cH\x18\x15\xd4)\x12\xc5\x88\xde\xc1\x80\
PoW\xba\xbdm\x9f9\xff\xf7\x9d\x1d\xc5\x18Kp\
u\xef\xcc\xee\xec\xec\xf3\xc3\xa3\x9ds\xf6Zewv\
\x9e=g\xce\x9cC\x00\x00\x00\x00\x00\x00\x00\x00\x00\x00\
\x00\x00\x00\x00\x00\x00\x00\x00\x00\x00\x00\x00\x00\x00\x00\x00\
\x00\x00\x00\x00\x00\x00\x00\x00\x00\x00\x00\x00\x00\x00\x00\x00\
\x00\x00\x00\x00\x00\x00\x00\x00\x00\x00\x00\x00\x00\x00\x00\x00\
\x00\x00\x00\x00\x00\x00\x00\x00\x00\x00\x00\x00\x00\x00\x00\x00\
\x00\x00\x00\x00\x00\x00\x00\x00\x00\x00\x00\x00\x00\x00\x00\x00\
\x00\x00\x00\x00\x00\x00\x00\x00\x00\x00\x00\x00\x00\x00\x00\x00\
\x00\x00\x00\x00\x00\x00\x00\x00\x00\x00\x00\x00\x00\x00\x00\x00\
\x00\x00\x00\x00\x00\x00\x00\x00\x00\x00\x00\x00\x00\x00\x00\x00\
\x00\x00\x00\x00\x00\x00\x00\x00\x00\x00\x00\x00\x00\x00\x00\x00\
\x00\x00\x00\x00\x00\x00\x00\x00\x00\x00\x00\x00\x00\x00\x00\x00\
\x00\x00\x00\x00\x00\x00\x00\x00\x00\x00\x00\x00\x00\x00\x00\x00\
\x00\x00\x00\x00\x00\x00\x00\x00\x00\x00\x00\x00\x00\x00\x00\x00\
\x00\xb5I\xb9\x8f\x00\x00\x81\xa7\x17\x9f\x14\xa3\xfa\xe3g\
\xf2\xdel2t\x96,\xeb\x16zj\xf5Kj\x11\xd9\
\xee\x8f\x00\x04\x1aB\x17\x00\x02O\xaf\xbe\xea$~\xb8\
\x96\x94}\x15?\x1eE\x9a\xea\xf9\xece\xf0\xfe>\xde\
\x1e [\xddF\xe3'lR\xe7\xfc\xb4\xc0e\x80\xc0\
B\xe8\x02@ \xe9\xfb/i\xa2b|\x16\x91\xf9\x19\
.\x9d\xc5UI\xde\xeax{\xe7y\xcb\xe2\xad\x8f\x7f\
f=?\xf3-\x8a\x0f\xbe\xa4fl,\x96\x9e\x02\x08\
\x16\x84.\x00T\x9c^<\xdf\xe4\x87\x18\xa5\xd2\x092\
\x8d\xe3H\xebO\xf2\xd9i\x0e\x9f\xa2\xa6q}\xc4\xf9\
\xa1\xe1\x19\xe4\xff\xdf**\xda?\xa2t\xeay\x9a\xbf\
dH)n\x17\x03\x04\x04B\x17\x00*\x86\xc36I\
\xf5\x83\xf5d\x9ac\xc92f\x90\xd2\x0b\xb8\xfa|\xde\
\x12\xce\x0f\x8c\x94\xa6\x0c\xff\xba\x9al\xf5#\x8a\xe4^\
\xa4M\xe7\xf7\xaaE\x8bp\xdd\x17*\x0e\xa1\x0b\x00e\
\xa55\x9fw\x96\xcf\xad\xa7\xa4n\xe5\xe2\xc9\x5cq5\
\x87\xe4,>\x1dM,\xfd\x84\xa7\xd2\xfc\xfb.'\x8b\
~FFd3%\xbb\xdb\xd1\xf5\x0c\x95\x84\xd0\x05\x80\
\xb2\xd0\xabg\xc5\xf9a\x1c\xe9\xe842\xf4\x07\xb8\xe6\
j>\x05]\xc0u\xd2\xb5\xec\xb7!n\xf5\xae&\x83\
\xee\x222\x9e#\x9d\xdb\xa7f\xaf\xc9\xb9\xcf\x01\x94\x0d\
B\x17\x00|\xe3\x5c\xab\xad\x1f\x9c\xc8A{\x22\x19\xf6\
\x89\xa48d5I\xd0N\xe6MF\x1f\x97[\x96\xff\
V\x8f\xf1\xdfa1\x99z\x13Y\xf6f\x84/\x94\x13\
B\x17\x00<\xa7W\xccI\x91\x199\x81\xc8:\x95\xa3\
\xf5\x5c\xd2\xdc\xb2U\xea\x14~JF\x1f\x07A?\xff\
-7\xf2\x19\xf0!\xde\x7f\x94\xe2\xc97\xd5\x8c%\x83\
\xa5\xa7\x00\xfc\x83\xd0\x05\x00O8\xad\xda\xc6\xfe6\x22\
\xf3t\xa2\x88\x04\xed\x19\x5c\xfbA>\xcdp]Y\xba\
\x90\x8f\x94\xe6\xff\xf5\xf3\xaf\xaf\xf2\xdfq5\x97\x1f\xa4\
\xe4\xc0\x0bj\xc6Fn\x0d\x03\xf8\x03\xa1\x0b\x00\xa3\xa2\
7\x5c\x14\xa1t\xd3\xd9d\xd8\x17p\x89\x03Wq\xd8\
\xd21\xbc58?P\x1dzy{\x85\xff\xfe\x0f\x90\
m\xaf\xa2T\xfa\x15\x84/\xf8\x01\xa1\x0b\x00#\xa2\xd7\
]\xddF\xb6u\xbe3K\x94V'r\x8b\xf1\x18>\
\xa3H\xab\xb6\x9a\xcf+\x12\xbe/\xf0\xf6\x04\xff{\xee\
\xe7\x96\xef\xe3\x08_\xf0\x12B\x17\x00\x86M\xdf|Q\
\x82\xdaR\xa7\x93\x19\xb9\x8cK\x1f$\xad\x8f\xe5\xd3\x88\
\xb4j\x8fd\x02\x8bj\xd0\xcf\xdb.R\xfaq\xb2\xd5\
]\xf4\xe4}\x1b1\xbf3x\x01\xa1\x0b\x00\xef\xca\xb9\
\xafv\xfd\x95\xd3\xc9\xd2\x97\xf0)c&\x07\xd1\x09\xfc\
(\xf7\xd46\xf3\x16\xb6\xb0\xfdC2\xc9\x86\xa2m\xfc\
o~\x98,\xf3\x16zj\xf9\xd3\x08_\x18\x0d\x84.\
\x00\x1c\x923[TC\xe6\x0c\x22\xe3Z.]\xc8\xa7\
\x8bI\xfc(A{\xa8\xf9\x8f\xc3.\xc7\x01\xbc\x93\x0c\
\xbd\x91\x8a\xfaN2\xec\xc7q\xab\x11\x8c\x04B\x17\x00\
\xfe[\xa9U{\xd98\xb2\x12Wq\xebn\x1e\x07\xcd\
)\x5c#\x03\xa2\x9ax\xab\xc4}\xb5\x01\xa3\x0b|\xda\
\xec\xe1\x9d\x8d\xfc\xda\xdcH\x83\x89Mj\xc1\x92|\xe9\
9\x80\xf7\x86\xd0\x05\x00\x87^y\xc5\x05d\x98\xd7s\
\xd8^\xc1\xc5\x16\xae\x89\xf2)\x8278\x84\xd2\xedF\
\xa4\xee\xa3\x82\xfe.5`e#\x18\x1e\x84.@\x0d\
rn\xf3\x19\xa8\x8f\xf1\x19\xa0\x85b\x1c\xb2\x96\xf1%\
\xde\x97\xc9+\xe0H9\x8b+\x18\x8f\xf2\x97\x95\x1f\x91\
e=JO\x9f\xd3\x87\xc5\x15\xe0p\x10\xba\x005B\
/\x5ch\xd0\x05\x9b\x92\x94\x8b\x8d\xa5\xa8\xd3m<\x8f\
\xb4\x92E\xe1\xc7\xf1\x86s\xc1\xe8\xc9\xba\xbe\x1b\xf9\xa5\
\xfc\x01\x19\xe6\x13\x14\xeb\xe9F\xeb\x17\xde\x09\x1f4\x80\
\x90\xd3\x8b\xe7\xc7\xa8)?\x9e,{2\x19\xf4\xa7\xdc\
2\x9b\xc3\xdb\x19\xfc\xe9\x97E\xe1\xc1{\x12\xbe\xf7\xf3\
+\xffCR\x85\xe7)\x9e\xeb\xc1\xbd\xbep\x10B\x17\
 \x84\x9c)\x19\x9b\xf2\x93\xa8\xa8\xa7\x92i\x9f\xc0-\
\xda\x8f\xf0\xc7\xfd\x12~f\x8a\xfb#\xe0?Y\x5c\xe1\
\xb7\xfc\xda\xaf\xe4\xf7\xe0\x01\x8a\xa5\xb6c~g@\xe8\
\x02\x84Hi\xa1\x01\xfbXR\xc6I\x5c<\x8b\x94\xba\
\x88\x1fO\xe7M\x96\xd5\x83\xca\x90.\xe6g\xf8\xdd\xb9\
\x97\xb4\xf1\x00%\xe3\x9b\x11\xbe\xb5\x0b\xa1\x0bP\xe5\x9c\
\xdb|V\xce\x99D&\x9d\xcb{\xa7\xf0\xc7\xfa\xc3\x5c\
}\x16o\xb2H<\x04\xc7\x10o/\xf1\x17\xa15d\
\xd1C4\x14\x7fN-X\x92)=\x05\xb5\x02\xa1\x0b\
P\xa5\xf4\x86\xf9\xf5\x94\xc9\x9e\xc2\xadZn\xc9\xda\xe7\
r\xd5\xf9\xbc\x9d\xc8\x1b\xee\xa7\x0d6\xb9\xbe\xfb\x04\x9f\
}\x1f\xe1\xb7\xea\x01R\x99\xe7\xd4\xcc\xf5\x12\xc8P\x03\
\x10\xba\x00U\xc4\xb9\xd5'\xd78\x9d4\x9dCJ\x9f\
\xc7\x8f\xd2\x8d|\x1ao\xb2\xd0\x00\xc2\xb6\xba\xa4\xb9\xd5\
\xfb&\xbf\x87\x0f\x91\xad\x1f\xa1\xa1\xc4z\xb4|\xc3\x0f\
\xa1\x0bP\x05\x9ck\xb51:\x85lu)\x87\xed\xd9\
\xfc\xd1\x95\xe5\xf3&\xf1\x86k\xb5\xd5/\xcd\xef\xf0\x16\
~O\x1f'\xad\x1f\xa0\x22\xadVsWr\x1d\x84\x11\
B\x17 \xc0\xf4\xda\x99\x13\xc9\x8er\xd0\xaa\x19\x5c\x94\
\x01QSyk\xe1\x0d\xad\xda\xf0\x91\xb9\x9c\xb7\xf2Y\
\xf9%~\x5cBY\xb5^\xcd[1\xe0<\x03\xa1\x81\
\xd0\x05\x08\x18\xfd\xcc\xd9Q\xea\x9cr>\xb7z\xe6q\
\xe9<\xae\x92\x15}&\xf0\x96\x92\xe7!\xf4d\xb4\xf3\
.\xde\x9e\xe6c\xe0v\xcaE\x1eUW/\x93u~\
!\x04\x10\xba\x00\x01\xa1\xd7\xcc\x9b\xce\xbf\xce%m\xcd\
\xe3\x96\xed\xd1\x5c5\x867Yl\x00\x9f\xd3\xdad\x93\
\xa6\x0eR\xfaI>.~A9s\x03Z\xbe\xd5\x0f\
\x1ff\x80\x0a*\xcd\x16\x95;\x9fO\xaf\x0b\xb8$\xf7\
\xd4\x8e\xe7\xad\x9e\xb7\x84<\x0f\xc04o\x12\xb6\xcf\xf0\
\x19\xfbF\x8a'\xd6\xe1>\xdf\xea\x85\xd0\x05\xa8\x00}\
\xdf\x9c\xc9\x145\xae%\xad\xaf\xe3\xe21|ZM\xf2\
\xa7QV\xf4\x09\xf7\xa2\xf00Zy>z\x9e\xe3\xe3\
\xe5\xbf(\x99\x5c\x8e\xf0\xad>\x08]\x00\x9f9\x93W\
l\x9c_G\x03\x99\x04E#\xa7\x90\xb6>MJ_\
\xce\x1f?\xb9V\x0b02\xd2\xedls\xcb\xb7H\xab\
i\xd2\xbe>u\xce\xb3\x05\xf7\x19\x080\x84.\x80O\
\x9c\xae\xe3\xc6\xfez\xd2\xf1)\xdc2\xb9\x94\xc8\xfe\x04\
)u\xb6\xfb4\x80G\xf4\xcb\xfc\xcd\xeeg\xbc-\xa1\
T\xba\x13+\x1b\x05\x1bB\x17\xc0C\xce\xe4\x15\x99d\
\x0bi\xd5B\xca8\x8d\x0c5\x9b[#\x1f\xe7O\x1a\
V\xf4\x01\xbf=\xc1\xdb\xcf\x89\xcc\x07)\x11\xe5\xf0E\
\xd7s\x10!t\x01<\xa0\x97\xcdm\xa0\xa8\x9aN\x86\
u\x1c\x07\xee\x05\xfc\xc9\xe2\x96-\xbd\x9f7L^\x01\
\xe5d\x91R\x9bI\xdbw\xf1\xe9}5\x19\xb9\xd70\
\xc5d\xb0 t\x01F\xc8\xb9\x9fv\xff\xf8Id\x18\
\xc7\x11\x19g\x91\xd2\x17p\xe0\x9e\xc3\xcf\xc8LQ\x98\
\xbc\x02*H\x17\xf8\xf4\xfe\x0a?\xde\xcb\x85\x8d\x14\x8d\
\xfcN]\xb2\xac\xab\xf4\x1cT\x12B\x17\xe0\x08\xe9\xd5\
\xb3\x1aI\xc7N$e\x9d\xc6\xd1zf)h\x9d\xf9\
\x8f\xd1\xaa\x85\xa0\x915}7\xf3w\xc0{\xf9x}\
\x90\xfaS\xcf\xd3\xfc%CJ9\xb7!A\x05 t\
\x01\x86I/\x9b;\x89b\xf6\x07H\x19gs\xe9\x83\
\x5cu&o2%#>G\x10t\xd2\xc5\xfc*o\
O\x92\xd6\x0f\x91\x19}\x9c.[\xda\x81\xf0-?\x9c\
,\x00\xdeEi\xa1\x01}6\xd9\xc6\x05\x5c\x94\xf5j\
e\xe9\xbc\xe3x\x8b\xc9\xf3\x00UFF6\xbfIJ\
?L6\xad\xa7\x5cd#\xa6\x98,/\x84.\xc0;\
8\xf7\xd5>p\xc5\xd1TP\xe7\x92A\x17\x93V\xa7\
p\xf5\xa9\xbc\xc9LQ\x00!\xe0\x5c\xf3}\x8bw\x1e\
'm<BEKV6\xea,=\x07~B\xe8\x02\
\xb8\xdcE\xe1\xcf&\xa5frI\xee\xa7=\x9e7,\
\x9f\x07!\xe6\x84\xef\x16\xdey\x83\xbfm\xdeKFa\
\xa5\xba|]w\xe99\xf0\x03B\x17j\x9as_\xed\
P\xddT2\xcc\xd9\xa4\xb4,\x9f'\xb7\xf9\xc8\xfc\xc7\
M\xbcaJF\xa8\x15\x9a\xff\xd7\xce\x8fO\xf0\x97\xce\
\xa5dY\xf7\xab+VK\x19<\x86\xd0\x85\x9a\xc4a\
[O\xf9\x86\x8b\xc8\xb6\xe79\xb7\xfb\x90\x1a\xc7\xb52\
(\xaa\xae\xf4\x13\x005I\x06V\xf5\xf0\xe7\xe1UR\
\xf6\xad\x94\xa7e\xe8v\xf6\x16B\x17jJi\xf9\xbc\
\xe2u\x1c\xb4W\x91\xd6G\xf1'@\xae\xd3\xca:\xb5\
\xf8,\x00\xfc\xa1,o\xcf\xf0\xf6\x0b\xca\x9a\xcb0\xe0\
\xca\x1b8\xd1@\xe8\xe9\xc5\xf3\xeb\xa91;\x9b\xbf\xc3\
_\xcfE\xb9\xd5G\xa6d\x94\xd1\xc7\x98\xc0\x02\xe0\xbd\
\xc9\x88\xe7\x97\xf8\xf3\xf3+\x8afnU\x97>\xd0W\
\xaa\x86\x91@\xe8B\xa8\xe8\x85\x0b\x0d:\xef\xa9(\xe5\
\xa31\x8a\x16\xdfG\xca\xf88o\x1f\xe3g0K\x14\
\xc0\xe8\xed\xe1\xcf\xd2\x8f(j\xfc\x92\xba\xe3=j\xc1\
\x92\xbc[\x0f\xc3\x84\xd0\x85PpV\xf4I\xa5\xeb(\
b\x8e%\xdb>\x8f\x83\xf6SD\xf6\xf9|\x88\xcb\x80\
(\x00\xf0\xd6.\xfe\xd4}\x9b\x8c\xfcR\xeak\xea\xa4\
\xf9K\xb2\x98hcx\x10\xbaP\xd5\xf4\xd2y\xcd\x14\
\xa7\xb1\xa4\x8a\xd3I\xa99\xfc\xb1\xbf\x8c\xabe\x042\
Z\xb5\x00\xfe\x92\x90\xed\x22\xad~I\xda\xb8\x93ta\
\x07]\xb1\xaa\x17\xe1\xfb\xee\x10\xbaPu\xb8U\x9b\xa4\
\xe6\xcc\x14\xb2\xf41|\x08\x9f\xcb\x1fz\xb9\xd5\xe7\x83\
|4c\xf9<\x80\xf2so7RKxo9E\
\xd4\xeb\x14\xed?\x80u}\x0f\x0d\xa1\x0bUA/\xe4\
\x96\xeby\xd7L\x22*\x1c\xcb\xa5S\xf9\xd0\x95\x01Q\
\x17\xf3\x11,\xf7\xd4\x02@\xe5Y\xbcq\xf8\xea\x07H\
\xa9\xd5dG\x1f\xa7'O\xdd\xab\x16-\xb2KO\x83\
@\xe8B\xa09+\xfa\x18\xe6\xfb\xc9Vg\xf0\xd1z\
2W\xc9\x1c\xc82\xff1\xee\xa7\x05\x08&\xe9^\xde\
\xc9\x0f\x1b\x89\x8c\xb5T\xb0\x1f\xa7lr\x8fZ\xb0D\
B\xb9\xe6!t!p\x9c\xb9\x8f\xd7_=\x8e\xac\xc2\
y\xbc\xc7-Z%\xab\xfaH\xebVZ\xb5\xb8V\x0b\
P\x1d$|\xf7\xf2g\xf81\xde}\x90\x8a\xbc\xa5S\
;j=|\x11\xba\x10\x18\xce\x08\xe4\xc6\xcc)\xfcQ\
\x95\xeb\xb3\xa7\x93M\xa7\x91R\xa7\xf3S\x89\xd2O\x00\
@U\xd2\xdc\xf2U\xfaY\xde{\x90\x94\xb1N]\xbe\
B\x16[\xa8I\x08]\xa88}\xff%MT\xa8\xbb\
\x9c\x94}\x01\x7f8O\xe4\x0f\xe7)|h\x8e\xe3\xa7\
0\xf71@\xb8\xec\xe1\xcf\xf8\xf3\xfc\x19\xbf\x9f\xa2\xf6\
Zu\xc9\xea7\xdd\xfa\x9a\x81\xd0\x85\x8ap\x06F}\
\xe0\xaas\x89\xac\x8f\x90a\x5c\xcc5'\xf0\x87q\x02\
\x1f\x91\x18\x81\x0c\x10nE\x8e\x1e\x19p\xf5\x06)\xb5\
\x9e\xbfl\xafP3W\xbe\xee>\x17z\x08](+\
\xbdj\xf64\x8a\x18\x17\x92\xad.\xe7\xa2\x0c\x8c\x9a\xca\
\x9b,4\x80k\xb5\x00\xb5g\x90cHZ\xbe\xab\xf8\
\xf174s\xc5\x96\xb0\xdf\xe7\x8b\xd0\x05\xdf9\xf7\xd5\
6d\xce\xe6\x5c\xbd\x9aK\x17r\xd5\x14\xde\x9ay\x93\
k\xb5\x08[\x80Z\xa7)\xc3\xc1+\xd7y\x17\x93a\
\xdeB\x97-\xdf\x1d\xd6\xf0E\xe8\x82/\x9c\x11\xc8\xeb\
\xae\x99@v\xfeR\xde\x93\xe5\xf3\xce\xe5Z\x09Z\xe9\
>6\x9d\x1f\x02\x00\xf8CC\xbcm\xe7\xb8]L\x11\
\xf5s\xbat\xc5\xbe\xb0\x85/B\x17<\xe5,\x0a\x9f\
\xab?\x99\xb4\xba\x9e\x0f/\x0e[\xdd\xc6\xd5Qw\xc3\
\xf1\x06\x00\xc3!\x13jt\x91\xad\xbf\xcb\xdf\xe0\x7f\x12\
\xa6\xe9%q\x12\x84Q\xd1\x8b\xe7K\xab5FM}\
\x0ddE\xe7\x90R\x9f\xe5\xc3Jf\x8bBk\x16\x00\
\xbc0\xc0\xe7\x95_\x906\xbeO\x97/\xdbQ\xed\xe1\
\x8b\xd0\x85#\xe6,\x9fw\xe6\xf3u\x94\xa2\x06\xca[\
\xef#\xc3\x5c@J_\xcbO\xb5\x96~\x02\x00\xc0s\
\x1d\xa4\x8c_r\xcb\xf7f2\xb2\xbb\xe9\xf1\x0ff\xaa\
q\x8aI\x84.\x0c\x9b\xdepQ\x82\xd2\xa9f2\x8d\
\xa9\xa4\xcdsI\xd9\xd7\x92M2k\x14n\xf3\x01\x80\
r\x90V.\x87/\xfd\x9a,u\x0f\x15\xe8%z\xfe\
\xcc\xa1j\x0a_\x84.\xbc+\xfd\xcc\xd9Q\xda?~\
,\x19\xc6q|\xb8\x1fC\xcaY\xd1\xe7\x22\xde\xa6\xf1\
\x86\xe3\x07\x00*\xa1\x14\xbeZ\xad\xe5\xb3\xd0o\xa8`\
\xbfP-\xf3;\xe3\xa4\x09\x87\xe4\x86\xed\xc9D\xc6I\
\x1c\xb8gp\xd5\x07\xb9\xf6L~\xc4B\x03\x00\x10$\
\x1d\xbc\xad\xe0\xedA>W=F}\xb1\xbdA\x0e_\
\x84.\xfc\x11\xbd|\xeex\x8a\xe9Y\xbc+\xdb\xc5\xbc\
\x8d\x95z\x00\x80\x00\x93Y\xae6q\xac\xad#C?\
\x1c\xd4Y\xae\x10\xba\xf0\xdfJS3\xce\x95\xc5\x06\xfe\
\x9a\x94})\x1f\x1e\x13\xdd\xa7\x00\x00\xaaE'iz\
\x98\x0c\xf5()\xebA5s\xd5+n}  t\
\xc1\xe1\xb4n\xe34\x9f\xb4\xfe$\x17?\xc0\x1bf\x8a\
\x02\x80j\xd6\xcd\x09\xf7\x08\xd9\xf4\x04\x99\xf6\xaa\xa0\x84\
/B\x17H\xaf\x9d#!\xfb9\xd2\xc6e\x5c\x92)\
\x1a\x01\x00\xc2\xa2\x9d\xa3\xeeE\x22\xfba>\xc7\xad\xa5\
\xc1\xf8K\x95\xbc\xe6\x8b\xd0\xada\xce\xc4\x16\xf5\xf9k\
I\xd9\x7fC\x1a\xb7\xfe\x00@hI\xc8\xf6\xf2\xf6&\
)\xe3\x11*\x16\x97P:\xf5B%\xc2\x17\xa1[\xa3\
\xf4\x8a9)\x8a\x18\x7f\xce{\x9f!\xa5O\xe3CA\
\xa6i\x04\x00\x08\xbb~ndl\xe6s\xdfj2\xd4\
\xdd\x14\x1fxC\xcd\xd8Xt\x9f\xf3\x1dB\xb7\x06\xe9\
\xd5\xb3\xc6\x11\x99_\x22\xa5\x16pq:oq\xe7\x09\
\x00\x80\x9a\xa1\x0b\x1c\x81\x1c\xbej\x09\x19\xe6\x8dj\xe6\
\xd2\x03\xee\x13\xbe\xc2`\x99\x1a\xa3\xd7]\xddFF\xe4\
o9p?\xc7\xc5\xe3yC\xe0\x02@\x0drz\xf7\
N\xe4\xb3\xe2\x15T\xb4d]\xef\xb2@\xe8\xd6\x10'\
p\xad\xe2\xdf\x91\xa6\x1b\xb8\xc8\xad]\xbc\xff\x00P\xd3\
\xa4\xb7w\x13QQ&\xd8(\x0bt/\xd7\x00\xbdz\
V\x9clc2\x19\xea\x06~\xc7\xbf\xe0~\xc3\x03\x00\
\xa8u;\xf8\x9c\xf8U\x9ay\xdf\xbd\xe5Z\xbd\x08-\
\x9d\x90s\x16)\xd0j\x1a)\xe3\xff\x91R\x7f\x8b\xc0\
\x05\x00p\xc8\xc8\xe5U\x94\xd7O\x97s\xb9@\x84n\
\xd8\xe5\xeb\x8e#\xc3\xfc:\xbf\xd3\x9f\xe1\x12\xd6\xb8\x05\
\x00p\xe8\xed\xdc\x08YGW\xae\xdc\xe5V\x94\x05B\
7\xc4\xf4\xba+N!\xdb\xf8\x1f\xbc{M\xa9\x06\x00\
\x00X\x9a\x03\xf7Q*\xda\xcf\x96{Q|\x84nH\
\xe9U\xf3\xce \xcb\xf8:\xef\xca\xb4\x8e\x00\x00\xf0{\
o\x90\xa254g\xe5^\xb7\x5c6\x08\xdd\x10r\xa6\
u4\xac\x7f\xe6\x83j\x0e\x17\xf1\x1e\x03\x00\xfc^\x96\
\xb7\xa7\x88\xf2\x0f\x94\xbb\x95+pB\x0e\x19\xbd\xf6\xca\
\x93I\xab\xff\xc9\xbbW\x95j\x00\x00\xe0m\xb6\x93\xd6\
\xf7\xaa\xcb\xd7u\xbb\xe5\xb2B\xe8\x86\x88\xb3R\x90\xd6\
\xff\xc0\xdf\xddd\x1d\x5c\x00\x00\xf8C\xfd\xa4\xf4\x06*\
\xd2cn\xb9\xec\x10\xba!\xa1\x17\xcfOR\x9c\xae'\
RW\x12\x16.\x00\x008\x04\xcd\xad\x5c\xfa\xb5\x9a\xbb\
2\xedV\x94\x1dB7,\xea\xb2\xd7\x92\xad\xff\x92\xf7\
\x9aK\x15\x00\x00\xf06r-\xf7E\xd2\xd6\xd3\xa5b\
e tC@\xaf\x99s!\xbf\x93\xd7\x93\xd2\xb2x\
\x01\xdeS\x00\x80?\xb6\x9fO\x8f\xeb\xd5\xec59\xb7\
\x5c\x118AW9\xbdv\xe6\x18\xd2\xea\xcfy\xf7L\
\xcc6\x05\x00pH\xb2t\xdf\x16\xd2\x85u\xa5b\xe5\
 t\xab\x98\xb3\x08\xbd\x8e~\x82w/\xe6m\x8cS\
\x09\x00\x00\xef4\xc0g\xcc\xe54kM\xa7[\xae\x18\
\x84n5kH_\xc2\xad\xdb?'E\x93\xdd\x1a\x00\
\x00\xf8c\xfd\x14\xd1++q_\xee;!t\xab\x90\
\xb4p\x9d)\x1e\xc9\xb8\x8e\x8bg\xf1\x869\x95\x01\x00\
\x0e-\xcf\x0d\x93\xa5\xea\xd2U[\xddrE!t\xab\
Q\xdd\xd08\xb2\xd4\x02\xde\x93\x0d\x00\x00\x0e\xaf\x9fl\
\xe3g\xee~\xc5!t\xab\x8c^wY\x1d\x99\xc6\x95\
\xa4\xd4_q1V\xaa\x05\x00\x80\xc3X\xabf/\x7f\
\xcd\xdd\xaf8\x84n\x15\xd1\x1b\xe6\xd7\x93\x15\xfb\x10\xbf\
m_\xe0\xe2\x84R-\x00\x00\x1c\x9a.\x90\xd6\xb7\xb9\
\x85@@\xe8V\x09\xbdp\xa1A\xd9\xdc1\xa4\x8c\xbf\
\xe2\x83\xe8\x0c\xb7\x1a\x00\x00\x0eK=K\x83\xc9G\xdd\
B  t\xab\xc5\x87_l\xe1\xe8\xfd\x04oW\xba\
5\x00\x00px6\x87\xee\x8f\xd4\x82%\x19\xb7\x1c\x08\
\x08\xddjQ,\xce\xe5_\xff\x86\xb7\xb8S\x06\x00\x80\
w\xb3\x93\xec\xe2\x03\xee~` t\xab\x80^}\xe5\
\xf9\xa4\xd5Wy\x17\xf3*\x03\x00\x0c\x8bZB\xa9t\
\xc5'\xc3x'\x84n\xc0\xe9\x15sZI\xd1\xd7y\
\xf7\xa4R\x0d\x00\x00\xbc\x87NR\xf6=j\xc6F\x99\
\xfe1P\x10\xba\x01\xa6W\xcf\x8aST\xfd\x13\xef^\
\xc8\x9br*\x01\x00\xe0\xddi\xba\x8flk\x9b[\x0a\
\x14\x84n\xa0E\xfe\x9a\x7f\xf9\x94\xec8E\x00\x00x\
/Cd\xa8\xc5\xfc\xd8_*\x06\x0bB7\xa0\xf4\xfa\
\xb9\xe7p\xdb\xf6s\xbc\x8b\xeb\xb8\x00\x00\xc3\xa5\xe8~\
R\xfa\x0d\x9a\xb5&\xef\xd6\x04\x0aB7\x80\xf4\xba\xab\
\xdb\xc8\xd2\xff\xc6\xbbSK5\x00\x00\xf0\xdet\x81l\
}\x17Q\xee@\x10\x1678\x14\x84n\xc0\xe8\x0d\x9f\
I\x90]\xfcO\xde=\x9b\xb7z\xa7\x12\x00\x00\xde\x9b\
V\x1b\xc9\xd4\xaf\xd2e\xeb\xd3nM\xe0 t\x03D\
/\x9e\x1f\xa3L\xf7\x17y\xf7\x12\xde\xc6\xf2\x86\xc1S\
\x00\x00\xc3c\x91\xd2\xf7\x93\x91\xdb\x15\xd4V\xae@\xe8\
\x06\x843\xcdcS\xf62>h\xfe\x8c\x8b\x98W\x19\
\x00\xe0Hhz\x83,\xfd<]\xf2@ \x07P\x1d\
\x84\xd0\x0d\x00\xad\xb9E{\xfe\xf3\xc7\x93\xed\x8cT>\
\xb9T\x0b\x00\x00\xc3T\xe43\xe9Jn\xb4\xbc\x12\xe4\
V\xae@\xe8\x06\xc1\xday\xd38v\xbf\xc4\x07\xcdL\
.a\x9aG\x00\x80#\xa2w\xf0/\x9bh\xf6\xea\xfd\
\xa5rp!t+L\xaf\x9d9\x86\xc8\x9a\xcd\xcd\xdd\
\x8f\x12\xa9&\xb7\x1a\x00\x00\x86\xc7&m\xfc\x96l\xfd\
R\xd0[\xb9\x02\xa1[A\xfa\x99\xb3\xa3\xa4\xa3\xe7\xf3\
\xee\x02\xdep\x1d\x17\x00\xe0\x88\xa9\xbd\xfc\xcb\xc3\x94N\
\xed.\x95\x83\x0d\xa1[I\x07\xda\xe4>\xdc\xcfp\xfc\
^P\xaa\x00\x00\x80#\xa2\xf4\xcb\xa4\x8b\x8f\xa9\x05K\
\x029\x19\xc6;!t+D\xaf\x9e5\x85\xc8\xbc\x9e\
\x8f\x98Ky\x8b\xba\xd5\x00\x000|\x9d\xa4\xd5S\x1c\
\xbcrM\xb7* t+@\xaf\x98\x93\x22\x1d\x99A\
Jq+\x17\xd3<\x02\x00\x8c\xd0\x1b\x9cb\x0f\xa9\xd9\
krn9\xf0\x10\xbae\xa6\x17\xcf7)Jg\x91\
\xa2\xbf\xe3\x22\xb7v\x01\x00`\x04\xd2\xa4\xf53D\xd9\
g\xddrU@\xe8\x96\x91s?n\x8b5\x8dw\xff\
\x17\xef\x9d\xce\x8f\x98q\x0a\x00`$4m%e<\
\xa4f\xae\x1frk\xaa\x02B\xb7\x9c\x96\xccOP\xb1\
\xf0\xe7\x9c\xb5\x17s\x09\xcb\xf5\x01\x00\x8cL\x96\xcf\xa3\
\xcfQ\xd4\xf8\xad[\xae\x1a\x08\xddrj\xca\xc8\x9c\xca\
_\xe0-\xe1\x94\x01\x00`\x04\xf4\x1e\xd2\xfa\x01u\xc9\
\xb2.\xb7\xa2j t\xcbD?0\xfb\x04\xb2\xd5\x8f\
x\xb7\xa5T\x03\x00\x00#`qt\xbdE\xda^\xe9\
\x96\xab\x0aB\xb7\x0c\xf4\x869\xadT0\xef\xe4\xdd\xa3\
J5\x00\x000B{I\xd9\xcb\xd4\x9cU=n\xb9\
\xaa t}\xa6\xef\xbf\xa4\x89r\xf4M\xde=\xa5T\
\x03\x00\x00#$\x13`\xec\xa4\xa2\xbe\xbbT\xac>\x08\
]\x1f\xe9\xd5\xb3\xe2\x94O\x5cCZ\xcd\xe1b\xacT\
\x0b\x00\x00#4H\x9a\xee\xa9\xd6V\xae@\xe8\xfaD\
/\xe4\xd7\xd6\x88\xce C\xfd\x03\x17eAz\x00\x00\
\x18\x0dM{\x89\xcc\xfb\xdcRUB\xe8\xfa\xe5\xbcY\
\xa7\x93\xd6_\xe2\xbdcy3\x9d:\x00\x00\x18\xa9\x22\
)\xb5L\xcd^\xb6\xc5-W%\x84\xae\x0f\xf4}s\
&\x93\x8a|\x96w\xcf\xe5\x0d\xdd\xca\x00\x00\xa3'k\
\xe5\xde^\xda\xad^\x08]\x8f\xe9\xc5\xf3cd\x1as\
yo6\x17[K\xb5\x00\x000J\xf7\xd2\x13+6\
\xbb\xfbU\x0b\xa1\xeb!\xbd\xe1\xa2\x085\xe6\xfe\x94\xc8\
\xbe\x8eH\xc9t\x8f\x98\xe6\x11\x00`\xf4\x06I\x17\x7f\
\xa2\x16\x91\xed\x96\xab\x16B\xd7K\x99\xc6S\xc9\xd6_\
$\xa5\xce\xe6\x12\xa6y\x04\x00\xf0\x82\xa6u\xf4\xe4\x9a\
\xd7\xddRUC\xe8zD/\x9f;\x9e\x7f\xbd\x96\xdb\
\xb6\x7f\xc2\xc5x\xa9\x16\x00\x00FG\x17H\xab\x9b\xc2\
\xd0\xca\x15\x08]\x0f8\xd7q\xe3\xf6\xc5\xa48t\x89\
\x1aJ\xb5\x00\x000j\xdax\x80b\xe9\xa7\xdcR\xd5\
C\xe8\x8e\x92\xb3\x5c_c\xeeC\xfcM\xec/\x88\xd4\
1n5\x00\x00\x8c\x9e\xc5\xe7\xd5\x1f\xd3c\x1f\x1ap\
\xcbU\x0f\xa1;Z\xabgO%\xb2\xe7\xf3\xde\x87x\
\xc3u\x5c\x00\x00\xafh\xbd\x82,\xeb9\xb5hQ(\
\xba\x96\x05Bw\x14\xf4\xd2y\xcdd\x18\x9f\xe0V\xee\
\xa7\xb9\x88\xeb\xb8\x00\x00\xde\xe1V.\xddL\xb1|o\
\xa9\x18\x0e\x08\xdd\x11\xd2\xf7\xcfo\xa2\xa4-\xad\xdb\xff\
\xc5[\x9dS\x09\x00\x00\x1e1\x1e$\x15yY\xcd\x5c\
?\xe4V\x84\x02Bw\xa4\xec\xf4q\xfc\xeb\x0f\x89T\
S\xa9\x02\x00\x00<2HZ\xff\x9a\x0a\xc5\x03n9\
4\x10\xba#\xa0W\xcf\x9aB\xb6\xf9\xff\xf1Aq\xb4\
[\x05\x00\x00\xdey\x8aL\xfbI5we\xda-\x87\
\x06B\xf7\x08\xe9\x15sRd\x98_\xe2\xbd\xcb\xdd*\
\x00\x00\xf0\x0e\x07\xad^N\x96\xb5\xd7-\x87\x0aB\xf7\
\x088\xb7\x07E\xcckI\xab/\xbaU\x00\x00\xe0\xad\
WH\xe9\xe7i\xd6\x9a\xd0\xdc&\xf4v\x08\xdd#\xb1\
\xe6\xca\xf3H\xd9\xff\x93\xf70p\x0a\x00\xc0{y\x22\
\xb5\x86\x0cs\x8bR\xa4\xdd\xbaPA\xe8\x0e\x93^5\
{\x02\xbfZ\x7f\xcf\xbb'\x95j\x00\x00\xc0c[H\
\xdb\x8f\xd3o\xcflw\xcb\xa1\x83\xd0\x1d\x06\xbd\xe1\xa2\
z2\xcd\xcf\x93\xc6u\x5c\x00\x00\x7f\xe8\x02)ZG\
F\xe1\xe50M\x86\xf1N\x08\xdd\xe1\xc86\x5cI\x9a\
\xae'R\x98W\x19\x00\xc0\x1f\xdb\xc8\xd6\x0f\xd1\xa6\xf3\
e\xb1\xfa\xd0B\xe8\xbe\x07\xbdv\xee\x0c~\x90\xd1\xca\
\x93\xf8\x11\xaf\x17\x00\x80\xf747j^ \x8bB5\
\xe5\xe3\xa1 D\xde\x85^3o:i\xfb\xf3|8\
\x9c\xc1\x07D\xd4\xad\x06\x00\x00/iz\x8b\xb4~\x80\
\xea\x07C\xdd\xca\x15\x08\xdd\xc3\xd0\x8b/\xaa'\xb2\xbf\
\xc0a{>)J\xba\xd5\x00\x00\xe0-\x99c\xf9i\
~xH\xcd\xd8X,U\x85\x17B\xf7\x10\xf4B~\
]\x1a\xeb?\xce\xa1{\x0d\x17'\x97j\x01\x00\xc0\x07\
\xbb\xb9q\xb3\x89\x06\xeb\xb7\xbb\xe5PC\xe8\x1e\xca\x07\
\xaf\x90\xf5q?\xc3\x07\xc24.\xe15\x02\x00\xf0\x8d\
\xdeLQ{\x85Z\xb0DZ\xbc\xa1\x87@y\x1b\x99\
qJ\xaf\x9d{\x1ci\xf3c\x5c\xfc oX\x1f\x17\
\x00\xc0?{8\x85\x1eT\x97\xae\xdc\xe9\x96C\x0f\xa1\
\xfbv\xebf\xb6\x90\xad\xe7q\xfc~\x96Kxm\x00\
\x00\xfc#\xd7o\xb7QA/.\x15k\x03\x82\xc5\xa5\
W\xcf\x8a\x93\x1d\xfdSR\xf4y.\xa6J\xb5\x00\x00\
\xe0\x93~\x22\xf5\xa0\x9a\xb3j\xab[\xae\x09\x08]\xa6\
7\x5c\x94 e\x9eEJ\xfd\x05\x17\x8f)\xd5\x02\x00\
\x80O\xe4^\xdc\x1dd\x17\x97\x95\x8a\xb5\xa3\xe6C\xd7\
Y9(\xd3<\x99\xbfq]\xcf\xc5\xcbJ\xb5\x00\x00\
\xe0\xa3!\xde6\xd2S\xab_*\x15k\x07Z\xba\x1b\
\xe7\xd7\xf1\x97\xaeY\xbc\xf7I\xde\xf0z\x00\x00\xf8N\
o\xe7\x86\xceMj\x91\xd3\xe2\xad)\x08\x99L\xfer\
R\xfa+\xbcW_\xaa\x00\x00\x00\x1fY\x1c=\xf7\xd2\
\x13+6\xbb\xe5\x9aR\xd3\xa1\xabW_u\x12)\xfb\
\xff\xf0\xee\xd1\xa5\x1a\x00\x00\xf0\xd9n2\xf4-\xb5\xd8\
\xca\x155\x1b\xba\xcehe\xa5\xff\x9dw\xcf(\xd5\x00\
\x00\x80\xff\xf4mt\xd9}51\xfb\xd4\xa1\xd4pK\
7\x22+\x07\xc9\xfa\xb8\xaaT\x06\x00\x00\x7f\xe9>\x8a\
\xd0\xcf\x94\x92U\x85jSM\x86\xae^=g\x1e)\
\xf5w\xbc\x1b/\xd5\x00\x00\x80\xef\xb4\xba\x9b\x1e[\xb9\
\xdb-\xd5\xa4\x9a\x0b]g\x9aG\xa5\xfe/\xefa!\
\x03\x00\x80\xf2\x19$R?\xa9\xd5k\xb9\x07\xd5T\xe8\
\xea\xc5\xf3M\xd2\xfa\x9fx\xf78\xde\xd0\xad\x0c\x00P\
6\xea\xd7T\xb4\xdfp\x0b5\xab\xb6Z\xba\xf5\x99k\
\xf9\xd7\x0bykp\xca\x00\x00P\x0e9\xb2\x8b?\xa3\
+Wf\xdcr\xcd\xaa\x99\xd6\x9e\xbeo\xce\xf1\x14Q\
?\xe3\xdd\x0f\xf3V\xc3\x03\xc8j\x9bmY\x94\xee\xef\
w\x1e\xe1\xc8D\xa2Q\x8a%\x93d\xf2\xa3R\xe8(\
\x82a\xd3\xfc\xdf\xcf\xc8\xc8\xffou\xf9\xban\xb7\xae\
f\xd5\xc4'\xc7\xb9=\x88b_#e\x7f\x81\x8b\x93\
J\xb5Pk\xacB\x81\x06\xba\xbb)30\xe0\xd6\xc0\
p)\xd3\xa0\xfa\x961\x94jl$\xc3\xc0wV8\
\x22\x1d|\x16\xfe\x04%\x06\x1fV36\xca\xcaB5\
\xad6>=*\xfa>\x0e\xdcKyob\xa9\x02j\
\x8b\xa6b>O\xfd\x9d\x9d\x94\x19\x1ct\xeb`\xb8\xa4\
U\x9bH\xd5\xf1\x96B\xe0\xc2\x91\x92AS\xcbI[\
/!pKB\xff\x09*M\x82AW\xf1\xee\xfbx\
C\x9fX\x8d\xd1ZS>\x93\xa5\xbe\x8e\x0e\xca\xa5\xd3\
R\xe1>\x03\xc3\x15\x89\xc7)\xd9\xd0@\x91X\xcc\xad\
\x01\x18\xb6]\xfc\xa1\xbb\x8b\x06\xebk\xbe[\xf9\xa0\xf0\
\x7fm5\x22\xc7\x91\xb6?\xc2{\xe3K\x15P+\xb4\
mSnh\x88\x06\xba\xba)\x9f\xcd:\x01\x0cG\xc6\
\x8cD(\xce-\xdcX\x22\xe1\xd6\x00\x0c\x9b\xcd\xcd\x9c\
\xa5d\x98o\xaa\x05K0\x88\xc2\x15\xea\xd0\xd5\x1b.\
\x8a\xf0\x99v&\xef\x9e\xcc\x1bZ\xb95D\x06JI\
W\xf2P_/\x15rY\xb4pG@\xba\x95\xa3\x1c\
\xb6\x89\xbazR\xe8V\x86#\xa6\xb7\x91\xad\x1f\xa6\xb1\
\xbb\xdb\xdd\x0a`\xe1\xfe$e\x9b\xa7\xf0\xa9\xe3C\xbc\
\xa1\x95[C$p\xb3\x12\xb8\xbd\xbdN\xd72Z\xb8\
##\xa3\x94\xa5[9\x1aG\xb72\x1c1\xfe\xd0\xa9\
\x07\xc9T/\xaas\x9e-\xb8u\xc0\xc2\x1d\xba\xbax\
\x0e\xff*\x0b\x1a\xe0kz\x8d\xb0\x8aE\xe7\x96\xa0A\
\x0e\x5c\x19<\x05#cD\x22\x94\xa8\xafwn\x11\x02\
\x18\x81\x9d\xa4\xe8A\xfe@\xeeu\xcb\xe0\x0am\x18\xe9\
\xd5\xb3\xe4\xde\x86\x13ywj\xa9\x06\xc2\xce\x09\xdc\xbe\
>'t\xe5\xf6 \x18\x19\xe9V\x8e\xc5\xe3\x94j\xc0\
\xedA0\x22\x9a\xb4z\x98\x94\xb1I\xcd^\x93s\xeb\
\xc0\x15\xdeO\x94a\x1e\xcd\xef\xfd\x07y/R\xaa\x80\
0\x93\xc0\x1d\xea\xedA\xe0z\xc0\x88\x98\x94jl\x22\
3\x8a\x8f\x0e\x8c\x84\xdaC\x86\xbd\x8eb}\xfb\xdc\x0a\
x\x9b\x10\x7f\x8dU\xc7\xf1\xf7\xad\xd3\xdd\x02\x84\x98\x84\
\xec\xa03\xe9\xc5 f\x9a\x1a%i\xd9&\xeb\x1b(\
\x96\xc4he\x18)\xfd\x14\x15\xe8i\xdc\x97{h\xa1\
\x0c]\xbd\xf2\x8a\x16\xd2\xfax\xdem+\xd5@X\x15\
9p\xfb\xbb\xba\x9c\x91\xca\x08\xdc\xd1\x93{r\xeb\x9a\
\x9a1Z\x19Fj\x17i\xf58e\x92;\xdc2\xbc\
CH?Y\xb1\x09\xa4\x94\x0c\xa0B\xffX\x88\x15\x0b\
E\xea?p\xc0\xb9\x17W\xee\xc9\x85\xd1\x91\xa9\x1e\x1b\
\xc6\x8cu\xba\x97\x01FD\xd3\x8b\x1c\xba\xeb\xd5\x82%\
\x18\xc5x\x18\xe1\x0c\xdd\x885\x81\xdfx\x19\xb9\x0c!\
%-\xdc\xee\xbd{(\x97\xc9\xe0\x96 \x8f\xd4s\x0b\
\x17\xdd\xca0\x0a\x1d\xa4\xf4\xe34\x14{\xcd-\xc3!\
\x84.t\xf5\x8a9)\xb2\xed\xe3x\xefh\xb7\x0aB\
DZ\xb4r\x0fn\xf7\xee\xdd\x180\xe5!\xb95H\
\x164\x00\x18\xa1\x22\x7f:_$e,\xc1\xecS\xef\
.|-\xdd\x94\xd1\xc0\xff*\x99g\x19\x17\xa5B\xc6\
\x99ej`\xc0Y\xb8\xc0\xc2\xf5[\xcfHwrc\
k+a\xce6\x18\x85N\xd2\xc6Zu\xf9\x8a\xb7\xdc\
2\x1cF\xf8\x82)Wl\xe27\xff\x14\xb7\x04!q\
\xf0\x1e\xdc\x81\xee.g\x1f\xbc!\xf7\xe4\xd67\xb7`\
1\x03\x18\x0d\xf9@\xbe\xce\xad\xdc\xdf\x94\x8a\xf0n\xc2\
\x17\xba\x86\xd9\xc4m\x22t-\x87\x88\xcc,%\x81;\
\xc4\x9bma\xc0\x94\x97b\xa9\x943\xf3\x14\x16\xa5\x87\
\x91S\xed\xa4i\xad\x9a\xb5l\xbb[\x01\xef\x22T\xa1\
\xab\x17.4\xc8R\xf5\xa4\xd5Qn\x15T3]Z\
\x07W\xe6P\x96I/pK\x90\xb7\xa4u[\xdf\xdc\
\xcc\xdfS1Z\x19FL\xae\xe5n'e\xde\xed\x96\
\xe1=\x84\xab\xa5{\xd1\xc312\xf5\x04R\x84\x09c\
\xab\x1d\x07n>\x97\xa5\x01\x99\xf4\x02\xf7\xe0zNn\
\x0f\x92Y\xa7\xe4\xbe\x5c\xb4ra\x14\x06\xb9\x91\xb3\x0c\
\xad\xdc\xe1\x0bW\xe8\x16#q\xd2\x98k\xb9\xda9\x0b\
\xcfgs\x94\xee\xeb\xc7=\xb8>I\xa4\xea(Q\x97\
\xc2\xdc\xca0Z\xaf\x13\x15\xd0\xca=\x02\xe1\xfa\xc4\x15\
\xa21\xfe\x17MpKP\x85$`\xf3\x99\x0c\x0d\xf5\
\xf4PV\x02\x17\xf7\xe0z.\xca\xad\xdbd}\xbd\xb3\
\x92\x10\xc0(\x14I\xe9[\xd4\xec5\xbb\xdd2\x0cC\
\xb8B7\x12\x8d\xf2Y\x1a\xa1[\xa5\x9c{p\xd3C\
\xce<\xca\xd9t\x1a-\x5c\x1f\xc8\xf4\x8e\x12\xb8\xd1d\
\x12\xdd\xca0Z/P\x9e\xeeq\xf7a\x98\xc2\x15\xba\
Y[\xbe\xba\xb7\x94\x0aPM\xa4E+\xd7n\x07\xb9\
\x85\x9b\xcff\xa5\xa6\xf4\x04x*\x91JQ\xbc\x8e[\
\xb9\xe8V\x86QS\xdfWsWv\xba\x05\x18\xa6p\
}\xf2bF\x8c\x0f\x04\x84n\x95\x91\xc0\x95\x11\xca\x12\
\xb8\xc5\x1c\xa6l\xf5\x8b\x8cVN44`\xc9>\x18\
=M\xafP\xd6X\xe9\x96\xe0\x08\x84\xef\xeb\xaeR\xb8\
\xcb\xbf\x8aH\xe0\x0etu9\xa1\x8bi\x1d\xfd#\xdd\
\xca\x89\xba:\x8a%\x12\xe8V\x86\xd13\xf4\xf7\xd5\xd5\
\xcbz\xdd\x12\x1c\x01\xf41A\xc5H\xe0\xf6ut8\
\xa3\x94qK\x90\xbf$l%tqO.x\xe0\x19\
\xca\xd32w\x1f\x8e\x10B\x17*\xc2\xb6m\xea;p\
\x80\xb2\x03\x03\x1c\xbe\x180\xe5'\x19_\x98lhp\
F-\x03\x8c\x9a\xd6\xdf\xa4\x86A\xb4rG\x08\xa1\x0b\
e%\xad\xdbB6K\xbd\xed\xed\xce\xc0))\x83\x7f\
\xa4e\x1b\xe7\x16\xaeL\xf5H\xe8V\x86\xd1\xdbDF\
\xec\xb7j\xc6FL\x80>B\x08](\x1bi\xdd\xca\
=\xb8\xfd\x9d]\x94Kg$\x81\xddg\xc0\x0fr\xed\
6\x1a\x8bQ]S\x13\xae\xe3\xc2\xe8i\x92\xc5\xabo\
\xa6|\xbe\xcf\xad\x81\x11\x08W\xe8\x16-\x9b\x0f\x0a\x8c\
\xc6\x09 \xb9\xe767\x94v\x06M\xe5\xb3\x1c\xb8\xb8\
%\xc8wf$B\xa9\xe6f2\xa3Q\xb7\x06`\x14\
\x0c\xf54\x99\xea\x015we\xda\xad\x81\x11\x08W\xe8\
\xda\xaa\xc8\xdf\xef\xbb\xdd\x12\x04\x84,\xc5\x97\x19\x1c\xa0\
\xa1\xde\x1e*\xe4rn-\xf8IF+\xc7\xe5\x9e\x5c\
\xde\x00<\xd0\xcb\xe7\xd7_Pl`\x9f[\x86\x11\x0a\
W\xe8&\x0cY\xf1b\xc8-A\x00H\xe0fe\xd2\
\x8bn\x04n9\xc9\xa0\xa9:n\xe5\xa2[\x19<\xb2\
\x9e\x94~R\xcd\xd8(3\xd7\xc0(\x84\xac{\xd9\xb9\
\xd1\xb3\xa3T\x80JsZ\xb8\xfd\xfd\xce:\xb8Xx\
\xbe|d\xf0\x94,\xd9\x87ne\xf0H;\x91\xba\x8f\
\x0a\xf6.\xb7\x0c\xa3\x10\xb6\x81T\xdc\x94\xd2\xe8\xfe\x08\
\x00\xf9\xfe#s(c\xd2\x8b\xf2\x93\x81S\xe8V\x06\
\xcfh\xbd\x91\x0c\xfb\x19\x5c\xcb\xf5F\xf8BWk|\
\x1b\xab0\xe9FvV\x09\x92up\xb1hAYE\
\x13\x09Jq\xe8\xe2\xf6 \xf0H\x07\xa7\xeeZ\xeaK\
\xeep\xcb0J\xe1\x0a\xdd'?P E{x\x0f\
}\x99\x15R\xcc\xe7\x9d\xc0\xcd\x0c\x0c p\xcbL\xba\
\x95\x1bZZ0\xeb\x14xHo\xe2\x86\xcc&\xb5`\
\x89\xdcr\x00\x1e\x08U\xe8\xaaE\x8bl\xfe\x86/\xd7\
t\xb7\x97j\xa0\x9c\xa4\x85\xdb\xdf\xd1\x81up+\x81\
\x1b\xb62p*\x86ne\xf0\x8e\x5c\xcb]AJ\xa3\
\x95\xeb\xa1\xb0u/\x13\xd9\x91>>P\xb6\xb8%(\
\x93|:M\xbd\x07\xf6S.#\xf7\xcf#p\xcb-\
\x9e\xaas\xd6\xc9\xc5he\xf0\xd0\x93d\xe8\xdf\xaa\xd9\
kp\xdb\x81\x87\xc2\x17\xba1\xea%m\xbf\xee\x96\xa0\
\x0c2\xfd\x03\xd4\xd7\xd9\x81e\xf9*D\xba\x93e\xf0\
\x94\x11\xc1\x92}\xe0\x99v\xd2\xb4\x89,k\x9b[\x06\
\x8f\x84/t\xcd\xde!R\xb4\xd9-\x81\x9f\xb8A+\
\x13^\x0ctwQ1\x8f\x11\xca\x15\xc1\x0d\xdb\xfa\x96\
\x16\xe7\xbe\x5c\xb4r\xc13\x9a\x9e!K\xafE+\xd7\
{\xa1\x0b]\xe7\xe6m\xad^!\x8d[\x87\xfc\x96\xcf\
e)\xcd\xad\x5c,\xcbW9\xc9\xfa\x06\xe7\xf6 \xc3\
\x08\xdf\xf7g\xa8\x98]\xa4\xf4\xe3\x94I\xbe\xe2\x96\xc1\
C\xe1\xfc\xa4*\xd5\xce\xdb3n\x09|\x12\x8b'\x9c\
\x16\x16\xae\xe0VF$\x16s\xae\xe3\xca\xd2}|\xbc\
\xbb\xb5\x00\xa3!s\xd7\xeb7H\x19K\xd4\x82%\xf8\
6\xed\x83p\x86\xaee\x1d\xe0\xb3\xd0\x8b\xbc\x87{V\
\xfc\xc4\xe7\xf9Tc#\x99\xb8E\xa5\xec\x94i\x94\xd6\
\xc8M$\x10\xb8\xe0!\xd5AZ\xadP\x97\xafx\xcb\
\xad\x00\x8f\x853t\x9f^\xd5G\x86\xfd,\x7fc\xdb\
\xef\xd6\x80Ob\x89$%p\x9bJyq\xc8&R\
u\x94\xa8\xab\xc3=\xb9\xe0!g\x85\xb6\xd7\xf9\x1b\xdd\
}\xa52\xf8!\x94\xa1\xab\x16q\x0b\xd76~\xc7'\
\xa7\x17\xdc*\xf0\x8b\xb4ve\x9e_\x8c\x9c-\x1bY\
#7\xd9P\xeft/\x03xG\xb5\xf3/+\xd5\xac\
e\x98\xe7\xc0G\xe1\x1d}\x91\x88\xef!\xad\x9e\xe2=\
\xac\x8a\xe139\xf9\xc7\xb9\xd5\x05\xfe3\x22\xa6\xf3Z\
K\x0f\x03\x80w\x9cV\xeeV\x22si\xa9\x0c~\x09\
m\xe8\xaa\x19K\x06\xb9\xbd\xfb[\xde\xdd]\xaa\x01?\
\xc9\xb5]e\xe0\xda\xa2\xaf\x94\xe2\xb0M8\xdd\xca\xb2\
^.\x80w\xd4 i\xfa\x0dZ\xb9\xfe\x0b\xf7'\xd7\
\xb6_\xe3_\x9f\xe3\x0d\x03l}\xe6\xb4vqm\xd7\
W&\xb7r\x13\xf5\xf5\xce\x88q\x00\x8f\xbdDTD\
+\xb7\x0c\xc2\x1d\xba\xcf\x9c\xbd\x8f\xe3VB\xb7\xb7T\
\x01~\x91\x89\x19\xea\x9aZ\xd0\x02\xf3\x89\x0c\x98J\xd4\
\xd5S<\x89/6\xe05\xa7k\xf9Wj\xf6\x1a\xf4\
\x0a\x96A\xa8\xcf\x90\xa5\x05\x10\xb4t1\xbfZ\xaa\x01\
?E\xe3\xa5\xfbF\xc1c\xfc\x85FZ\xb7\xd2\x85\x8f\
\xd1\xca\xe09\xa56Q\x14#\x96\xcb%\xfc\xcd\x12#\
\xff<\x1fU2\xa0j\xa8T\x01\xbe\xe1p@0x\
O\xba\x95\xeb\x9a\x9b0Z\x19\xfca\xebo\xabK\x96\
u\xb9%\xf0Y\xe8CW\xcd\x5c\xcfak\xcb\xb5\x0a\
,O\xe53\xe9b\x96`\x90\x81>\xe0\x0d\xe9\xaeO\
\xa4\xea1Z\x19\xfc\xa1\xe9~\x1a\x1c\xdc\xe0\x96\xa0\x0c\
j\xe3\x02\x5cb\xf0\x09\xfe\x15\xb7\x0f\x95\x81\x84D\xb2\
\x01\xad]\xaf\xc8=\xb9\xb2N.\xae\x95\x83\x0f,2\
\xd4w\xd4\x82\x8d\x83n\x19\xca\xa0&>\xc9j\xc6\xc6\
\x22\x7f\xa3[\xcc\xbbr\xf37\xf8,\x12\x8b\xa2\xb5\xeb\
\x01\x99\xea\xb1a\xcc\x182\xa3\x98x\x04|\xa0\xf4-\
\xdc\x0c\x911/PF\xb5\xf3\xf5\xf9\xc9\xfb\xd6\xf1\xaf\
\x8f\xb9#\xf5\xc0G\xd2\xca\xc5\xb5\xdd\xd1kh\x1eC\
\xb1$\xba\x95\xc1\x17\x03\xbc\xddD\xcf\x9f\x89\xb1.e\
V3\xa1\xebL\x0dI\xfa&\xde\xc3\xb0\xf820\xa3\
QJ54\xb8%8R2ZY\xba\x95ep\x1a\
\x80\xc7d\xde\x82_QQov\xee\xf0\x80\xb2\xaa\xad\
\x0bEO\xac|\x9c\x7f\xe5\xd6.\x15\x9d2\xf8FZ\
\xb92]!\xe6d>r2\xd5c\xc3\xd8\xb1\x1c\xb8\
n\x05\x80\xb7\xf6\x91\xad\xee\xa6\xa7\xcf\xe9s\xcbPF\
5\x15\xbaNk\xd7\xe0oxD\x07J5\xe0'Y\
\xe7\xd5\xb9o\x17\xad\xb5a+M2\xd2\x8cne\xf0\
K\x91\xb4^Bf\xeewh\xe5VFm\xb5tE\
l\xe0\x11>\xb5\xc9\x10y\x1cp>3\xb8\x95\x1b\xaf\
\xab\xa7\x08Z\xbb\xc3\x16O\xd59\xeb\xe4J\xf8\x02\xf8\
\xe0MRt\x0fm:\x1f\xb3\xf4UH\xcd\x85\xae3\
\x92\xd9\xa6\x1f\xf3n\x7f\xa9\x06\xfc$#\x99\xa5\x9b\x19\
!\xf2\xde\xe4:\xb8L\x82\x81\x01h\xe0\x93<\xb7r\
\x7fC\xb6\xfd\x16Z\xb9\x95S{-]1\x14\x97\xfb\
v\xd7\x97\x0a\xe0'\x09\x10Yp\x1d\xd7v\xdf\x9d\xdc\
\x87+#\xbeer\x11|A\x01\x9f<G\xdax\x94\
\x86\xea:\xdc2T@M\x86\xaeZ\xb0\xc4\x22e\xff\
\x17\xef\xa2\xb5[\x06\x91x\xcc\xb9F\x8909\xbcD\
*\xe5\xac \x84V.\xf8$K\x8a\xee\xa3\xb8\xf1\x9c\
s\xfe\x83\x8a\xa9\xcd\x96\xae\xe8O\xc9H\xe6\xb5\xa5\x02\
\xf8\xc9\x19\xc9\xcc\xa1\x82\xd6\xee\xa1\xc9\x97\x92DC\x03\
^\x1f\xf0\xd3\x0bdY\x8f\xd1\xc5\xcb\xba\xdd2TH\
\xcd\x86\xee\xef[\xbb\x0a\x03\x0a\xca@\x16_\x97\xf9\x83\
\xd1\xda\xfdC\xce\xb4\x99\xdc\xc2\x95\xd7\x07\xaf\x0d\xf8d\
\x80\x0f\xae\xd5T\x88<\xcf\x87\x18\xd6\x16\xaf\xb0\xdam\
\xe9\x8a\x22\xbd\xc2\xbf\xfe\xa6T\x00?\x95F2\xa7\x9c\
G\xf8=\xe9\x01\x90ur\xd1\xad\x0c>z\x85,\xb5\
^\xcd[!\xb3PA\x85\xd5t\xe8\xaa9\xabz\x88\
\xec_\xa1\xb5[\x1e\x120\xb1x\x1c-:\x97t+\
\xcb\xedA2j\x19\xc0'|nS\x0fR*\x865\
\xc5\x03\xa2\xb6[\xba\x22\x92}\x99\xb4\x96\xa5\xff\xc0g\
\xa5\x15\x88\x1a\xd0\xaac\xf2Z\xc8=\xb9\xe8V\x06\x9f\
\xbd@\xda~T\xcdX\x82\x95\x84\x02\x02\xa1{\xc9\x03\
\xfdd*\x99\xa5\x0a\x03\x0c\xca \x96LQ4\x9e\xe0\
\xd4\xa9\xed\xa0\x91\xb0M\xd6\xd5\xe1\x0b\x08\xf8\xa9\x9b4\
=N\xc9A\x194\x0a\x01Q\xf3\xa1\xeb\x0c,\xb0\x0a\
/\xf0\xce\xddn\x15\xf8H\x192\xcda#\x195\xbc\
>\xac\xdc\x8b+\x83\xa7dQ\x03\x00\x9f\xc8r\xa6\xaf\
\x90i\xde\xabf`\xbd\xdc AKW\xccZ3@\
\xca\xfa\x05\xef\xbdU\xaa\x00?IkW\xae\xef\xd6b\
k\xd7\xb9}\xaa.\xe5\xdc\x22T\xeb\xad}\xf0U'\
o\x0f\xd2\xe3\xcb\x9e/\x15!(\x10\xba\xcci\xed\xa6\
\xa3[x\xe7V.bz4\xbfq\xd6\xc8\xecKf\
\x8du\xad\xcau\xdch\x22Nu\x8dM|\xa8!p\
\xc1/\xce\x9a\xe1\xaf\x93i\xdc\x5cZ\xd2\x14\x82\x04\xa1\
{\xd0\xbce}D\xd6F\xde{\xa3T\x01~\x92{\
v\xe35\xb4\x92\x8e\xccA-\xd3a\xd6\xb7\x8c\xc1h\
e\xf0\x99\xea\x22\xad~\xa3f.\xdf\xe5V@\x80 \
t]Nk7k\xbe\xc0\xad\xb0\xdb\xb9\x98+\xd5\x82\
o\xa4\xb5\xdb\x14\xf2\xc9\xfd\xf9\xa0\x92\x80\x95\xeb\xb7\xb2\
>n\xd3\xf86g\x00\x15\x80\x8f\xf2\xbc\xbdF\xa6\xb9\
\xb8T\x84\xa0A\xe8\xbe\x8ds\xf3\xb8\xb2\xd7\x91\xd6/\
\xb8U\xe0#\x19\xc5,s\x0e\x87\x91L\xe9\xe8\x84-\
\xb7l\x9b\xda\xda\x9c\x090\xd0\xa5\x0ce\xd0\xc7\xad\xdc\
;\xd4\xcc\xa5X3<\xa0\x10\xba\xef\x941e\xbd\xc9\
\xe5\xbc\x87\x11\x7f~\x93\xd6nss\xa8F2K\xd8\
\xca\xc2\x05\xf5--N\xeb6\xd9\xd8\xe0\x5c\xcb\x05(\
\x93g\xc9\xc8-s\xf7!\x80p6x\x07\xa7\xb5k\
\x1b\xf7\xf3\x9e\x8c\xfa\xc3<\xa5>\x8b\xc6\xe2\xdc\x0a\xac\
sK\xd5K\xba\xc9\xe5\xdfQ'a;f\xac\xd3u\
\x8e\x05\x0c\xa0\xcc\x86H\xeb\x1b\xd5\xe5\xeb0\xe7@\x80\
!t\x0f%\xd5\xff\x0a\x1f\xbc\x8f\xf2\x1e\xe6*\xf5\xdb\
\xc1k\xbbU\xda\x1a\x94V\xac\xb4l\x1b\xc6\x8cqZ\
\xb6\xa55q1P\x0a*\xc0\xd6\x0fR\x91\x1etK\
\x10P\x08\xddCP36f\xf9a=\xef\xbd\xc8\x8f\
h\xed\xfaL&\x8b\x90\xe0\xaa&r}V\xd6\x08\x96\
\xa0\xadon\xa6$\x16\xa0\x87J\xd2\x94\xe1\x86\xc27\
\xd5\xdc\x95i\xb7\x06\x02\x0a\xa1{8E\xfd4\xff\xfa\
\x10o}N\x19\xfc\xc3A%-\xc4j\x19\xc9\x1c\xe5\
puF#\xb7\x8e\xa3TC\x03E1\x7f2T\x9a\
\xa2e\xb4\xa7]\xceY\x10p\x08\xdd\xc3p\xbe1\xda\
EY\xf6o[\xa9\x06\xfc\x22\x81\xe5\xb4v\x03~m\
\xd7\x8c\x98\xce\x00)\x19\x8d,\x0b7\xc8*A\x18$\
\x05\x010\xc4-\xdd\x1f\xa8\xcf=+\x93b@\xc0\xe1\
\x8c\xf1n\x86\xea^\xe3\x83YF\x02\xf6\x94*\xc0/\
\x12^\xc9\x86`\xb6v\x0d\xd3\xa0\xba\xa6&j\x990\
\x91\xea\x9a\x9b\x9d\x96m\xa8\xef/\x86\xeab\xd3-T\
\xd4/\xb9%\x088\xf4\x89\xbd\x07\xbdz\xd6\xb1\xa4\x22\
Kx\xf7\x0c\xdej\xf9\xf5\xcaYdtfu\xbc'\
m'\xb3\xbd\xc5\xc6\x02?\xc6\x07t]\xb2_7\x98\
\xb9b\xb4\xc5\xb0r\xe3\x86T=\xe5\xe8\x8f\xef\xbd5\
\xa8H1;K1~6id(Ai\xaa\xe7/\
\xe8\xf5\xe6\x00?\xa6\xa9.\x92\xa5\xa4\x99\xa3L_\x0f\
\xe5\xfb\x83\xf1\x1dGZ\xe0\xd2\xa2\x95\x81^\x91h\x14\
\xadZ\x08\xa2v2\xecK\xd5\xccU\xaf\xb8e\x088\
\x84\xee0\xe8\xd5W|\x9e\xcf\xb8\xdf\xe0\xdd\xc6RM\
\xa8\xc8@1K\x93\xd26\x1f\x0e\x966M\x8b\xcc\xae\
!+\xb9{_\xb1-\xdbn\xb5E\xba\x8bM\x13\xfb\
\xec\x86\xf1\x966\x22\xfcs\xb6\x1c6\xf2\xf3\xda\x19b\
\xa6\x94<p\x99\x13I\xf3\xf1\xe4<'O\x1c\xc2\xef\
\x9f\x91\x9f\x92\xb2\xc1_\xd3Ku\xbc/;\xfc\xb70\
\xec<5X\x1dTowQ\xa3u\x80\xc6X{\xb8\
\xdcE\x11\xca\xbb\x7fK\xd9\xfc\x19\xdf\xe6\x5c\x9b\xe5-\
\x9eJr\xab\xb6\xe5\xbf\xc3\x16\xd7l!\x80l\xfe\x18\
|\x9d\xa8\xf8}5{M\x87[\x07\x01\x873\xc90\
\xe8\x95W\xb4\x90i.\xe7\xbd\x0b\xb9\x18\x86\xd7\xac\xa8\
\xb5*\x14(\xa2s:V\xc8\xeb\xe8\xeen\xabe\xef\
\x8e\xc2$cg~\xd2\xfb\x06\xec\xfa)\xee\xcf\x05\x06\
\xffMilq7\x8d+n\xa31\xfc\xd8`wp\
]\x81\xa2\x5c\xcf_\x15F\x1f\xc2\x1c\xaar\xdbR,\
\x99pF\x22\xc7\x13I\xb4l!\xe8^#\xdb\xfa\xb8\
\xbab\xf5\xcbn\x19\xaa\x00Bw\x98\xf4\xea\xab\xae\xe5\
F\xde\x8fy\xb7\xb5TSU$\x91\xf2\xdc\x86\xcc\xa4\
\xed\x04e\xacd\xa6\xdbj~sw\xb1-\xbf\xad0\
u\xda\x90\x95\x9a\xc6GBU-\xee\x1a\xd5Yj\xe3\
\x00\x1eW\xdcN-\x1c\xc2)\xbb\x97b\x5c'\xe1|\
D\x01\xec\x86\xad\xb3\xc6mC\x83s\xebR-\xaf\xf5\
\x0bU\xa3\x93\x0f\xf3\x7f\xa1h\xe6Vu\xe9\x03\xb8\xc3\
\xa2\x8a t\x87I\xaf\x9e\x15'\x15\x91\x85\xee\xaf\xe4\
\xadZ\xce\xca\xb6\x5c\x87\xcd\xd8\x89B\xbf\xdd\x90i/\
\x8c\xdd\xb5%?\xddn/\xb6\x1do\x93:\x8a\x9f\x0f\
\xc5\xfb/-\xdefk\x0f\x8d/\xbcE\xad\xc5\x9d\x1c\
\xc0}\x14\xd7CN0\xbf[\x00\xcb`\xa8\x83\xf7\x08\
\xcb\x1c\xd0X\xfd\x07\xaaD?\x7f\xb4o'm\x7f]\
\xcd^\xb3\xdb\xad\x83*\x81\xd0=\x02z\xf5\x9c\xcb\xb8\
e$\xc1\xdb\x5c\xaa\x09\xac\xde\x9c\x8euv\x16[\xa2\
\xed\x85\xd6\x9d;\xac)C\xed\xf9\x09\xc7\x16\xc88\x96\
\x9f\x0bu3.\xa2\xf3\xd4\xc2\x01<\x81\x03\xb8\xc5\xda\
\xeb\x5c\x1bN\xda\x03\xce@\xae\x83\xa4\xdb8\x1a\x8f;\
\xcb\x0b&\x1b\xea\x9d\xe0\x05\xa8\x122q\xcfR\xd2\xea\
[4k\xc5\x0b\xca\xaf\xc1\x0d\xe0\x1b\x84\xee\x11\xd0\x1b\
.\x8aP\xb6~1\xbflW\xbbUAbq\xebu\
W\xaf\xd5\x98\xdd[\x1c\x1f\xdfS\x98\xb8uK\xee\xa8\
\xa3\xf2\x14=\x9a\xdf\xe4\x9al\xc2\xc5\xedA\xa7\xe5;\
\xbe\xb8\x85Z\x8a{\xa8\xc5n\xa7D\xdc\xa4x]\xca\
Y\xf5\x07a\x0bU\xc6\xe2\xed\x09\x8e\xd9\x7f\xa2]{\
\x1f\xc5}\xb9\xd5\x09\xa1{\x84\xf4\xea+\xff\x84_\xb5\
U\xbc\x1b\x94\x99\x1c\xf2\x96\x8e\xec\xda]h\xb3\xf6\x14\
\xc7g\xb6\xe6\xa7\x0e\xf4X\xcd'\xd8d\x8c\xe3\xe7\xf0\
\xfe2\xb9M\xe9\x04z\x99NQ\xcfQs\xc2\xa2x\
2\x81W\x06\xaa\x8d\xcd\xdb\xb3|\xe0~\x8b\x8c\xecj\
5s\xfdP\xa9\x1a\xaa\x0dN=GH/\x9e\x1f\xa3\
\x86\xec\x9d\xbc{M\xa9\xa6b\xb2\x05\x1d\xd9\xba\xb7\xd8\
6\xf8V~zlwab\xb4\xcfj\x98\xaaI\xc9\
$\xc6x_\x99\xc1M\x82\xb1f7M\x89\xb6\xd31\
1n\xf1F:)\xaa~\xdf\xcd\x0cPE\xb6\xf2\xe1\
\xfc=2s\xbfD\xe0V7\x9c\x9cG@\xaf\x99s\
!\xbft\xb2\xe6\xee\x98RMY\xa59l\xb7\xed(\
L\xea\xdb\x9a\x9f\xd6\xc4\x8f\xd1\x8c\x9d\x9c\xe4\x86-0\
\xb9\xcc\xd5d\xf6\xd3\xf4\xe8\x1e\x9a\xcc\x81;9\xb2\x9f\
\x92\x86\x5c\x0a\x03\xa8J{\xf9\x90\xbe\x89\x22\xea\xe7\xea\
\xb2\x15{\xdd:\xa8R\x08\xdd\x11\xd0\xf7_\xd2DV\
\xe2[\xa4\xd5_\xb9U\xe5`\xdb\xa4\xb6\xef+\x8c\xff\
\xdd\x8b\xb9\x13\x93{\x0bm\x93\xd2v\x8a\xc36\x94\x13\
v\x8cXRe\xb9U\xbb\x8b\x8e\x8d\xed\xa06n\xd9\
J\xd8J\x8b\x17\xa0:\xe9}|\x9a\xfe%\x19\xc6M\
j\xe6\xf2]n%T1\x84\xee\x08\xb8]\xcc\xa7\x93\
\xd6\xcbI\xa9\x89n\xb5\x9f\xb2i;\xb1\xfa\xd1\xf4\xb9\
\x91=\x85\x89\xef\x1b\xb0\xeb\xc6s]\x13ox\xff\x5c\
1U\xa0\x89\x91\x03\xf4\xfe\xf8\x16\xe7\xb1\xc1\x1cD\xd8\
B\xb5\xeb\xe1O\xf8\x0f)\xa7nTW\xad\xd8\xef\xd6\
A\x95\xc3I{\x84\xf4\x8a9)\x8a\xa8o\xf0+\xf8\
%\xb7\xca'\xea\xe1\xa7\xd2g\xec|-\x7f\xf4\x99\xfd\
Vc\x8b&5I*K\xcf\x81I\x16M\x8cr\xd8\
\xc6\xb6\xd2\xa4\xe8~\xaa7\x86p\xdd\x16\xc2\xa0\x87\xcf\
2?\x22\xc3\xfc)Z\xb8\xe1\x82\x93\xf7(\xe8UW\
\x9dG\xcaZ\xeaOkW\xefk/\xb6\xdd\xf9\xe0\xd0\
\x87\xce\xec)6\x9dh\x911\x96+1{\xc3\xdb\xb4\
\x98}tz\xe25:*\xba\x8f\xc36\xed\xb4v\x01\
B\xa0\x97?\xff\xffJF\xf4v5s\xe9\x01\xb7\x0e\
B\x02\xa1;\x0a\xce\xb5\xddB\xe2\xffq\xe8~\xd5\xad\
\xf2\x82\xa5ms\xf9\xaa\xcc\x9f\x0c\xed\xcd\x8d\xbf<c\
'\x1a\xf9]\xaa\xaa)\x1a\xfd\xd6\xc0\xad\xd9\xd3\x12\xaf\
\xd3\x09\xf1\xad\xce5\x5c\xb4l!DzI\xeb\xcfR\
2\xf9\x80\x9a\xb1d\xd0\xad\x83\x10A\xe8\x8e\x92^y\
\xc5\x89d\x1a\xb2\xd8\xfd\x89\xa5\x9a\x11\xcb\x16\xb5\xb9s\
K~\xda\xd2\x87\x86.87oG?\x84\xb0\xfd=\
SY\x94\xe2\x80=%\xfe\x06\x9d\x96|\x9d\x12*\xe7\
>\x03\x10\x0ay\xd2\xf42E\xac\xbfT\x97\xad~\xc1\
\xad\x83\x10B\xe8\x8e\x92\xde0\xbf\x9e2\xd9\xbf\xe1W\
\xf2\xeb\x5c\x8c\x94j\x8f\x88\x8c\xf6Is\x8bv\xe3#\
\xe9\xf37\xbf\x91\x9b~\x89&u2\xd7\xe1\xbda\x12\
\xb6uF\x86\xa6F\xf7\xd0\x19\x89\xd7h\x8c\xd9\xc7/\
\x0c\x06HAh\xc8\xa4\x17\xdd\xa4\xf4R\xb2c\xffB\
\xb3\xee\xdd\x83\xa9\x1d\xc3\x0d'v\x0f\xe8Us\xcf!\
C\xff\x82wO+\xd5\x0c[\xb1\xa0#\xed]\xc5\xe6\
W\xd6\x0f]\xd8\xdfSl\x99\xc1\xef\x88\xcc$U\xf3\
\xa2\xaa\xe0\x84\xed\xe4H;\xbd?\xbe\x95&D\x0eP\
\x84\x03\x18 D\xfay\xdb\xc2g\x90\xdbI\x15~\xa5\
._\xd7]\xaa\x860C\xe8z\xc0\xb9\xb6[L\xfc\
\x05\xbf\x9c\x8b\xb88\xdcI*rEmn~=\x7f\
\xec\xab\x8f\x0e~\xa0)O\xd1\x8b\xb9\xae\xe6\x07J\xc9\
\xa2\xf6\x12\xb6\x12\xb2\x12\xb6\xd2\xc2E\xd8B\xc8\x14\xb9\
-\xdb\xc5g\xdf\x87\xf8\xec\xf1S\xd2\xd6&5{\x0d\
\xae\x97\xd4\x08\x84\xaeG\xf4\xba9\xef'[\xfd\x88w\
\xff\xb4Tsx\x9a\xa8{\xc0\xae\xdf\xf5R\xe6\xc4W\
\x9f\xcb\x9e4^\x931\x83\xab\xabj\xf5\x1f\xad5\xd9\
\xbci\xdb&\x8b7m\xf3\xbe\xfc\xe7\xd6\xbf\x93\x92\xff\
d\xedZ\xde\x9cG\xa3\xb4\x8e\xadlN\x99\xc3\xb6\xd1\
\x1ct\xba\x8f\x8f\x8dm\xe7m'\xc5U\xde\xfd\x7f\x03\
\x84\x82|0:y{\x8d?\xee\xf7\x92]XN\xb3\
W\xefDwrmA\xe8z\xc4\xb9o7\xaa>\xc7\
\xbb\xff\xc8\xdba\xa7\x87\xd4\xa4\xfa\xba\xad\xe67\x9e\x1c\
:c\xc7\xe6\xc2\xd1\xe7q\xcdT\xf7\xa9@\x92\x10\x95\
P-\x16\x8b\xbcYT\xb4\x8adY\xfc\xc8\xfb\x05\xae\
s\xf6\xb9\xaeX\xb4\xc9\xb6-\xfey\xfe\x1a\xcf\xe5w\
r\x02V\x95B\xd6\xe4-\x121\xc94M\x8aF\xa2\
\xd4\x92\x22:\xa1i\x80\x8eI\x1e\xa0\xa3\xa3\xbb\x9c\xf0\
\x05\x08\x19\x99\x87t\x0bo\x0f\x91m\xddCJ?\x89\
\xd6mmB\xe8zH\xaf\x9d{\x1c7\xf9~\xcc/\
\xabt\x15\x1f\xea\xb5\x1d\xd8_\x1c\xbba\xc3\xe0\x05\xd9\
\xfdV\xebe\x5c\x0e\xe4\xba\xbc\x12\x9a\xd9\x5c\x9e\xf2\xf9\
\x02\xe5\xf2yg+\xf0~\xbeP*K\xd8J\x08K\
 \x8fFC\xacH\xefkN\xd3Y\xe3\xd3tFk\
?\x8dK\xe0\x1c\x04\xa1#\xd7F6\xf3\xf6\x18\x7f`\
VQ2\xb2Q\xcdX\xd6\xeb<\x035\x09\xa1\xeb!\
g\xbd\xddL\xc3\xff\xe4W\xf5\xcb\x5c\x94\xc9,\xde\xae\
kGn\xf2}\xf7\xa7?\xd46d\xd7Iwr\xb2\
T]y\x12\x9e\xb9B\x9e2\x99,e\xb39Jg\
3\xcec\xbe \xe1\x9bsZ\xb3^\x8a\x9b6Mo\
\xcc\xd2\xb9m\xfdt\xee\xf8~\x9aX\x97\xc3\x81\x08!\
\xa4v\xf3\xa7\xeb\x01\xfe\x80m\xe0/\xe3\xeb\xd5\x15\xab\
\xdb\xdd'\xa0\x86\xe1\x5c\xe71\xbdv\xce\xe9\xa4\xd5w\
x\xf7\x22\xde\x0e^\xa7=\xb0+?a\xed}\x03\x97\
\x1eW\xa0\xc8y\x5c6K\xd5\x95\x95\xe3@\x1dLg\
x\x1b\xa2t&\xc3e\x0e^\x0e[\xafC\xf6\xa0\x88\
\xd2tBK\x9aNo\x1d\xa0S\xc6\x0e\xd1\xf4\x86,\
\xc58\x80\x01BFf\x91Z\xcf\xa7\xd7\xa5T\xb0\x9f\
\xa1+W\xee\xc2u[8\x08\xa1\xeb1w1\x84/\
\xf2\xde?\xf0\xcb;\x91?j;\x7f\x97;v\xd3#\
\x99\xf3\xc7g\xed\xd8\x9f\xf0\x8fT\xf45\x97\xeb\xb3\xe9\
t\x9a\xfa\x07\x06\xa9\x7fp\xd0i\xc9J\xd0\xda\x5c\xef\
\x17\x93\xc3vJ}\x8e>\xc0\xad\xdaS\xc6\x0e\xd2\xb1\
M\x19'lq\xf0A\xc8t\xf3A}?Yz\x05\
E\xccG\xe9\xb2\xe5\xbb\x11\xb6\xf0N8\xef\xf9@\xaf\
\xbb\xf2h\xb2\xe9\xe7\xfcq;\xee\xd5\xfc\xf1\x8f=>\
t\xce\x19i\x9d\x90\x19\xab*\xf6zK\xebUB\xb6\
\xbb\xb7\x97\x06\x87\xd2N\xf7q\x91\xebF{]\xf6\xdd\
\xc8?\xb65Y\xa0\x0b'\xf6\xd2\xd9m\xfd4\x99\x83\
\xb7.b\x11\x9f\x88\x00\xc2\xa4\x14\xb6\xc4ak\xd0\xd3\
\xfc\xc1\xda\x89ARp88\xfd\xf9@/\x5ch\xd0\
y\xcf\xce\x7f>{\xea\x05OgO\xbd$m'\x8e\
\xe1\x17:\xe1>]V\x12\xb6]==\x1c\xb6}4\
\x94\xceP\xbe\x90\xe7:\x7f\xbbt\xe5\xa0\x1a\x93(8\
-\xdb\xb38l\xa7r\xd8\xb6\xc4\x0b\x08[\x08\x9b\xa1\
R\xd8\xd2\x9d\xa4\xf4K\xfc\xc1\xda\x86\xb0\x85\xf7\x82\xd3\
\xa0O~|\xfb\x9dW\x17\x95\xf9\x7f\x8b:rr%\
\x02WZ\xb0\x1d]\xddt\xa0\xb3\x8b2\xd9,\x15\x8a\
\x05\xb2m\xff{\xbab\x86Mg\xb6\x0d\xd2%S\xba\
\xe9\xa8\x86,5\xc6\x8a\x145\xd0\xc3\x06!\xa2)\xc3\
\xdf 7\xf1\xe3\xad\xa4\x8dM\x94\x8a\xee\xa5\x8b\x96\x0c\
\xa1+\x19\x86\x03\xa1\xeb\x83\xef\xdc\xba\xec\x1c\xc3\xd0_\
\xe7O\xe7\x87\xb8X\xf6Q\xca=}}\xb4g\xdf\x01\
g\x80\x94\xb4t\xfd\xecB~\xbb\x89\xa9<-8\xbe\
\xdd\x19$U\x1f\xb5(\x82\xb0\x85p\x91\x1b\xd0_\xe6\
\xed\x07\x14\x89>B\x85L'\xcdZ3\x80\xb0\x85#\
\x81\xd0\xf5\xd0\xc2\x0d\x1b\x22-\xbb\xfa\xce\xd6\x86\xfd/\
\xfc\xc2\xca\xbd\xbae\x1b\xa5,\x03\xa1\xa4E\xbbk\xef\
>\xe7\xbam9Z\xb5B\x0e\xa0d\xc4\xa2K\x8f\xea\
\xa1\xf9\xc7\xed\xa7x\x04\xa3\x91!Td\xa2\xb5,)\
\xbd\x8b\x8f\xf6\xef\xd0@\xe2\x0e\xb5\x00K\xee\xc1\xc8!\
t=\xb2p\xe1B\xa3\xf9\xd8\xd3\xdf\xc7\x1f\xceo*\
\xa5fsUY\x02\xd7\xb9\xc76\x9f\xa7\xce\xae\x1e\xda\
w\xe0\x80\xb3_.2\x02\xb9-\x99\xa7\x8f\x1d\xbf\x9f\
\xce\x1d?\xe0\x8cR\x06\x08\x09\xf9\xf6(\x0b\x12\xec$\
\xad~By\xba]\xcd[1\xe0<\x030\x0a\x08]\
\x8f\xfc\xd7-\xf7\x9eP0\xe8\xaf\xf8\x15\xfd[~Q\
\xcbr\x0dWf\x86\x1aJ\xa7\xa9\xfd@\xa7\xdb\xba-\
_+\xb39^\xa4\x93\xc6\x0c\xd1\xbcc:hZC\
\x86\x0c\x1cI\x10\x0e\xf2!\x92\xd5~\xb6\x91\xb6\xef\xa6\
\x82y\xbb\xbaj\xc5~\xe7\x19\x00\x0f\xe0T\xe9\x81o\
\xfebYC2n\xfd\x85Mj!\x17}\x9f\xdaQ\
Z\xb7r\x7fmOo?\xed\xdd\xbf\xdf\xd9/\x179\
`Z\xb9u\xfb\xe1I}4sZ\x17\x8d\x89\x17J\
O\x00T7\xe9\xa6\xe9\xe2m;\xd9z-E\xd4/\
\xa9/\xb1S-X\x82%\xae\xc0S\x08\xddQ\xba\xf1\
\x8e\x95-9\xbbp\xb9RZ\x16:8\xa9T\xeb\x1f\
\x19\x185\xc8\xad[\x19\x99,\x9b_\xb3G\x1d\x8a\xdc\
\xf231\x95\xa3\x8b\x8f\xea\xa6\x8fL\xeauZ\xbb\x00\
U\xee`\xd8\xbe\xc5\xdff\x1f\xe1\x83\xfc\x1e\xd2\xc5\x97\
p\xeb\x0f\xf8\x05\xa1;\x0a\xdf\xba\xf5\xd6\xba\xa8\x99\xba\
\x90\xb4\xf1\xaf\x5c<\xb7T\xeb\x9fB\xa1@}\x03\x03\
\xb4\xef@'\xf5\xf5\xcb\xe5\xa6\xf21\x94\xa6\xc9u9\
\x9ast\xa7s\xff\xad\x8cN\x06\xa8b\x12\xb6\x03|\
\x0a|\x91w\x9f$\xcb\xbc\x8b\xd2\xd1\xd7\xb8e\x9b)\
=\x0d\xe0\x0f\x84\xee\x08\xc9\xc0\xa9\x96\xf7\x9du\x8a\xb6\
-\x19\xa9|\x95[\xed\x1b\x09\xdc\x8e\xee\x1e\xda\xb7\xff\
\x803J\xb9\x9c\xe4 \x91\xd9\xa4.\xe1\x16\xee\x9fN\
\xe9\xa6$F(Cu\x1b\xe2\xedw|ds\xcb\x96\
VR\x96\x9e\xc1 )(\x17\x84\xee\x08}\xf7\xe6\xa5\
\xcdFT}\xcd&\xfb\xab\xfc\x22\xfa:pJ\x96\xd4\
\xdb\xd3\xbe\x9f\x0etvr\xf8\x96\xb7KW\x0e\x90\xb1\
\xc9<\xcd;\xa6\x93.\x98\xd0\xe7,\xc7\x07P\xc5^\
\xe3\x83z=ic-Y\xc5\xa7\xd4\x9cU=n=\
@Y tG\xe8\xbbw\xdc\xfbI\xa5\xe9?xw\
R\xa9\xc6\x1f2G\xf2\xf6\xdd\xbb\xa9\xa7\xaf\xbf\xac\xd7\
o\x0fjK\xe5\xe9\xf2i]4cr\x0f\xba\x94\xa1\
\x8a\xc92{\xb4\x98\xc8~\x90\xb4\xf5\xb4\x9a\xbd\xa6\xa3\
T\x0fP^\x08\xdd\x11\xf8\xcf\xbb\xee=\xc1(\xd2=\
\xfc\xe2\x9d\xeaV\xf9BV\xff\xd9\xb1{\x0fu\xf5t\
S\x99&\x95\xfa\x03u\x1c\xb2\xd2\xa5<\xf7\xe8\x0ej\
\x8c!p\xa1\x0ai\xda\xc9\xbf,%Cm\xa0\x88\xf9\
\x98\xbad\x99\x0c\x9a\x02\xa8\x18\x84\xee\x11\xba\xe9\xa6\x9b\
\xa2\xe9T\xebb\xa5\xd4\x5c.\x1e\x5c/\xd7s\xe9l\
\x96v\xec\xda\xed\xdc\x7f[\x89\xc0\x95)\x1c?4\xb1\
\x97>~\xfc~g\xa5 \x80*\xd3NJ\xdfGJ\
\xad \xab\xf8\x02\xb7l\xa5\xa5\x0bPq\xbe\x85FX\
\x0d\xd5\xb5\xce\xe7\xc0\xbd\x8cw}\x0f\xdc\xde\xfe\x81\x8a\
\x04\xaeLtqtc\x86\xae\x98\xde\x85\xc0\x85\xea\xa2\
i?o7\xf3\xa7\xf3\xaf\xa8@\x8bh\xec\xdeu\x08\
\x5c\x08\x12\xb4t\x8f\xc0\x0fn_|\x92M\x91\xbbx\
\xd7\xb7n\xe5t\x86\x03ww)p+q\x0dW\xd4\
\xc7\x8at\xc3\xe9\xbb\xe9\xf4\xb1\x83\xce\xadB\x00U`\
\x90\xc3v\x1d\x1f\xb07\x936^%#\xdd\xa1f\xae\
\x97Q\xca\x00\x81\x82\xd0\x1d\xa6\xf9\x8b\x17\x9b\x1f\xca\x99\
\xf7\x90Rs\xb8\x18)\xd5zK\xae\xe1n\xdf\xb5\xab\
\xa2\x81+>\xf5\xfev\x9a=\xad\x13\xab\x04A5\xc8\
s\xd8>\xc1-\xdb\x1fP^?M\xd9d\xbbZ\xb0\
\xa4|\x13\x90\x03\x1c!\x84\xee0h\xad\xd5\xf7n_\
\xf67J\xe9\x7f\xe3bK\xa9\xd6[r\xef\xad\x8cR\
\xee\xee\xa9\xcc5\xdc\x83\x8ekJ\xd3\xbf\x9e\xb7\x8d\x22\
f9\xef\xc5\xe5\xc3P\xc5\x89\x8c:\xa2\xf8\xfb\xf9+\
\xcdx\xae\xe3\x17\xa1\xb0\x87(\xf7&\x91-\x13\x81\xe0\
\xde`\xf8or0\xf4\xf1\xb6\x99\x0f\x9d\x7f\xa7\xd6\xbd\
\xab\xd59\xcf\xe2:\x08T\x05\x84\xee0\xfc\xe0WK\
\x8f\xb5\x22\xfa\xd7\xfcb\x9d\xc3E\xcf\xaf\xe5\xca\xc4\x17\
;\xf6\xee\xa3\x8e\xce\xae\x8a\xb6p\xe5\x96\xa0\xffq\xd6\
\x0e:qL\xb9z\xe5$l\x13D\xd1\x09D\xc9\x0f\
\xf0\xe3\x09\xfc\xea\xbe\xe3\x96g\x8b\xcf\xad\xb9\x17\xf8[\
\xc9\xd3\xbc\x8f[*k\x9c|8d\x12\x8bW9w\
\xbfOM\xa9\x95\xea\x02\xcc \x05\xd5\x05\xa1\xfb\x1en\
\xbe\xf9\xe6D_\xa4\xe1\x9f9\x0dd\x05\xa11n\xb5\
g\x0e\xce4\xb5s\xcf^*\x16+7\xf1\x84\x5c\xbb\
\xbd\xe6\xd8\x0e\xba\xfa\x98\x0eg\xc9>\xdfI\xd8FZ\
\x89\x12gs\xe0\x9e\xc5\x15\xef\xd1c\x9f\xdfJ\x94~\
\xb8\xf4\x88Vo\xad)\x92\xa6.\xfe\xfc\xbdEJ-\
\xa1\xc6\xf8O\x11\xb6P\xad0z\xf9=\x0c\xa8\xe6\xd3\
l2/\xe3\x0f\xbc\xe7\xdd\xca\xb6\xd6\xa5\xb9\x94\xf7\x1f\
\xa8h\xe0\x0aY\x17\xf7\xc2I\xbd\x14-G\xe0\x1a\x8d\
\x1c\xb4g\x125.\xe0G\x99\xb2z\x18\x97\xc8c\xc7\
\x105\xcc\xe3\x90>\x95\x03\xdb\x97K\xea\x10<\xdc\xb2\
\xd5\xfb\xf8\xf11~\xd3\xbfEE\xfd1\x9a\xb9\xe2\x07\
\x08\x5c\xa8f\x08\xddw!K\xf6\xe9\xa8\xfe\x18\xb7\x02\
\x8f\xe6\xa2\xa7\xbd\x02\xb2\xf6\xed\xc0\xe0 \x1d\xe8\xec.\
\xfb\x5c\xca\xef\x1454]6\xb5\x9bZ\xe2\x05\x9f\xbb\
>\xf8p\x8bL&\xaa\xbb\x88\xb7K\x88\xcc\xb1\x5cw\
\x04\x7f\xa2\xc9\xdf{\xeafr\xf0\x9e\xc1\x05\x1c\xba!\
&\xdd\xc8{y[\xc7\xdbw\xf9\x8d\xff,=y\xe6\
w\xd5\x95+\xf7(%\x17\xfb\x01\xaa\x17\xce\x5c\xef\x22\
\x1a\xd7\x1f\xb45]\xc0\xbbM\xa5\x1a\xef\xe4\xf2y\xda\
\xdfQZ|\xbe\xd2d\xf0\xd4Y\xe3\x06(\xe9k+\
\x97\xc35:\x85C\xf3#\x1c\x9agqq\x84\xd3U\
\x9b\xfcV\xa4.\xe6\x96\xef\x89\x5c\xc0\xd5\x91\x90\x91@\
\xed\x22YbO\xd3\xb7\xc86\xbfL\x89\xc1\xef\xaaY\
\xcb\xb6\xabE\x8bpM\x01B\x01\xa1{\x18_\xbf\xe3\
\x8e\x16\x83\xf45|Z?\x99\x8b\x9e\x9e\xdd\x0b\xc5\xa2\
\xb3\x00}WO\xe5\x037j\xd8N\xb7\xf2\x98\x04\xb7\
r}\xcb0>\xccb\xd38,?\xcc\x8f\xc7\xf3\xab\
\x19u\xebG\xc8l$\xaa\xe7\x96r\xf4(\xb7\x02\xaa\
\x9c\x84\xad\xcc\x04\xb3\x89\xf7n\xe2O\xdb\xbf\xd0`\xe2\
Fu\xc5\xb27\xd5\x8c\x8dXa\x03B\x05\xa1{\x18\
I;y\x0e\x9f\x09\xce\xe7\xdd\x86R\x8d7\xb4\xd6\x94\
Ng\xa8\xbd\xa3\xa3\xa2#\x95\x0f\x9a\xda\x90\xe5\x96n\
\x86\x12~.\xd7\x17\x9d\xc8\x81\xcb-\xdc\xd8\x09\x1c\xb8\
q\xb7r\x94\x22m\xdcj\x9e\xc1G0\x070T3\
\xb9\xb6\xf20\x7f2\xfe\x93\x0f\x8e\xaf\x92\x99\xfbw5\
k\xe5F\xdck\x0ba\x85\xd0=\x84\x1b\xefX\xd9\xa2\
\x0c\xba\x9c\x1b~\xc7\xbaU\x9e\x91V\xee\xbe\x03\x1d\x94\
\xce\x04c,\xc89m\x034.\x99\xf7\xaf\xa3V\xae\
\xc3\xc6O\xe1\xe0=\x9a\xcf\xa9\x1e\x0f\x80\x8aN\xe70\
\xbf\x80\x7f_\xd3\xad\x80*\x22\xdf\xf2\x9e\xe2\x03\xef_\
\xc9V\x0b)g|G\xcd\xbe\xef\x09\xcc\x22\x05a\x87\
\xd0=\x84\xbc\xca\x9f\xcc\x0d\xd2?\xe1\xdd\xfaR\x8dw\
\x0etv\x05\xe2:\xaeh\x8a\x15\x9d9\x96}[\xb2\
O\xba\x91c\x1c\xb6\x12\xba*\xe6VzH~\xff\xc4\
i\xfc\xfb\xcb\xf5]\xa8\x22o\xf1\x9b\xf7\xef\x1c\xb6_\
$\x95\xfb\xbe\xbab\xc5#XD\x1ej\x05B\xf7\x1d\
d\x15!\xdb\xd6|&\xa7\x13J5\xde\x91\xd6\xad\xdc\
\x1e$#\x97\x83\xe0\xb8\xe6\x0c\xb7r}\xbc\x96k\xca\
}\xb8\xe7\x96Z\xbb\xbe\xe0\xbf\xb8\xe2\xefE\xc9\x0f\xf2\
\x9f1\xce\xad\x83\x00\xdbNZ\xff')\xfb\xf3\xa4\x0b\
\xdf\xe2\xb0}\x06-[\xa85\x08\xddwH'\xc7\x1d\
\xc7gr>\x8b{\xdf\xca\xdd\xbd\xaf\xdd\x19\xb5\x1c\x14\
\xefk\x1er\x06P\xf9B\xae\xb5\xca=\xb5\x11Y\xe3\
\xdf\xb7\xcek\xfe\xadM\xfe3\x8e*\x8d\x88&t3\
\x07\xd4v>\x04\xbeI\xa4?K\xda\xfe6\xc5\x876\
\xaa\xd9kdnO\x80\x9a\x83\xd0};\xad\x952\xf4\
\x99\x1c\x11\x1f\xe6\x92\xa7I\xd1\xd3\xdfO]\xdd\xc1\x99\
\xc6\xb05\x91\xa7Iu9JE\xfc\xe8Z\xe6\x97N\
Z\xb9N\xb7r\x19&\xb2\x90\xe0M\x9cT\x1a!\x0d\
\x01\xa2dI\xbdo\xf3\x07\xebSd\x17\xff\x8b\x12\x83\
\x8f\xa9+V\xb7cD2\xd42\x84\xee\xdb|\xeb\xb6\
\xa5\xe3H\xab\xd382\xa6\xbaU\x9e\x90\x11\xcb;w\
\xef%+ \xdd\xcabr}\x9e\xc6&\x0b\xce\xda\xb9\
\x9e\x93{pe\x06)\xd3\xf3Y3\x0f\xcf\xe0?+\
q\x0e\xff\xd9\x1e\x8d\x8e\x86\xd1\x90.\xe3;\xc9\xa6\xab\
)\x91X\xc4a\xfb\x84\xaci\x8b\xb0\x05@\xe8\xfe7\
YI(j\x98\xef\xe7F\x9a,\xdd\xe7i\x14\xed\xef\
\xec\xa2\xa1t\xda-\x05\xc3\xb4\x86\x0c\x8dO\xfa\xd1\xd5\
\xcd\x87\x94\xd1\xc0\xad\x5cYr\xd8\x8fD?\x0c\xc5\x7f\
\xae3hKn\xab\x86\x0a\x90\x03\xbc\x93\xdf\xf25\xfc\
i\xba\x8a\x9e\xb8\xef:\xe7\x9a\xed\x8c%\x83\x08[\x80\
\xdfC\xe8\xba\xbe}\xdbm)\xa5\x8b2x\xca\xd3\xa1\
\xb0r/\xee\xfe\x03\x1d\x81\x19<%d\x9d\xdcq\xa9\
\x02\xd5\xc7|\xe8Z\x96\xee\xe4\xd8d\xfeCZ\xdd\x8a\
2\x92\xb0O\x9c\xc2\x8f~\x0d\xdc\x82?\xa6eP\xc0\
\x01~\xe3\x1f%\xa5>E\xfd\x89+\xd5\xac\x95\x0f\xaa\
EX\x95\x02\xe0P\x10\xba\xae\xa4Q\xd7j+\xe3#\
\xbc\xeb\xe9k\xd2\xd9\xd5M\xd9\x5c\xce-\x05\x83\xcc\xb1\
\xdc\x12\xf3i\x9ee\x09\xdd\xe81n\xa1\xdc\xf8_$\
s;\xc7\x8f+\xed\x83\x9f\xf8\x1b\x9b\x5c\xb3U\xf7s\
\xd8^O\x03\xf1+\xd4\xe5+\xd6\xaa\x05K*?\xe3\
\x0b@\x80!t\x85\xd6*\xaf\x8c\xf1Jk\x99g\xd9\
3\xd2\xca\xed\xec\xe9\xa1b\x00f\x9ez\xbb\x06n\xe1\
6\xc6\xfd\xfa;I\xe8VpzFY\x08_f\xbe\
2\x9b\xdd\x0a\xf0\x18\x1f8\xee\xca?\x86\xf5\x8f\xd4\xd4\
y-\xc2\x16`\xf8\x10\xba\xec\x07w\xaci0l-\
\xd7se5!\xcf\xf4\xf4\xf5\xd1P&\xe3\x0c\xa4\x0a\
\x12\x99\x0c\xa3\xce\x97Q\xcbL\x062U\xb4{\x97[\
\xb8\xd1\xa9n\xf0\xa3\xb5\xeb!9`\xb6q\xe0\xae\xe5\
o4\xdf \x15\xfd\x04=~\xcem\xea\x82MXf\
\x0f\xe0\x08 t\x99m\x15\x9b\xb5R\x97\xf0\xaeg\xaf\
\x87\xb4reA\x83b1x\x0d\x00\x09\x5c\x7ff\xa1\
\x92\xee\xddq\xfcP\x86\xdb\x84\xde\x8d\xb4v%x\xe5\
\x11FK\x0e\x94=\xa5\xb0\xd5\xdf#;\xf2\x15\x1a\x88\
\xfdH]~\xef>\xac\xfc\x03p\xe4j>te\xd4\
\xb2\x8aX\x9c\x14Z\xae\xe7zfp(M\xe9L6\
P\x03\xa8\x0e\xaa\xe3\xc0M\xfa\x12\xba|8\x95\xf36\
\xa1\xc3\x92\xd6\xee\xd1\xa5{\x85a\xa4\xa4{\xa6\x97\x1f\
V\xf1\xf6}*\x92,\xb3WZ\xf9\x07]\xc9\x00#\
V\xf3\xa1\xfb\xcfK\x96D\xc9\xd2\xc7\xf3i\xda\xd3\x0b\
\x91\xbd\xfd\xfd\x94\xcb\x07k\x00\x95\x90\x0e\xd7\xb8iS\
\xc2\x8f\xb5s\xe57W\xa9\xd2~\xa5I\xe0\xcalX\
\x95nuW'\x99-JV\xfe\xf9w\xb2\xcd\x7f\xa4\
\x9d\x93\xbe\xa7\xae\x5c\xb9\x19\xb7\xfe\x00\x8c^\xcd\x87\xee\
\xd8|}\xc2Vt6\xefz\xf6Z\xe4r9\xa7\xa5\
\x1b\xc4\xaee\xb9](\xca\x9b\xe4\xa3\xf7\xf8w\x0dJ\
\xc89\xa3\xa8\xa5\x8b\xd9\xf3\xd9<\xc3\xcc\xe6\xf6\xed#\
\x1c\xb6_wV\xfe1\xf2\xdc\xb2]\xfe\xb2\xfa\xdcO\
}\x9a+\x14\xa0\xf6\xd4|\xe8\xdaF!\xa9\x14\xfd\xa9\
[\xf4\xc4`:\x13\xb8\xdb\x84\x0e\x92\xd0\xf5u\xed\xdc\
 \x89N\xe6\x16\xefX\xde\xf1\xe7+F\x88\xc8\x01\xf1\
\x14)\xfd\x15\xd2\xea\xab\x1c\xb6?tV\xfe\xc1b\x04\
\x00\x9e\xab\xf9\xd0\xd5Vq2\x7f\xbb\xf7t\x1a\xa3\xc1\
t\xdaY77\x88\xa2\x86t-\xd7\xc8%9\xb9m\
\xc8\xe9b\xc6\xd4\x90\xef\xe29>\xfe\xbf\xea,\xb3\xd7\
\x9f\xfc)V\xfe\x01\xf0WM\x87\xae,\xe3\xa7\xc88\
\x89\x1bB\x9e\x9d\x95\xb3\xb9\xac3\xe5\xa3\x8c^\x0e\x22\
Ci2\xfdj\xf8\xc9\xadQv\x90\xee \xe1\xc3;\
:\x8d\x1f\x02r\x9d9X\xde\xe2\xe3\xfe\x9bd[_\
 \xdb\xbe\xc5\x09\xdb\x05Kp\xfb\x0f\x80\xcfj:t\
\xf7\xc6b&\x9fx\xcep\x8b\x9e\x18Jg(\x97\xcb\
\x07\xee\xde\xdc\xf2\x90\xd0\x0dX#IF1\xe3\xba\xee\
\xdbm\xe7\xed\xdf\xf8\xad\xfa\x14\xe5\xf5\xb7)\x95~V\
\xcdY\x15\x9c\xe5\xaf\x00B\xae\xa6C\xb7\xad\xae.\xc2\
\xe9x\x9e[\xf4\xc4P&\x1b\xc8Q\xcb\x07\xe5-\x83\
\xb2\xbc\xf9CBw\xbf\xbb\x1f\x10F\x82\x83\xf7\xa8\xe0\
\x0c\xf0\xaa\x9cv\xde\xbeM\x86\x9eE\x89\xc47(9\
\xf0\x8c\x9a\xbb\xb2\x13#\x92\x01\xca\xab\xa6C\x97\xa31\
FJ\x9f\xe9\x16G\xadX,r+7\x1b\xc8Q\xcb\
\x07\x15m\xc5\xc1\xeb[\xff2\xff\x01\xdd\x1c\xbcY\xb7\
\x1c\x10\xceu]\x0e\xdf\xda\x22\x83\xa3d\xe5\x9f\xbd\xbc\
\xfd\x94\xc3v\x86\x9au\xdf?\xa8\x99+_\xc7\xca?\
\x00\x95S\xd3\xa1\xabr\xd1\xd3\xf8W\xcf\xa6-\x92\xc1\
S\xf9B\xb0\xef\xae\xc8\xdb\x06\x0d\x15\xb8\x81\xef\x96\xbd\
\xc7\xe7rk\x8f\xbb\x1f\x10r]W%\xddB-\x90\
\x95\x7f\x94\x84\xed\xfd\xbc\xffiz\xe2\xbe\xcfK\xd8\x96\
\x9e\x03\x80J\xaa\xed\xd0%o\xbb\x96\xb3\xd9\x1c\xb7t\
\x83\x7fKc\xc62(W\xf4\xe9\xad\x97\xf3}~\x9b\
[\x08\x08\xb3\x857\x99)+\xf4\xb7\x0e\xe5\xf8\xdb\xd4\
N\xfeX/\xe7\x7f\xea_\xd1@\xe2\xa3Xf\x0f \
Xj:t\xb5\xa2\xd3\xdd]OH+7\x97\xf7c\
axo\xa5\x0b&\x0d\xf2\xe6\x0bmq\x93_\xe6\xc5\
\x0fZ\x17s\x00\xe6\x84\xf6\x8f\x1ct\xdb\xf9E_\xc1\
\xdb\xdf\xd1@\xfc\xe3X\xf9\x07 \x98j\xbc\xa5\xabd\
\xd1zOX\x96\xed\x84\xaem\x07\xff<'\x81;T\
\xf4)t\x9d\xeb\xba\x9d\x1c\xbc\xbb\xdcr@Hk7\
d\x87\xbb-}5\xa4$l\xa5e\xfb5\xfe\xc2\xf3\
\x97j\xf6\xcae\x08[\x80\xe0\xaa\xd9\xd0\xfd\xce\xe2\xc5\
I>Y\x1d\xeb\x16G\xadh\x15\x9dVn5\xdc)\
4\xc0\xa1;\x90\xf7\xb1\xd5'\xf7\xea\xe6^\xe7\x977\
@\xe7~\xb3\x8d\xbfe\xf9\xf5E\xa3\xbcd\x12\xcfA\
;E[\xf3S\xa9\xa3\xd8\xba$k\xc7\xfe\x81f\xde\
w\xaf\x9a\xbdF\xe6L\x06\x80\x00\xab\xd9\xd0\x8dfi\
\x02?x\xb6\xd2\xb9\x8c\x5c\xceWA\xd7\xb2\xe8\xceF\
\xa9'\xe7gW\xabt1\xef\xe4\x87\x0e\xb7\x1c\x00\xce\
\xa2\xf6\xd5\x1d\xba\xa5\xb0\xad\xa3\xcd\xf9\xe9\xf4T\xe6\x0c\
\xfam\xfa\x1c\xba\xbbo\xd6\xfe[w\x7f\xa6CI\xa3\
\x17\x00\x02\xaffC\xb7\xa8dH\xabw\x9c\xdb\x85\xaa\
$t\xd3E\xc3\x09\xde\x82\xed\xe3\xc0\x22\xbb\x97[\xbb\
\xaf\xcaN\xa9\x5ci\xb2\xb6n\x95\xb6t%l\xd3v\
\xc2i\xd9>\x959\x9d\x9eJ\x9fA\xafdO\xa0^\
\xab\x91\xbf\xde\x18m\x03\x0d\x84)\xb7\x00\xaaD\xcd\x86\
\xae\xa9\xf41\xee\xae'\xe4\xde\xdcB\xa1:n}\xb4\
\xb5\xa2\xf6t\xcc\xff.\xe6\xfcV~a:\xdd\x8a\x0a\
s\xe6_\xae\xbe\xc3\xbd\xc8\xad\xf3\x9d\x85\xc9\xf4$\xb7\
l\x1fO\x9fE\xaff\x8f\xa7.\xab\xd9\x09b\xa14\
\x8d5\xf2YL.\x0dP%j6tmR\x93\xdc\
\xddQ\x93\xeb\xb8E\x8bC7\xa0\x8b\x1c\x1c\xca\x9e\xa1\
8ud\xa2n\xc9\x0f\xfc\xa2X\x07\xb8\xb5\xfb\x12\xef\
\x06\xe46*g\x82\x8c\xea\xb8mHBuoq<\
=6tn)ls'P7\x87\xad\xfd\xce\x8f\xac\
Rc\x22\x89h\xcd\xcd\xfc\x01P\xadj6t\xb5\xd2\
\xad\xee\xee\xa8im;\x81[M\xf3-\xef\x1eLP\
W6\xe6\xef\xc0/g@\xd5\xef\xb8\xc5\xbb\xc5\xad\xa8\
4\xe9\xea\x0e\xf6{t0l\x1fI\x7f\x80\x1e\x1c\xbc\
\x80\xc3\xf6x:P\x1cK\x96>l\xd7\xf8X+\xaf\
c\xee>\x00\x04\x5c\xcd\x86\xaet\xcb\xb9\xbb\xa3f\xdb\
v`W\x15:\x9c\xc1\xbcI\xdb\x06\x12\x94\xf6\xed\xd6\
!!]\x00\xdc\xda\xcd>\xc7\xad\xden\xb7\xae\x82t\
p\xaf\xb9K\xd8\xb6\x17\xc7\xd1\xc6\xa1\xf3\x9dM\xae\xd9\
J\xcb\xb6\xa8\xdf\xfd\x12\x00\xbf\xc2M*b\xfb\xd9e\
\x01\x00\x1e\xaa\xd9\xd0\xe5\xd8\x1d\xef\xee\x8c\x9a\xc5\xa1+\
\xdd\xcb\xd5D\xda{o\xf6\xa4\xa8\xd7\xd7Q\xcc\x82[\
\x972\xa0*\xf3\x0c\xefVp\x05\x22-\xab\xd6\x05s\
b&\x19\x10%-\xdb\x07\x06?D\xaf\xe7\x8e\xa1\xce\
b\xcb{\x86\xedA\x8a\xa8Ai\x13\xa1\x0bP%j\
\xb7{Y\xeb6ww\xd4\xb4\xad\x03\xbd\xc8\xc1\xe1\xbc\
\xce\xa1\xbb\xa5?\xe9,\x82\xe0\xbb\xf4#\xdc\xe2}\x96\
_\xac\x0a\xad\xc0du\xc9\x1b\xe5\x16\x82An\xff\xd9\
\x94>\x8b\x96\x0f\x5c\xea\x0c\x90\x92\x96\xad\xf4\x14\x1f\x1c\
$5,\x9a\xea\xb5e\xf9\xfd\xcd\x09\x00<R\xbb\xdd\
\xcb\x1e\xfe\xdb5\xffW\x0d3Q\xbd\x93\x8cb~\xa2\
\xbd\x89\xbas\xe5h(q\xdbz\xe8A\x0e\xdfM\xfc\
\x07\xcb\xe27e&\xf7\x0dW\xb8{\xd9\xe2\xd7;g\
\x9b\xd4o\xd7\xd3s\x99S\xe87\xfd\x97;\xb7\x00I\
K\xb7\xa0\xa3G\x16\xb6\xbf\xa7\x0cC\x95\xe1[\x13\x00\
x\xa1\x86\xbb\x97\xa9\xc1}\x1c5\x19@UEc\xa8\
\xfe\xc0+]\xf5\xb4{ Q\x9e\xbf\xbf.r\xe8>\
\xc4\xe1\xfb\x80{\x8d\xb7L/\x9a\x8c\x9e\xce\xbdUz\
\xac\x90L\xd1pF\x8b?\xbc\xaf\x8dn\xdey\x1e=\
\x9a>\xd7\x09\xdbQSTo\x1bX,\x18\xa0Z\xd4\
n\xe8*\xeff\xa3\xb29\xb1d\x1a\xc8j$a\xb0\
\xa9\xbd\x91\x06\x0be:o\xcb\xd4\x90\x99'\x89\x06\x96\
\x13\xe5%\x08\xfd\xeen\xb6\xf9\xcfy\x9dC\xfe\x00\xef\
\x97\xbf7B& 9\x90\x89\xd1\x0b\x9d\x0d\xf4\x9d\xe7\
\xa7\xd1\xaf~7\x91\xf6\xa6=\xbd\xc3'\xa9-\x84.\
@\xb5\xa8\xe5\x96.\xb8^\xec\xac\xa7]\x83e\x9e_\
A\x02\xb7\xffn\x0e\xe0MD\xc5\xfd\x1c\xbe>|i\
\x91\x96ma\x0f\xff\x19Op\xde\xf6\xb9\x95\xe5!a\
+\xf7B?\xb5\xbf\x91~\xfc\xf2d\xfa\xde\x0bG\xd1\
\xb6~\xdcN\x0bP\xeb\x10\xba@=\xb9(=\xbc\xa7\
\xc5i\xf5\x96\x95\xdc\xc7;x?o\xf7\x11\xe5\x9e\xe3\
\xf0m/\xd5\x8d\xb6\xdbYZ\xcf\x12\xe4\xb9\x97\x89\x86\
\xd6q\x02\xca\x8aG\xe5\x19D\x95\xb7\x14\xed\xe6/0\
\x9b\xda\x9b\xe8\xd7oN\xa0\x1b_\x9a\xe2t\xe1\xcb\xf5\
s\x00\x00\x84.8\xa4E\xf6Fo\x9d[*3Y\
\xf4\xbe\x9f\x83\xb7\xff\x9e\xd2(\xe7\xdck\x1c\x9a\xfb8\
'\xe5\x16\xa3\xe1\x84%\x87\xb4\x13\xb4\x1d\xfc{\xbdQ\
\x1a%=\xb8\x96h`u\xe9\xf7.\xc3jG\x12\xaa\
\xd2\xb2}do\x0b\xdd\xbdy<\xfd\xfc\xd5I\xf4T\
{#\xe5m|\xc4\x00\xe0\xf7pF\x00\x87\xac\xb1\xbb\
j\xdbX\x1a\xc8WjQ\x00\x0eW\x09\xda\xf4\xa3\x1c\
\x96\x1c\xc0\x83kJ\xa3\x9d3Os\x88r\x8b5\xff\
&\xb7X\xb7\xf3\xb6\xb3\xd4r\x95\x85\xf2\xf3\x9b9\xa0\
_\xe1\x9f\xe1\x90M\xff\x96\x7f\x9e[\xcd\x03\xfc\xff\x93\
\xc0\x95\x9fw\xee\xcd\xf5\x97\x84\xed\xfet\xcci\xd9.\
\xdd2\x8e\x96\xbc\xd5FO\xf2~\xc6\xd7IG\x00\xa0\
Z\xd5l\x9f\xd7\xf7n\xbfw/?L,\x95Fg\
(\x9d\xa1m\xbbvQo_u/g\x1a3l\xfa\
\xf4\x89\xfbh\xe6\xd4\x00\xcc\x1eu\x90,T s&\
\xab\x18\x7fELr\xc5\xc10+r\xa8\xe6K\x9b\x9d\
\xe5G\xde\xca5\x1a\x9a\xc9h\xef\xfeB\xc4\xe9:~\
\xb5\xab\x8e\x9e\xefh\xa0\xee\x5c\xe4=\xbb\x91c\xb1\x18\
M\x9d<\x89&\x8c\xf3l\x16Ry\x11.\xfd\xfb\xeb\
>\xfa\x88[\x06\x80\x00\xab\xdd\x96\xae\xa6^wo\xd4\
\x94\xa1\xc80\xaa\xff\xa5\x94\xae\xd0\x95\xdbZi{\x90\
\x06\xfcH\xb7\xb1\xddG\xce\xda\xbcN+\x97[\xb8\xce\
\xc6\xad]\xb9nk\xf5\xf0\xcfxp\x1dx\x98\xe4O\
\xe9\xcbG\xe8\x91\xbd\xcdt\xe7\x9b\x13\xe8\x1en\xd9>\
\xb4\xbb\x85:\xb3\xd1a]\xb7\x95;jM/\x8f\x15\
M\x83J\x9b\xd59t\x1e\xa0\x06\xd5r\xf7\xb2g7\
m*\xfe\xcfP\xe1x)\xdb\xd3q\xbawK[\xf9\
\x07UU\x81\x82\xa5\xe8\xb9\x03\x0d\xf4\xeb7&\xd0\xd2\
\xadm\xf4\xf0\x9efg\xd0\x94Lz1\x5c\xce\xb1\xe2\
\xed\x17\xb4\xa2RV\xb0\xa6\xda\x02\x80\xc3\xaa\xdd3\xab\
R\x83\xee\xde\xa8\xc9\x84@\xa6\x19\x9e\x97\xf2\xd5\xee:\
Z\xb5\xbd\x15#n]\x96\xad\xe8\x8d\xde\x14\xfd\xf8\x95\
)t\xeb\xeb\x13\xe9Qn\xe5\xee\xe1\xb0\x1d\xc9\xf4\x99\
J\x8e\x15/CW\xa9,'n\xf5M\x87\x06P\xa3\
j\xb89\xa3\xf7\xbb;\xa3fp\xe0F\xcc\xf0\x0c\x9c\
\xe9\xcfG\xe8\xc1\xdd-\xf4,\xb7\xeaj\x99|\xe9x\
\x9d\xbf\x80\xdc\xf8\xf2\x14\xfa\xc9\xcb\x93\x9d)3\xf7\x0e\
\xc5\x9d{pGJZ\xb9\x91\x88\x97sY\xe8A\xc3\
\xf0\xe3&g\x00\xf0C-\x87\xaeLQ\xe4\x09\xa7\xa5\
\x1b\x09\xd7h\xd5\xceL\xcc\xb9f)\x03\x85j\x91\xb4\
l\xbf\xfb\xc2T\xfa\xfe\x8bG9\xb7S\xc9\xfa\xc3\xa3\
\x09\xdb\x83\xa4\xa5\x1b\xf1\xf6X\xe9\xd3E\xa3r\xf3[\
\x02\xc0\x11\xa9\xd9\xd0\xd5d\xf6\xb8\xbb\xa3&\xad\x97h\
\x08WW\x93Y\xaa\xeexc|\xb0\x06V\xf9Lf\
\x8d\x92\x19\xa4\xbe\xfb\xfcTz\xbe\xa3\x9e\xbarQ\xca\
Z\xde}L\x0cCQ4\xea\xe1\xb1\xa2tO1&\
#\x98\x01\xa0\x1a\xd4l\xe8\x1aZ\xb7\xbb\xbb\xa3&\xad\
\x97h4Bf\x88\xba\x98\x0f\xda\xd2\x97\xe2\x10\x9aB\
;\x07\xc2\x19\xbc2\x08*[4h\xf7\x10\x7f\xc1\xe0\
\x96\xfd\xd7\x9f9\x9a\x1e\xda=\x86\xba\xb2Q\xcaq\xd8\
z\xb9\x10\x84\xf4\x88D#Qo\xaf\xe9\x92\xea4s\
E\xb9_\x0a\x00\xaa@\xedv/+\xb5\xd3\xdd\xf3\x84\
\x0c\xa4\x92\xe0\x0d\x1b\xc9\x9cm\xfdI\xfa\xe9\xab\x93\x9c\
\xf5w\xcb\xb2\xf6n\x19H\xd8\x0e\x15L\xda7\x14s\
\x06\x8d\xfd\xfb\xd3\xd3i\xd9\x96q\xd4\xe3\xe3\xa2\xfer\
kY<\xe6q\x8f\x88M]\xf9$Z\xba\x00\xd5\xa2\
v[\xbaF\xf1w\xee\xae'dp\x8c\xb4b\xc2H\
\x82\xf7\xcd\xde\x14\xdd\xf2\xfaD\xfa]w\x85\xa6\x8a\xf4\
\x90\xdc\x0e%\xa3\x8f\xd7\xef\x1cC\xff\xf1\xdc4\xbak\
\xf3x\xea\xc8\xc4\xdcg\xfd#\xb7\x95\xc9\xe4\x18^\xe2\
\xef@\x07\xacB\xc1\xef\xa5\x9a\x00\xc0#5\x1b\xba\xc5\
\x9c)\xdd\xcb\x9e\xb5\x10\x22f\x84[1\xfe\x9f\xb8+\
Es\xcb\xf0-\x0e^\x09\xa8\xa7;\xc6R\xce\x1e\xf1\
\xa2\xeb\x15#\xdd\xc5\xd2M\xbefG+}\xff\x85\xa3\
\x9c\x05\x09\xf6\x0d\x95ou%\xb9\xf6\x9fLx\xfb\xe7\
\xf1;p\xa0\xae\xab%\xed\x16\x01 \xe0j6t\xbf\
\xfc\xd9\xab{5i\xcf\xba\x98\xa3\xdc\xd2\x8dy9@\
&\xa0\xa4\xc5\xbbb\xcfq\xf4\xf4\xe0\x094`\xd7\x91\
]\x05\xc1+a+\x93X\xc8\xfd\xb5?\x7fm\x12\xdd\
\xf9\xe6x\xda9X\xfek\xd4\x12\xba\x89\xb8\xa7\xa1\x9b\
\xe6\xefB]7|i\x16\xba\x97\x01\xaaD\xed^\xd3\
e\x8a\x8c\xd7\xdd\xddQ\x93k\xba\xf1x\xcc\x19T\x15\
v\xbd\xc5\x14==t\x0amJ\x9fE\xbb\x0a\x93\x02\
\x1b\xbc\x12\xb6[\xfa\x92\xb4qw\x0b\xdd\xf6\xc6D\xba\
\xf5\xf5\x09\x15\xed\x1e\x97{\xb9\xbd\xec\x0d\xd1D{\x94\
\xad\xfa\xf8\xa0\xf3p\xb8\x17\x00\xf8\xa9\xb6CWk\xcf\
BW\xc2VZ1\x9e\xde\x0e\x12`\x05\x1d\xa1\xd7s\
\xc7\xd2\xa3C\xe7\xd2\xb3\x99S\xa9\xc7j\x0aLw\xb3\
\x84\xad\xdc\xe6\xf4\xe0\xae\x16Z\xb6u\x1c\xdd\xfdV\x9b\
3}c%W\xfeq\xba\x96\x93\x09o'\xc6\xd0\xb4\
\x97\x7f\xdb\x01\xb7\x04\x00U\xa0\xa6C\x97C\xe2\x09w\
\xd7\x13\xd2\xbd\xec\xf9\xe8\xd4\x80\xeb\xb2Z\xe8\x99\xcci\
\xf48\xb7z_\xcc\x9eH\xdd\x15\x0c_\x99AJf\
\x8c\x92\xb0\xbd\xe3\x8d\x09t\xcf\x96\xd22{\x03\xf9\xca\
\x8f*\x97/eu\xa9\x94[\xf2\x06\xff\x9e\xed\xc5\xa2\
F\xe8\x02T\x91\x9a\x0e]#J/hg\x8d8o\
H\xf7r\x98\x07S\x1dN^G\xe9\xad\xfct\x0e\xdf\
S\xe9\xb7\xe9s\x9c\xf0\xed\xb2\x9a\xcb\xd6\xed,3E\
I7\xf2\x9a\x1dc\x9d\x05\xe4\xef\xdb>\x8e^\xecl\
p\xc26(\xfd\xae2)F\xbd\xc7\xa1K\xda\xde\x1c\
M\x16=\x9b\xe4\x05\x00\xfcW\xd3\xa1;dEe\xe1\
XO\x07S\xc5\xe3qg\x12\x84Z4d\xa7h[\
\xfe(z*s:m\x18\xfa =6t.m\xe6\
0\x96z?\xc8\x82\xfb\xcf\x1eht\xa6\xab\x94\x96\xad\
t%?\xd1\xdeH\x9d\x19\x19Y\x1d,r;Y]\
J\xd6\x03\xf6L\x9e\x9b\xba;\xe3==\x9e-Q\x09\
\x00\xfe\x0b\xdf\x14JG\xe0\x9a\x8f\xcf\x8bX\x05\xf3\x1c\
\xce\xc8S\xdc\xaaQ\x91.\xc4|>O\x83Ci\xb2\
\xac\xf0.\xfcR_\x97\xa2\xa6\x86\x86\xc3\xcc!\xac\xa8\
\xa8#4`\xd7S\xb7\xd5B\xed\xc5q\xb4\xa70\xc1\
i\xf9\xe6t\x9c\xa2\xaa\xe8lj\x04\xb1\x98\xe7\x16\xed\
\x9e\xc1\x04\xbd\xd4UO\x8f\xedmvn\xfd\xd9\xd4\xde\
\xe4\xcc\x0f-\xdd\xca2]cPoc\x1a\xd3\xd2L\
\xe3\xc6\x8eqK\x9e\xd8jk\xba\xfbK\x7f\xfe\xa97\
\xdd2\x00T\x81\xdal\x92\xb9n\xba\xe9\xa6h&\xd5\
\xfa\x0f\x9c\x96\xff\xe6V\x8d\xda\xc0\xd0\x10m\xdd\xb1\x93\
\x06\x06\x87\xdc\x9a\xf0\x990\xae\x95\x8e\x9a4\xc9\xe9N\
\x1f\x0e\x09X\x09\xda\xb8\xcaQ\xc2\xc8SRe\xa9\xc9\
\x18\xa0zs\x88R*C\xb1b\x0f\xe5ri\xaa\x8b\
\xd8d\xf0\x11Y\xd4\x8a\xd2\x05\xc3\x09\xd1\xc1\x82I}\
\xb9\x08\x1d\xc8\xc4\x9c\xa9\x19{y_f\x92\x1a(D\
\x9c\xe9\x1b\xaba\xd8\xae\x0c\xa2:v\xfaT\x1a\xdf\xda\
\xea\xd6xb)\xbfZ\x0b\xbfr\xdd\xbc\x97\xdd2\x00\
T\x81\x9a\x0e\xdd\x85\x0b\x17\x1ac\x8e?c\x86&\xfd\
\x80[5j\x96e\xd3\x96\x1d;\xa8\xa3\xab\xcb\xd3y\
{\x83\xe4HC\xf7P\x0c\x92\x80\xb5\xc9\xe4\xc7\x8e\x8e\
\x03\xb4}\xf7n'p\x0f\xe2V\x9c\x13\xa86\xb7n\
->LeM[\x8b+\xaaq\x8d_\x99\x1e\xf4\xcc\
SN\xf6\xf6>nM\xdf\xcc\x18\xb1o\xfe\xefO\xce\
\xc15]\x80*R\xd3\xd7t\x17-Zdk\xab\xb0\
\x99O`\x1dn\xd5\xa8\xc9\xfd\xba\x8d\x0d\x0d\xa1\x9d\x12\
\xd2+\x1c\xb9N7tN\xc7(m\xc5\x9c5|\xa5\
\x15{p\x93\xb2\x0c\x84\x1a*\x9aN\x8bV\x06KU\
\xeb\xa2\xfa-MM^O\x9c\x92!S\xef<6\x9a\
\xeew\xcb\x00P%j:t\x85a\xd6\xf7r\x03j\
\x8d[\xf4DC]\xaa&G1\xc3\xa1\x8dmiv\
\xf7<\xf3\x16i\xbde\xc1\x82\x05\xe1\x1d8\x00\x10R\
5\x1f\xba]\xb1\xc1,)\xfd\x8c[\xf4D*\x99\xa4\
:\x0e\xdeZ\x98\x9d\x0a\xde\x9d\xb4p[\x9a\xbc\x0d]\
\xad\xf5v\xc34\xdfr\x8b\x00PEj>t\xffy\
\xfe\xfc\x82\xb2\xd4\xf3|*\xf3l\xe4\x93\x84\xed\x98f\
\xcf\xbb\x14\xa1\x0a\x8d\x1f7\xd6\xb9G\xd7C\x19R\xc6\
\xf6x\x9f\xb9\xcf-\x03@\x15\xa9\xf9\xd0\xe5\x80\xd4D\
\x91\x9d\xfcRx:;U}]\x9d3\xed\x1fZ\xbb\
\xb5\xcb4Mj\x1d\xe3\xe9mBL\xb7+\x9b^\xfc\
\xdc\xe7\xe6be!\x80*T\xf3\xa1+\xecd\xb6C\
i\xfba\xde\x95\x01\xb3\x9ep\xba\x15\x1b\x1b\x9d\x13/\
\xd4\xa61M\x8d^\xaf*\xc4\x07\xa8\xdal\x93\xf5\xa2\
[\x04\x80*\x83\xd0e_\x99??[4\xcc\xc7x\
Wf\xa8\xf2\xcc\xd81-|\xd2\xc5\x80\xaaZ$\xf7\
\xe6\xb6\xb5\xb6:\x8f^\xe1o\x84Y\xd2z;%\xec\
W\xdd*\x00\xa82\x08]\xa1\x94V\xb6\xda\xc5{O\
\x95*\xbc!\xad\x9c1MM\xe8b\xaeA2cW\
*\x95\xf4\xf4\xbdW\xa4\x0e\xf0\xc3\xd3_Y\xb0 S\
\xaa\x01\x80j\x83\xd0u\xa9\xa2\xdd\xc9'\xb5Gy\xd7\
\xb3.f!\xd7\xf4\xbc\xeeb\x84`+\xb5r\xc7z\
\xbe\xcc\xa3&\xbd\xd7T\xe6\xe3n\x11\x00\xaa\x10B\xd7\
\xf5\xf7\x9f\x99\xd7G\xb6s\xadLZ\x13\x9e\x91\xd6\x8e\
\xdc\xa7\xe9e7#\x04[Sc\x035\xd6\xd7{\xbc\
\xf0\x85\x1eRZ\xbfZ\x8c\xe5\xb7\xb9\x15\x00P\x85\x90\
\x04.g\x14\xb3I\x9b\xb9\x99+\x03\xaa<5\xa1m\
\x1c\xc5\xa2\xb8\xb6[\x0bd\xe0\xdc\xb81c\x9c\xa9\x1f\
\xbd\xa5\xf6jEk\xd1\xb5\x0cP\xdd\x10\xbao\x93\x18\
\x8c\xedQ\xa4\x1fv\x06\xacxH\xba\x97\xdbZ\xbd\xbe\
u\x04\x82\xa8\xa5\xa9\x91\x1a\x1b\xb8\x95\xebm\xcf\x86\xcc\
<\xb53j\xa9\x0d\xa5\x22\x00T+\x84\xee\xdb8\xf7\
>\xda\xfaYE\xe4\xf9\xe8Pi\xed\xa6\x92\x09\xb7\x04\
a$\xb7\x89\xc95|\xaf{5\xf8K`\x87&{\
\xc3\x17?}\xb5\xa7\xa3\xeb\x01\xa0\xfc\x10\xba\xef`\xb4\
\xa6^\xe0\xb3\xdc:\xde\xf5t^[9!O\x9f2\
\x05#\x99CL\x06O9\xd7r\xbd\x9d\x81J\x06\xf6\
\xed7I\xdd\xe2\x5c\x02\x01\x80\xaa\x86\xd0}\x87\x1bf\
\xcf\xce\x91\xa2M|\xaa\x93[\x88<%\x03l\xc6\xb6\
\xb4\xb8%\x08\x13\x09\xdb\x96\xe6&\x1f\xae\xe5RFi\
\xfd\xf8\x0d\x9f\xbcf\x8f[\x06\x80*\x86\xd0=\x04#\
_|\x92\xdb*\xbfu\x8b\x9e\x91A6GO=\x8a\
\xe21\xdcB\x14&rk\xd08\xb7\x95\xebCOF\
\xb7a\xea\x9f\xf1o\x8cV.@\x08 t\x0f\xe1\x86\
?_\xd0a\x93\xde\xc8g\xb9v\xb7\xca31n\x09\
M\x9f:\x19\xb7\x10\x85\x84\xdc\x16$\xd3}\x8emn\
\xf6#p\x8b|\x0c>x\xc3\x9f]\xfb\xbc[\x06\x80\
*\x873\xffa(\xdbZ\xaf\xb4\xf6t\x11\x04!'\
\xe6f>I\x8f\x1b;\x06\xd7wC@\x16\xb6h\x1d\
\xdbB\xb1\x98/+J\xf5\x9aEu\xa3\xbb\x0f\x00!\
\x80\xd0=\x8c\xbf\xbf~\xc1Nn\x8e\xae\xe4\xdd\xbd\xa5\
\x1a\xefD#\x11\x9a\xd8\xd6Fu\xa9\x94[\x03\xd5(\
\xc2\xef\xa3\x5c\xc7mijrk<\xa6h\xf5\xa3\xa9\
\xc2\xb3n\x09\x00B\x00\xa1\xfb.\x22E\xbd\x8c\x1fd\
\xb2\x8c\xbcS\xe1!\xb9}h\xd2\x846'\x80\xa1\xfa\
H\xe0\xca\x9a\xc92\x11\x86\x1f=\x16ri\xc3\xd4\xc6\
\xb7\x97,X\xe0\xe9(z\x00\xa8,\x84\xee\xbb\xf8\xdb\
\xeb\xaf\xe9\x22\xad\xef\xe2&\x87\xe7\xd7v\xe5\x9a\xae\xb4\
\x90&N\x18\xcf'p,\xffWM\xe4\xbd\xab\xafK\
\xd1d~\xef\x12\x09\x7f\x06\xc5q\x8c\xdf\xf6\xa5\xeb\xe6\
\xbd\xec\x16\x01 $\x10\xba\xef\xc1PI\x19P\xf50\
7=rn\x95g\xa4\x95\xdb6v\x0c\xb7\x9807\
s\xb5\x90Vm*\x91\xf0\xfb\xf2\xc0\x1b\xca\xa6[\xdd\
}\x00\x08\x11\x9c\xe9\xdf\xc3\x0d\xd7\xcd\xeeWZ\xdf\xc6\
M\x8f\xad\x5c\xf4\xfc\xb6\x0d\x99\x22r\xf2\x84\x09\xce=\
\xbc\x18X\x15|2`j\xc2\xb8V\xa7k\xd9'\x96\
M\xf4\xab\xee-/\xbe\xe6\x96\x01 D\x10\xba\xc3`\
\xf4$\x1e\xd1\x8a\xd6\xf3\xae\xa7s2\x1f$\xd7w\xa5\
\xe5\x94J&\xdd\x1a\x08\x22\x99iJ\xbe \xc9=\xb9\
~}A\xe2ouO\x98\xca\xfe\xcd\xa2E\x8b8{\
\x01 l\x10\xba\xc3p\xc3\x0d\xb3s\xca6~LZ\
\xbd\xceE\xcf\x07\xb6\xc8\x09\xbc\xa9\xa1\xde\xb9F\x98L\
`~\xe6 \x92\xf7h\xca\xc4\x094\x9e\x03W&9\
\xf1I\xbf\xd2\xea'V\xd4\xde\xed\x96\x01 d\x10\xba\
\xc3\xf4\xf7\xd7]\xf5\xa62\xf4\x7f\xf0nO\xa9\xc6[\
r\x22\x97)\x22\xa7N\x9e\x84\xe0\x0d\x18\x09\xdcI\xe3\
\xdbh\xe2\xf8\xf1~\x06.i\xad\xef2#\xea\xa1/\
\xcf\x9f\xefK\x8f\x0a\x00T\x1eBw\xb8\x14\xb7A\xba\
\x12KI\xdb\xb7\xb95\x9e3M\x83Z\xc7\xb4\xd0\xf4\
\xa3&S\x22\x8e\xf5w\x83@\x02W\xde\x8f\xa3&M\
\xf4\xf5\xf6.\x0e\xdc'mE7wNh:\xc0\x7f\
\xa6\xe7c\x07\x00 \x180r\xe7\x08\xfd\xf8\xd6{\xdb\
2\x86~\xc2 u\xb4[\xe59>\x01So\x7f?\
\xbd\xb1e+\x15\x8b\xc1\xbbMS\xae=74\xd4S\
\xc4\xa3V\xdfP:M\xbd}\xfdn)8\x0e\x06\xee\
\xb8\xb1c\x9dU\xa2|\x94\xe1w\xfdk\xba`\xfc\xfa\
\xcb\x9f\xbd\xba\xd7\xad\x03\x80\x10B\xe8\x8e\xc0\xf7\xeeX\
6S\xdb\xf6r>'\xfb\xbarA_\xff \xfd\xee\
\xad\xcd\x81\x0c^\x09$/\xc9\x17\x8d \x91\x7f\xdf\xb4\
)\x93\xa8\xad\xb5\xd5i\xe1z\xfd\xef};M\xea\x87\
f\x91\xbe\xdf\xb5\xed\x85m\x18@\x05\x10n\x98\x95a\
\x04\xce\xbbr\xe6\x9e\xa4\x91H\xf0W\x96\x0b\xdd*_\
H\x17sc}#u\xf7\xf6\x90m\xa3\xc7\xb1\x5cd\
\xb2\x92\xa3&M\xa0\x09mmN\x0b\xd7\xc7\xc0\x95o\
S\x0f*\xd3\xfe\xfe\xdf}\xea\xa3/?\xfc\xf0\xc3x\
\x93\x01B\x0e\xd7tG`\xd1g?\x9b\xcd\x18\xb1o\
\xf2\xd9\xf8!.\xfaz\xa2ll\xa8\xa3\x93\xdfw\x82\
\xd3\xa5\xebgk\x0bJ\xad\xdbx<N\xd3&O\xa6\
I\xe3\xc7\xfb=E\xa7\xb4\xedw\xf3\xc3\xafzL\x1b\
\xab\x08\x01\xd4\x08\xb4tG\xe8\xc2S\x8f\xcf'[\xc7\
o\xe1S\xe7\x0c>]\xfb\xba2},\x16\xa3\x96\xe6\
f\xcad2T(\x14\x02\xd7\x15\x1b\x062#X\x1d\
\x7f\xb1\x91\x01S\xb2\x02\x94\x9f\xa3\x94]\x07\x14\xa9\xbb\
\x92\xb1\xe2\xcf\xbf\xb6`A\xda\xad\x03\x80\x90C\xe8\x8e\
\x90t\x05^|\xd5\x15]\xa6\x8a\xf1\x09S\x9d\xc3U\
\xf5\xa5g\xfc!]\x9e\xb2$\xa0e\xdbN\xf0Z\x16\
\xe6\xc1\xf7\x8a\x04n\xa3\xdc'=q\x823z\xdc\xf7\
)95\xe5\xb4\xa2u&\x19\xdf\xfb\xe2'>\x8a{\
r\x01j\x08Bw\x14\xee_\xba\xb40\xf7\xa3\x9f~\
\xabH\xc5\x06Et\x06\x87\xaf\xaf\xf7\xf9H\xebK&\
\xd1\x90\xc7t6K6\x070\x8c\x9c\xd3\x9d\x1c\x8b9\
S:N\xe1\x16\xae|\xa9\xf1\xbb\x0b_\x13e\xf9\x8f\
x\xc2\xd0\xf4_\x7f\xf7\xa9\xab7\xb9\xd5\x00P#p\
Mw\x94\xbe\xf0\xc99=\x11\xdb\xfa\x89\x22c\xb9\xb4\
`\xdcj\xdfH\xe0\xb6\x8dk\xa5\xe3\xa6OuV)\
\xc2\xd2\x80#cp\xf25\xd4\xd5\xd1\x84\xb6q\xce5\
\x5c\xd9/\x83\x22G\xfa\x16n\xe5\xfe\xbc\xfb\xad\x17e\
ZQ\x00\xa81h\xe9z`\xf5\xbd\x8b\xfb\x9e~\xf1\
\xd5\x1d\xda\xa0\xd3\xb8\xfd4\x89\xab|\xfd2#\x81\x91\
\x88'\x9c.Qi\x98\xe5\xf3\x05*\xa2\xbby\xd8\xe4\
\x8bKkK\x0bM\x18?\x8e\xc6\xb7\xb6:k\xe3\x96\
\x017r\xf5N\xd2\xea\xe7\xa9\xa1\xc8\xad_\xfb\xda\xdf\
x\xbeF3\x00\x04\x1fZ\xba\x1ePJi\xdd\x9az\
Y\x93\xf1o|f}\x8e\xab|\xef\xf7\x95\xb0\x95[\
\x8a&M\x18O\xd3\x8f\x9a\xe2,\x0fX\x86\xc1?U\
\xaf.\x95\xa4iS&;\x9b\xbcfe\x1c\x11>\xc0\
\x7f\xd2]\xba\xa8~\xf6\xb9\xcf\xcd\xc5\xc0)\x80\x1a\x85\
\xb3\xb4G\xd6\xdcq\x87u\xfe\x95\x97\xef\x8eG\x92\x05\
E\xfad\x8eE\x19\xd1\xec\xfb\x19\xdd4\x0cg\xaef\
\xe9\x1e\x8dF\xa3\xdc\xe2-R\xa1Xt\x9f\x85\x83\xa2\
\xd1\x08\xb5\xb5\x8e\xa5\xc9\xe3\xc7;\x83\xa5\xca\xd4\xba}\
\x1b\xf5\x0b\xbbX\xfc\xceW>{m\x87[\x01\x005\
\xa8l_\xf3k\xc5\xb7\x7f\xbd\xa2\xd5\xb4\x8b\x1f\xe3\xe0\
\xfd*\xbf\xbc\xd3\xb9\xaal\xaf\xb1\x8ch\x1e\x1cJS\
Wo\x0fuu\xf7Q.\xef\xfb%\xe6\xc0;8\xf8\
\xacu\xcc\x18~l\xa0x\x05\xe6\xb4\xd6D?\xb1H\
\x7f\xe3k\xd7}t\x87[\x05\x005\x0a\xa1\xeb\x83\x1b\
\xefX\xd9\x92\xa7\xfc_\xf3\xd9\xf6\x06.\xca5\xde\xb2\
\xca\x17\x0a4\x94\xcePWO\x0fuv\xf7P\xb1\x06\
[\xber\xdb\x8f\x84\xad\xcc\x9b\xdcP_\xe7\x8cR\xf6\
\xfdV\xa0C\xd06-\x8fD\x8d/|\xe9\x13\xf3\xf6\
\xbaU\x00P\xc3\x10\xba>\xf9\xc1\x0fV\xc7\xed\x96\xec\
\x0d\xfc\x0a\xff\x1f.6\x97j\xcbK\xba\x993\xd9,\
utv9\x01\x9c/\x84?|\xa5e+\xb7\xfe\xc8\
\x04\x17r\xfdV\xa6q\xac\xd4\xb5nM\xfa6*\x18\
\xff\xf4\xe5\xcf^\xbd\xdd\xad\x02\x80\x1a\x87\xd0\xf5\xd1\xc2\
\x9boN\xb4D\x9a\xbe\xa4\x15\xfd\x0b\xbf\xd0\x15[$\
W\xba\x9d\xb3\xb9\x1cutu;[.\x1f\xbe\x81\xb3\
\xb2,bKc\x13\x8d\x1f\xd7J)\x0e\xdbh$\xca\
-\xdb\xca\x1d\xde\x08\x5c\x008\x14\x84n\x19|\xef\x8e\
{\xbf\xccg\xe1\x7f\xe1]_g\xadz/2}\xa4\
t=\xcb2z\xed\x1d\x1d\xce\xf5\xdfj\x9fRRZ\
\xb2\xe3\xc7\x8du\xae\xd9&\xe2q\xa7\x0b\xb9\x8c#\x92\
\x0f\x89_\xd2[\xa8\xa8\xfe\xb9\x97z\xdbe\x9en\xb7\
\x1a\x00\x00\xa1[.\xdf\xbdm\xe9<\xa5\xf4-\xbc\xdb\
X\xaa\xa9,\x09[Y\xc7\xb6\xbb\xb7\xcf\xe9z\xce\xe6\
\xf2\xa4m\x9b\xec\x00\x87\xb0\x84\xa9lN\xab\xb6\xa9\x89\
\xc6\xb64\xf3csE[\xb4\xef \xb7\x02\xfd\x9c\xff\
~\xdf\xc45\x5c\x008\x14\x84n\x19}\xef\xf6e\x7f\
\xa6\xc9\xfe>\xbf\xe8c\xb9\x18\x98\xd7^\x96\x0d\x1cL\
\x0fQ_\xff\x80\xd3\x0a\xce\xe4\xb2d[\xa5\x00\xae\xe4\
T\x93\x07[\xadr[\x94\xcc\xbcU__GM\x8d\
\x0d\xce5[\x9f\x17\x95?R\xf2Me@+\xba\xd9\
\xd2\xfa\xbb\x18\xa5\x0c\x00\x87\x83\xd0-\xa3\x85\x1b6D\
\x1a\xf7\xf6}\xd8\xd4\xf6\x0f\xb9x\x02o\x81J\x8e\x83\
\xe4\xfa\xef\xc0\xe0\x10\xa53\x19\xea\xe7\xc7|!_\x0a\
a\xb7%,\x8f^vKK\xb0Jk\xd5P\x86\x13\
\xb4\xb2\x1f1#\x94L&\xa8\xbe.EuI\xdeR\
\xc9\x0a\xdc[;,E\xce\xdc]\xfc\x15\xe1\x97v\xb1\
p\xf3W>\xb3`\x8f[\x0f\x00\xf0G\x10\xbae\xb6\
p\xe1B\xa3\xe5\xf8\xd3\xce\xe6\xdd\x7f\xe3\x97\xff|~\
lp\x9e\x08\xa8\x83\xd7\x81\xb3\xd9<\x87q\xd6\x19\x0d\
-e\x99z\xd2\xb2-\xa7\x95lk\x0ea~\x94\xff\
\x9c\xff\xf1\xff\xe7\x9d\x91\x5c\xea\x1a\x96\x03\xae\xd4E,\
SY*7`\xa5\xd5\xeal\xb1\x18%\x13q\xe7\xda\
\xac\xdc\xe2\x13\xd0\x90};\x19\x0e\xfe:\xb7po1\
u\xe2\xa77\x5c7\xbb\xbfT\x0d\x00ph\x08\xdd\x0a\
\xe0PR\xdf\xfb\xd5\xb2i*B\xff\xc8\xa5\xab\xf9]\
(\xcb\xecU^\x92`\x95[\x92d\xceg\xb9\x0f\xb8\
X\xb4\x9cQ\xd2\x12\xb6\x87\xba/XZ\xb0\xd2M|\
\xf0Q\x02U\x96+\x94Y\xb4\xa4\x5c\x85$`\x9f\xe3\
\xd7\xe1\x8eT:\xfakL\xed\x08\x00\xc3\x81\xd0\xad\xa0\
o\xddzo\x1b\xe7\xce\xa7\x95\xd6\x9f\xe3\xb7\xe2h\xae\
\xc2\xb4\x9c\xc1'\xdf+\x0e\xf0/\x0f\x9b6\xdd\xd8\xb5\
\xe5\xc5G\x17-Z\x845\x16\x01`X\x10\xba\x15\xf6\
\xdd\x9b\x976\x9bQ\xfb\x12>\x89\xdf\xc0\x0d\xe0\x0f\xf0\
;\x12w\x9f\x82\x00\xe2\xf7i\x87\x22u\x8fA\xea\x97\
7\x5c7\xef5\xb7\x1a\x00`X\xd0\xb2\xaa\xb0u\xcb\
\xef\xce~\xe0\xd4\xcf\xbf\x19kM\xef\xe0\xef@\x96\xd2\
4\x9d\x83W&\xd2\xc0\x17\xa2\xe0\xd9d(\xf5\xc3\x98\
J\xff\xe4o\xaf[\xb0\xcb\xad\x03\x00\x186\x9c\xd8\x83\
\x82\x9b\xb9\xdf\xbe\xe3\xde\xa9Qm\xcc\xd3J\xba\x9b\xe9\
8\xde\x029\xba\xb9\xd6p\xeb6\xcb\x1f\x94\xa5\x06\xe9\
\x1ft\xc5\xac\xe7\x16-X\x80\xb5p\x01`D\x10\xba\
\x01\xf3\x8d\xc5\x8b\x9bbY\xe3#\x862>\xc5\xef\xce\
\x1c\xaeJ\x96\x9e\x81\x0ay\x85S\xf7V]TK0\
\xa5#\x00\x8c\x16B7\x80\x16/^l\xee\xcaD\x8e\
5\x0c\xfbbe\x98\x9f\xe7V\xf0\xa9\xeeSP.\x9a\
z\xb5\xa2{\xc8\xa6;\xe3f\xec\xf9/|rN\x8f\
\xfb\x0c\x00\xc0\x88!t\x03l\xe1\xe2\xc5\xb1f;r\
\xac\xca\xab\xbf\xb6\x0d}\xbdA\xce\xadE\xe0#]\xba\
\xf7\xf6~m\xdb?VJ=\xd3;eL\xc7\xa2\x19\
3\xc2\xbf<\x13\x00\x94\x05B\xb7\x0aH\x97s\x22\x1f\
?\x9d\xc8\xfa*\x17\xaf\xe0\x0d\x03\xe0\xfc\xf1\x86&\xfd\
\x13\xb3h\xdcWL\x15\xf6~y\xfe\xfc,\x07/\xe7\
0\x00\x807\x10\xba\xd5Bk\xf5\x9d%KZT!\
2\x8b\x9bc7\xf0\x1bw\x0e\xd7V\xe5\xac\x12A\xc3\
\xa9\xda\xce\xaf\xe7m\xca\xa6[\x13\x99\xc8\xd6\xbd{\x9f\
\xcd\xe2\xde[\x00\xf0\x03B\xb7\x0a}\xfd\x8e;Z\x12\
v\xfc\xe3\xa4\x8c/\xf2\x1b\xf8>\xae\x0a\xfc|\x89\xc1\
\xa3\x87\xf8\xf0\x1f\xe2\xc0\xddhZ\xf67n\xb8\xfe\xda\
\xe7\xdd'\x00\x00|\x83\xd0\xadb\xffq\xf3\xe2\x09\xb1\
X\xe4z\xb2\xd5\xc7H\xd9'\xf0\xdb\x99\xe2j\xbc\xa7\
\x87']\xc5\x19\xde\xbay\xe7A\xb3\xa8n|4U\
xv\xc9\x82\x05\x96\xf3,\x00\x80\xcfp\x82\x0e\x81\x1f\
q\xf8Z\x11\xf3*K\xa9k\xf8\x0d\x95\x91\xce\xe3x\
C\xeb\xf7\xf7\x8a\x1c\xb2\x9d\xfc\xb8_i\xfd\xb8\xad\xcc\
\x1f\x7f\xe5\xbay/\x97\x9e\x02\x00(\x1f\x84n\x88|\
\xeb\xd6uu\x11\x1a\x9ai(\xba\xc6Vt\x0a\xbf\xb9\
S\xb9\xba\x99\xb7\x1a}\x9f\xa5\x0b\x99\xf6\x11\x19\xdb\xc9\
\xd6\xf7\x19\x86\xbe\xf7\x86O^\xb3\x8708\x0a\x00*\
\x04\xa1\x1bB\xb2|`\xeb\xf1g\x9eli\xfb\xe3Z\
\xd19\xfc&\xcbb\x0a\x13x\xab\xe7-\xe4\xef9\x07\
\xadV\xed\x9c\xab{-Mor\xe0\xae\xb7\xcd\xccC\
_\xfd\xc4'\xba0\x12\x19\x00*\x0d\xa1\x1bb\xb2\x84\
\xe0O\xef\xbcsl\xceN\x9e\xc5\xe1\xfbA[\xeb3\
\xf9\x0d\x97\xc5\xf3'\xf3&\xeb\xf8\x86\xe5\xfd\xcf\xf0\xbf\
\xb6\x9d\xff9\xdb\xf9\xdf\xbc\x99\xcbOs\xab\xf6a\xd5\
\x95\xday\xc3\x0d\xb3s\xa5\x1f\x01\x00\xa8<\x84n\x8d\
\x90\xd6o\xd3\xd1'O4\xa3\xc6\xe9\xb668|\xd5\
\xa9\x1cT\xc7p\xd3\xef\x04>\x08$\x80\xab\xed\xf6#\
\x19\x10\xb5\x93\xb7\xb7\xf8\xef\xbf]\xdb\xeay\xd2\xd6\xd3\
v\xd2\xde\xfc\x95\x05\x0b\xe49\x00\x80\xc0A\xe8\xd6\xa0\
\x85\x0b7D\x1a\x8e\xef\x9elj\xe3h\xa5\xf4\xf1\xa4\
\xe9X>\x12&s\x00\x1f\xa7J\xfb2\x10+h\x9c\
\x90\xe5\xbf\xe36\xfe\xc2\xb0\x95\x1fwkK\xbf\x161\
\x0dn\xd9\xc6v\xdfp\xddlYT\x1e\x00 \xd0\x10\
\xba@7\xadX\x91\xea\xef\xcd\x8e\x8f\x1a\xe6Q\x9a\x94\
\xacn4Q)\x0e_\xa2i\x1c\xc8m\xfc(\xd7\x83\
\xc7\xf2V\x9e\xe3ES\x8e\x94\xde\xcb{\xfb\xf8\x8f\xdc\
\xcf\xdbV.\xef\xe4?|\x87V\xe6\xb6H\xc1\xda\xd3\
\xb1\xf5\xc5\x1eL`\x01\x00\xd5\x06\xa1\x0b\x7f\xc4\x19\x05\
\x1dM\x8f3l\x1ak\xdb\xd4@\x86\x1ec\x90j\xd5\
\x1c\xc0Z\xe9V\xd2j\x8c\x22=\x86\xc3\xb1\x89\x8f\xa0\
\x16>\x8cR\xa4ui\x90\x96\xd2I~\xa8+\xfdN\
\x7f\xa0\xc0\xdb\x10\xff\x7f\x8a\xfcSr\x9dUF\x16\x0f\
\xf0~\x1f\xb7\xae\xe5\xbe\xd9\x1e~\xae\x9b\x7f\x83}\xb6\
\xa1;\xb9\xaeO\x93\xeeQ\xda\xec\x8c\xd8vg\xc7\xd4\
\x96>\xcc\x81\x0c\x00\xd5\x0e\xa1\x0b\xc3\x22+\x1fm\x1b\
\x88\xa5b1\xab>\xa2\xadD\x91\x22\x09\xc3\xe4\xb0\xb5\
U\x5c\x99v\xb4\xc8\x8f\xf2sJ\xdbQ\x22\xe3\x8f\xd6\
\x01\xd6\xda\xb2Le\x14,\xa5le\xeb\xa2\xe6}C\
\x17\xf3\x14\xa1\x8cmE\xd3\x11U\xcc\xe6\x8dh\xd6\x88\
d\x87pM\x16\x00\x00\x00\x00\x00\x00\x00\x00\x00\x00\x00\
\x00\x00\x00\x00\x00\x00\x00\x00\x00\x00\x00\x00\x00\x00\x00\x00\
\x00\x00\x00\x00\x00\x00\x00\x00\x00\x00\x00\x00\x00\x00\x00\x00\
\x00\x00\x00\x00\x00\x00\x00\x00\x00\x00\x00\x00\x00\x00\x00\x00\
\x00\x00\x00\x00\x00\x00\x00\x00\x00\x00\x00\x00\x00\x00\x00\x00\
\x00\x00\x00\x00\x00\x00\x00 \xd8\x88\xfe\x7f\x87\xfe\xb1m\
\xd0\x81\xc5;\x00\x00\x00\x00IEND\xaeB`\x82\
\
\x00\x00\xa3h\
\x89\
PNG\x0d\x0a\x1a\x0a\x00\x00\x00\x0dIHDR\x00\
\x00\x03)\x00\x00\x02\xfc\x08\x06\x00\x00\x00\xe4\xee\xfaB\
\x00\x00\x00\x01sRGB\x00\xae\xce\x1c\xe9\x00\x00\x00\
\x04gAMA\x00\x00\xb1\x8f\x0b\xfca\x05\x00\x00\x00\
\x09pHYs\x00\x00\x0e\xc3\x00\x00\x0e\xc3\x01\xc7o\
\xa8d\x00\x00\xa2\xfdIDATx^\xec\xdd\x07\x80\
]e\x9d\xff\xff\xe79\xb7\xdf;=S\xd2;\xe9@\
\x80PEHT\xa4(\xae\xba\x82\xbab]c\x10\x95\
U\xec\x95\xc4\xbe\xeb\xeeow\xf9\xff\xfc\xad\xc86\xbb\
\x14\x0b\x0a\x01QI\x02\x18Z \x84\xf4\xc9\xa4gJ\
\x92\x99L\x9f\xb9\xf5<\xff\xefs\xee\x9d\x10b@\x82\
\x03\x9c{\xef\xfb\x15\x9e\x9c[\xce\x84[\xe6>\xcf\xf9\
\xdc\xefy\xceQ\x00\x00\x00\x00\x00\x00\x00\x00\x00\x00\x00\
\x00\x00\x00\x00\x00\x00\x00\x00\x00\x00\x00\x00\x00\x00\x00\x00\
\x00\x00\x00\x00\x00\x00\x00\x00\x00\x00\x00\x00\x00\x00\x00\x00\
\x00\x00\x00\x00\x00\x00\x00\x00\x00\x00\x00\x00\x00\x00\x00\x00\
\x00\x00\x00\x00\x00\x00\x00\x00\x00\x00\x00\x00\x00\x00\x00\x00\
\x00\x00\x00\x00\x00\x00\x00\x00\x00\x00\x00\x00\x00\x00\x00\x00\
\x00\x00\x00\x00\x00\x00\x00\x00\x00\x00\x00\x00\x00\x00\x00\x00\
\x00\x00\x00\x00\x00\x00\x00\x00\x00\x00\x00\x00\x00\x00\x00\x00\
\x00\x00\x00\x00\x00\x00\x00\x00\x00\x00\x00\x00\x00\x00\x00\x00\
\x00\x00\x00\x00\x00\x00\x00\x00\x00\x00\x00\x00\x00\x00\x00\x00\
\x00\x00\x00\x00\x00\x00\x00\x00\x00\x00\x00\x00\x00\x00\x00\x00\
\x00\x00\x00\x00\x00\x00\x00P\x12ta\x09\x00\x9e\xdf\xfc\
\xe67\xf1SO=\xf5t\xad\xb5\xe3\xban\xa0p3\
\x00\x00'\xcdq\x9c\xac\x8c%\xb9\x1f\xfc\xe0\x07\x8f\xaf\
X\xb1\xc2-\xdc\x0c\xfcE\x84\x14\xa0\x0c\x19cN\xfc\
\xd9\xd7Zm\xbc\xeb\xae\x9a\x05\xaf{\xdd\x85\xb2B\xc0\
(\x15,\xdc\x03\x00\xc0\xc9\x92aDem[\xf3\xad\
\x87\x7f\xb7x\xc5\x92\x9c\x0c@\xde\x1d\xc7\xd2Z\xff\xf9\
\x8d({\x84\x14\xa0\xcc\xac\x5c\xb92r\xf9\xe5\x97\x9f\
-A\xc5VI\xa2\xd2\xec\xb2\xca\xdd\xda\x1c\xecy\xc3\
\xdf\x8c1\xae\x0a\x05gL\x9b\xa8\xb4q$\xcb\x84\xed\
\xcf\x00\x00p\xb2d#\xd3\xc8_i\xe3\x1a\xd7=\xb0\
\x7f\x9f\x8a'\xb2u\x8f\xac\xe9T\xd1hN\xee\xee\x93\
f++\xc3\x12R\x86d\xf9$a\x05\xc7\x22\xa4\x00\
%\xec\xcf*&Z\xab\x87o\xbd5z\xde\xdf\xfc\xcd\
k\xe5ZH\xae\xc7e\x19\x94emv\xc7\xceP\xef\
\xe5o\x1e\xa7r\xb9\xa0\x8c\x13\xb52\xb48\xf2\xd3\x84\
\x14\x00\xc0\x8b&\xb1#%c\x8ck\x94\xe9\xd2\xb5\xb5\
\xb9\x9a\x07~\xdf\xe6$\x12Y\x19\xa0\x8e\xc8\xdd\xae,\
\x07u&3\xb8\xfa\x9f\xffy\xf5\xe2\x15+\x9eUi\
!\xb4\x947B\x0aP\xa2n\xbb\xed\xb6\xf0\xdb\xde\xf6\
\xb6W\xc9E\xbb\xcbV\x9d\xbb\xef@\xb0g\xf1\xa5\xf5\
:\x97\x0b\xe8\x19\xd3&i\xc7\xee\xce\xe5$\xa4\x13\x08\
\x18\xad\xab\xb4q\x03\xd9\xe6\x9d\xf5\xca\xb8v\xfd\x0a\xc9\
3\x8e2\x9a\xdd\xbd\x00\x00/\x9a\x84\x93\x8c\xb7\xd0\xba\
W\x96\xb9\xc0)3:U (a$\xd7'\x9b\xa1\
\xae\x96\x90\x22\xb9$\xeb\xee\xd9s\xc0\x19?>S\xf3\
\xfb\xbbl\xa5\xc5\xee\x22\xd6-!\xa5G\x96TX\xca\
\x14!\x05(\x01#\x15\x93\xe5\xcb\x97\x1f\xfdL_9\
~|\xf4\xcck\xae\xb9\x5c\x06\x86\xb0\xac\xd0\xe4\x1e<\
\x1c\xec~\xcd\xa5\xe3U6\x1b\x90\x95\xead\xc8\x08H\
\x17\x10W\xda\xee\xf6\xa5+d\x90\x90@b\xea$\x9c\
\x04\xe4r\x85\xac\xa3\xe5g\x09)\x00\x80\x17M\xc6\xa7\
\x8c\x8c&\x92UT\xbf\x17J\x94\xe9\xb4\x95\x95\xfcu\
\xbb\xbb\x97\x84\x14\xads\xb2<\x12\x980![u\xef\
\x9d\xedN4\x9a\x91\x1f<\x94K\xa7\xbb\x1f\xfa\xd7\x7f\
\xbd\x7fu~\xb70\x8f\x8cs\xb2:\xa1\xa5\x1c\x10R\
\x80\x22w\xe3\x8d7:\xd2.\x96\x8b6P\xd4\xbb}\
}N\xcf\xa2W7\x9ad2\x10\x9c>u\xbaq\xec\
\xee\x5cN\xbdqM\xc0\xdd\xb5\xbbA\x19\xd7\x91\xc1\xa1\
\xcaVJ$\x8cDl=]\x1b\x13\x96\xee\xc0\x91\x9f\
\xaf\xb2\xff\xa6\x8c&#G\xf5\xa2\x8f\x00\x00\xfc5\xbc\
@\xa1\x95\x04\x91|X\xe9\x93\x9b\x5c\xb91m\xef\x93\
\xb1(%c\x91+\xf7\xf5\xc9\xb5lp\xe6\xb4.\xe3\
\x04\xb2\xcau;elJg\xf7\xee\xdb\x1b\x987+\
U\xf3\xeb;\x8e\xa8P(]\xa8\xaet\xca\xf2)\xfb\
\xef\xa2t\xb1\x01\x02\x14\x91\xe7\xa8\x98\x04\xce\xbc\xe6\x9a\
+%l\x84d\x85q\xee`\xd2\xe9>\xef\xc2\x89*\
\x9d\xb6\x15\x92\xb1\xf2S\x8e\x0c\x0e\xf5r\x9f=Z\xd7\
\x98B8\xa9\x94\x7f@\x17\xe6\x9c\xc8\xb0\xa1\xed<\x14\
\xc7(\x9d\xaf\xa0\x00\x000\xcad\x0c\x1a\xa9\xa0\xc8p\
c\xb22\xd8\xc8\xb0&a\xc5\xab\xac\x98\x01\x19~\xe4\
6sD\xaege\xdd#6\xa4\xc88u80{\
v\xba\xea\x97?;\xe8\x84\xc3)Y\xaf3\x97J\x1d\
\xfa\xd5\xef\x7f\xff\xc0\xe6\xcd\x9b\xbd\x00d\xab+vI\
\x85\xa5\xb4\xb01\x02\x14\x09\x1bP\xa4-\x92N8\x22\
\xcb\x09jp0\xd8}\xe1%\xe3\xcd\x91\xae\xa03v\
\xecT\xe5h;\xb7\xa4AVt\xdc\xb6\xb6F\xe9\xf2\
me\xa4F~\xd2\xe6\x8e\x84|\xda\xbd\x0a\x8a\xbd.\
\xbd\xb8\xbd\xcf\xf6\x00\x85>@\xa2K\x9e\x04\x1a\xfa\x05\
\x00\xc0\xe8\x93\xb1\xc7\x86\x88c\xce\x95\x22\x11\xc5\xfe\x11\
2\xf0\xc8\xed2ryG\xfd2\xf6\xf2\xa0\x04\x99\x9c\
\x0cY}2\xb6e\x9c\x09\xe3\x8e\xc8\x08\x95\xd1\xae9\
b\x5c7\xe9v\x1c:\x108\xf7\xac\xe1\x9a\x9f\xfc\xef\
a\x15\x0a\x0d\xcb\xcf\x1d\x92v\xc4q\x9c\xad\xf6\xdfC\
\xf1\xcbo\xa8\x00\xf0\xa5B0\xd1v\x97\xae\xdbo\xbf\
\xdd\xd1\x83\x83\x0938X\xa1R\xa9:7\x93\xa93\
n\xb6\xc9\x18\xb7)\xd7\xd6^\x9dkm\xab2\x07Z\
+mS\xae\xa9\x90\xce\xbdB\xfa\xfe\x98\xfc3q\x19\
\x01\xa2\xf2\xefD%\xae\xd8\xdd\xbb\x22\x12tB^S\
:\x98o\xca\xceS\xb1\x8d\x80\x02\x00xI\xd81\xe6\
\x98\xf1F\x9a\xad\xe2\xe7\xc7#;6\xd9\xea\xbe7^\
)\x1d\x95\x11P\xc6.-M\xc63ivls\xf7\
\x1f\xa8\xf4\xc6\xba\xf6\xf6jerM:\x9dnR\xe9\
t\x9d\x8c\x89\xb5jh\xa8Be\xb3\x15v\xbc\x1c\x19\
;\x0b\xff[\x14)\xde@\xc0\xa7\x0a\x9d\xec3\x95\x93\
d2\xd8\xfb\xe6w\xcc6=\xdda\xe58S\x8dr\
Cnk\xc7x\xed\x9a\x80|\x92kl\x05E>\xd2\
\x7f^1\xf1\xaa%TJ\x00\x00\xfe&c\x96\xad\xaa\
\x14*-\xf9*\x8b\x0cX\xae\x0ca9\xb9\xdc/\xb7\
\xe5d\x08\x1b\xb2\xbb\x8a\xc9=\xfd*\xa0\x92\xce\xf8\xf1\
\x87\xe4\x87\x86\x94\xeb\xb6\x86\xce=g\xa0\xe2_\xffi\
\xb7\x8c\x91\x03\xf2\x0f\x1c\xb6\xcdq\x9c\x16\xef\x9fC\xd1\
\x19\x99\x1c\x0b\xc0\x07l0)\xcc7\xb1U\xce\xc0\xd4\
\x9a\xfa\xe9\xb9L\xb6\xc2q\xb3M\xeep\xaa2\xf9\xff\
\xfec\xac9x(\xee\xf6\xf77\x99\xde\xfe\x98t\xda\
c\xe4\xa7\xec\x09\x19\xed\x5c\x92\xb0Q:&\xd7\xbd\xf3\
\x9fH\xb8\xb1\xdfP\xd9o\xaal0\x19i\xf6\xdf\x06\
\x00\xc0w\xec\x18\xf5\xccx%c\x97\x8carK\xd0\
\xfb\xc2-\xbf;X\xd0N\xa24\xf6vY\xcaz\x01\
\xb7\xb7?\xab\xfa\x06\x1c\xd5\xdf\x9f\xd6\x89\x0a'\xf4\x86\
K3N.\x17P\x99LZg2\x19\x15\x0a\x1dZ\
\xbdz\xb5Z\xb1bE\xfe\x7f\x82\xa2\xc1\x06\x0b\xe0\x13\
\x85\xd2\xf4\x99\xb2\xb4\xa1c\xa2J&\xc3\xbdox\xcb\
\x0c\xd3\xdf\x1f\x95Nz\x8at\xc7a\xb7\xbdc\xa26\
\xcav\xd8\xdeDx\xe9\xc4\xc7\x18el\xb5\xa4\xb0\xeb\
\xa6W1\xf1\x9a\xfc\xc5\xe7\x1b\x00P\xf4\xfe\xac\xc2\xe2\
-\x94+\x03]Z\xae\xf5\xca`\x97\x92!\xaf[F\
\xd1\xa43~\xecA\xb9\xb7O\xb9\xee\x81\xf0k\x96t\
'\xbe\xfd\xb5\x9dr}\xbf\xe38Oz?\x87\xa2\xc1\
\x9c\x14\xc0\x07F\xe6\x9c\xd8@\x92\xeb\x1bJ\xa8\xe1\xe1\
\x1aw(Y\xeb\x0e\x0dW\xbb\xed\x07+%\x9cT\xba\
\xad\xed\x95\xd2E\xc7\xa5g\x8eK\x87,\xc1E\xd99\
&a-\xe1\xc5\xdb\xaf\xf7\x99\xb9%TL\x00\x00%\
\xc3\x8ei\x85\xf1-?\x8f%?\x97%,\x01%\x22\
wFd\x95\x98\xd2&\xa1\x95I\xc8XY\xe1\xb6\xb5\
W\xba\x1d\x07+sv\x8e\xe6\xd0P\xb5\x1e\x1c\xac\xba\
\xed\xb6\xdb\x02#\xf3U\xf2\xff*\xfc\x8e7\x0ax\x85\
\x15:\xcc\x8bM*U\xd5s\xd9\xdf,0\x03\x03q\
\xe9\x8d\xa7\x1b\xad#nO\xcfx=\x94\x94\x8e\xd8\xd4\
\xc9:v\xa2\xfb1\x95\x13\xafjB \x01\x00\x94\xa5\
gUX\x8c\xc9y\x95\x15\xa5zd\xac\x1c\x96\xa5=\
ido`l\xd3\xde\xc0k\x17wGW|y\xbb\
\xe38=\x81@\xe0\x90\x04\x9c\x0ei\xbb\xbc\x9f\x83o\
QI\x01^A\xf6[\x9d\xd5\xabW\x07\xb2}\x83q\
wh\xa8\xca$S\x95nGG\x85\xdb.\xcdVN\
\x06\x93\x89|\xe5D\xc7\xec\xb7E\xcf\xae\x9cx\xdf*\
\x11P\x00\x00e\xc9\x8e\x81\x85\xb10P\xa8\xac\xd8s\
\x7fE\x8d21m\xc7N\xd7\x8d\xbb\xed\xed\x09w\xdf\
\xfe\x0a=4T'\xe3\xacw\x14030\x90\xa0\xaa\
\xe2\x7f\xbc9\xc0+\xc4v\x8e\xd2.U\x99LM\xcf\
\x15o^\xe8\x1e:\x5c\xadR\xa9\xb9fpH\x02\x89\
n\x92;\xedY\xe0k\xa5\xb3\xb5G\xef\xb2}\xb1\xfd\
R\xc1v\xc8|n\x01\x008N\xa1\xb2\x92o\xc6;\
\xd7\xca\x80\x5c\xec\xd0\x8e,\xab\xab;d\x00\xedQ\xae\
:\x10~\xe3\xe5]\x89o}u\xb7\xad\xa6H\xe3\xcc\
\xf5>\xc5\xd1\xbd\x80\x97\x91\xfd\xe6f\xf1\xe2\xc5\xfa#\
\x1f\xf9\x88\x93L&\x03\x8d\xb1\xca\xb9j8Y\x9b\xbe\
\xed\x17\x93\xdc\xd6\xd6\xb8\xcaf\xc6I\x0c\x89i\xa3\xaa\
m\xd5D.'\xa4\x03\xb5\xfb\xdfz\xbbu\x11P\x00\
\x008\xb1\x91qR\x9awd0\xad\x8d+\x97\x93\xf6\
;A\x95J\xa6L2\x993\xa9dR\x8f\x1d\x9b\x0b\
]|\xe1\x90\xce\xaa\x81\xc5\xaf\x7f]\xfb\x1b\xde\xf0\x06\
=o\xde<\xbdf\xcd\x1a\x1bp\xe0\x13l\xf0\x00/\
#c\xccBiU\xfd\xfd\xfd\xd3L:\x1d\xc9\xbd\xe3\
\xbd\xf3TGG\x95\x9b\xca\xcc\xd2\xc9\xa1\x84\xac2\xb3\
0\x11\xd0\xf6\xb3TN\x00\x00x\x91\xf2\x95\x15\x93\x93\
!5-\x03p\xaf\xdc4$7t)\xc7\xe9v*\
+\x0f\x04\xdf\xfc\xc6\xc3\xb1\xe5_\xb2\x15\x95\xae@ \
`\xcf\xabb\x8f\x02\xb6\xdb\xfba\xbc\xe2\x98\x93\x02\xbc\
\x0cl\x05e\xd5\xaaUA\xd3\xd9\x1b\xcau\xf7\xc5L\
\x7f\x7f<70P\xe9\xban\xc2\xf4\xf4F\xf5\xf0p\
\xd4\x0b'F\x1ds&x&\xc5\x03\x00\xf0b\xd91\
\xd4\x8e\xa7\x12P\x02F\xab\x90=\x94\xbf\xdc\x10\xd1\xae\
\x1b5\xbd\xbdQ\xf7pW\x5c\xf5\xf7Whi\xb9\xbe\
\xbe\xa8\x1a\x18\x88\xd9\xa3\x801W\xc5\x1fx\x13\x80\x97\
X\xa1\xb3\xb3G\xef\xaa\xeb\xbb\xea\x9a\xd9\xd9\x96\x16\xbb\
+\xd74m\xb4\xdd\xbdk\x82\x1a\x1e\x8e\xc9\xfd\x13\x8d\
=\xac\xb0\xf4\xa7\xb22\xbba\x02\x000J\xf2\x15\x95\
B\xf3\xe6\xaa\xa8~\x19l\x0fIh\xe9\xd3\x95\x95\x87\
\xb4v\xba\x8c\xeb\xb6G\xdey\xf5\xa1\xc4\x97>\xbbW\
\xee\xb7G\x02\xdb,K\xbc\x82\xa8\xa4\x00/\xa1\xa3G\
\xef\xea\xed\x0d\xb9\xfdC\x09\xe9\x1d\xe3\xf6\x5c(\xba\xaf\
?\xa6\xfa\xfbcfh8*]fX\xdaH\xf5\x84\
\x80\x02\x00\xc0(\x92\xb1\xd5~\x01h\xf7N\xb0G\x01\
\x0b\xc9\x95\x90\x1d{\xb51\x11\xd3\xd7\x17u{{c\
\xa6\xbf/f:\x0f\xc7\xdc\xfe\xfe\xb8\xfd\xf2\x90\x8a\xca\
+\x8f\x17\x1fx\x09\xb9\xae\xfb\x1a\x95\xc9\x8c\xeb{\xc7\
{N\xcbnx\xbaVe\xb2\xa7(\xd7TJ\xb7\xd7\
(\x1f\xbe\x882\xa6\xdaH\x87)\xab\xda\x0e\x94\xcf#\
\x00\x00/\xb1\x91\xca\x8a\x0c\xbaI\xb9\xd4/\x17\x07d\
\x08\xee6\x8e:\xac\x83\xa1\xfd\xd1w\xbf\xf3@|\xf9\
\x97\xec\x99\xea\xb7:\x8e\xb3\xde\xfb!\xbc\xec\xa8\xa4\x00\
/\x81\x919(\xb9\xbe\xbe\xb0\xdb\xdf\x1f\x91\xa0\x126\
\xa9t\xc8\x18\x13\x92^1\xa4\xed\xfe\xb1\xca8\xd2K\
\xdaov\x98{\x02\x00\xc0\xcb\xc4\x8e\xb9v\xec\x95\x80\
\xe2\x18m\xe7\xab\xe8\xa0\xd2&\xa4\xec\x18\x9dN\x87\xcd\
\xc0@~\xec\x1e\x1e\x0eSQy\xe5\xf0\xa2\x03/\x01\
\xd7u/\x92\xbf&\xf5\xbd\xe3=\xa7g\x9e|\xaaN\
e\xd3\xb3\x95\xab\xaa\xa4\x03\x9c*]\xa3=\x8a\x97\xfd\
\xecy\x9f?\xf9\x8b\xcf!\x00\x00/\xb3BE\xa5p\
\xd1VV\xcc\x11\xa3t\xbbr\x9c\x0e\x15\x0c\xee\x8b\xbd\
\xeb\xed\xfb\xe3+\xbe\xdc\x22\xf7mt\x1cg\xa3\xb7&\
^6TR\x80Qd\xbfqY\xb7n](\xd7v\
(\xec\x1e\xe9\x89\xa8L:\xac\xd3\xe9\xb0r\xf3\xdf\xd0\
h]83n\xa1zB@\x01\x00\xe0\x9512\x0e\
K\xf3\xe6\xab\x18\xa3\x02\xdeX\xed\xba!\xe5UT\xfa\
#\xee\x91#Q5<\x1c\xf1\x8e\xd0IE\xe5e\xc5\
\x8b\x0d\x8c\x22\xd7u/\xb6\x15\x94\xfe\xf7.]\x90\xfe\
\xd3\xc3\x0d\xca\xcd\xcdR9S\xad\xb5\x99jT\xbe\x82\
b;\xc4\xfc\xda\x00\x00\xc0/\x0a\x95\x15\x9bD:%\
\xb0\x1c\x94\x11\xbbC\x05\x03\xfbbK\xdf\xbf'\xfe\xf9\
O\xef\xced2\x1b\x22\x91\xc8\xa6\xfc\xdax\xa9QI\
\x01F\xc1\xca\x95+#k\xd7\xae\x8d\xe5\xf6\xec\x89\xba\
\xed\xed1\x93\xcdDt&\x13Q97,\x01%,\
\xab0\xf7\x04\x00\x00\x1f\xb3c\xb4\x1d\xab%\xa0\x84d\
\xec\x0ei#c\xb8\x8c\xe7\xe6\xd0\xe1\x98\x1d\xdb\xb3\xfd\
\xfd\xf1U\xabVE\xa9\xa8\xbc<x\x91\x81QP\x98\
\x832y\xa4\x82\xa2]w\xa6\xc9\xb9\xb5J\x99)\xd2\
\xe5U\xc8*TP\x00\x00(\x02\x7fVQqt\xab\
\x0a\x04Zc\xd7}pw\xfcS7\xec\xa1\xa2\xf2\xf2\
\xa0\x92\x02\xfc\x15l\x05\xc5~\xab\x92\xdb\xbd;rl\
\x05\xc5\xb89\xaf\x82\x22\xc9\x84\x0a\x0a\x00\x00E\xc4\x8e\
\xd9v\xec~\xa6\xa2b\x22\xf9\x8a\xca\x11oo\x09*\
*/\x0f^\x5c\xe0\xaf\xe0\xba\xee\x05\xf2\xd7\xb4\xfe\x0f\
\x5c\xbb \xfd\xc0C\x8d\xcfTP\xd4$\xf9tU\xc9\
\x92\x0a\x0a\x00\x00E\xe8hE\xc5\xa8\xc3r\xe1\x90r\
\xd4\x01\x15\x08\xb6\x8dTT\xd2\xe9\xf4\x13\xd1ht[\
~m\x8c6*)\xc0\x8b`\xbfA\xf1\xe6\xa047\
G\xdd\x03\x07\xe2&\x93\x8e\x16*(\x91|\x05\xc5\x1c\
=\x82W\xe1G\x00\x00@\x11\xb1c\xb8\x1d\xcb\x8d\xb2\
G\xe7\x94\xb1\xdd(;\xd6G\xcd\xc1\xc31w_k\
<\xd2\xdf\x9f\xb0\xdb\x02\xf6\xdch\x85\x1f\xc1(b\x03\
\x0ax\x11\x0a\x15\x94\xe9\xfd\x1f\xfb\xc4\xdc\xf4\xdd\xbf\x1b\
\xab\x8d;\xd3\xb8\xcaVP&\xcb\xa7\xaaR\x96TP\
\x00\x00(\x01\xc7TT\x0e\xc9\x85\xc3\xde\x1c\x15\xad\xdb\
b\x9f\xfeDK\xfc#\xcb\xf6\xa7\xd3\xe9uTTF\
\x1f\xc9\x0f8\x09G\x8f\xe2\x95\xaf\xa0\xc4L*\x1d\xd1\
\xb9\x5c\xc4\x18\xafzb\x1bsP\x00\x00(!vL\
\xb7c\xbb\xa4\x94BE\xc5\xe4\xc7\xfe\xf6\x83Qw_\
kl\xa4\xa2\xc2\x1c\x95\xd1\xc5\x8b\x09\x9c\x04\xd7u\xcf\
\x97\xbff<SA1\xd3\x8ck\xea\xe5.\xe6\xa0\x00\
\x00P\xc2\x8e\xaf\xa8\xc8\x80\xbf\xcf\x04\x02\xed\xb1O^\
\xbf#\xfe\xd1\x0f\xef\xed\xef\xef\x7f\xb2\xba\xbazG~\
m\xfc\xb5\xa8\xa4\x00/\xc0SO=\x95x\xe8\xa1\x87\
*s\x1b7\xc6\xb3;vU\x98T:\xaes9\xfb\
\xadIT:\xa9\xa8\xf4YTP\x00\x00(av\x8c\
\xb7c}\xbe\xa2b\xc7~\x15\xd5\xb9l\xd4\xdd\xb3?\
\x96ii\x89W\x06\x02q**\xa3\x87\x17\x11x\x01\
\x5c\xd7=G\x16\xd3\xbc\x0a\xca]\xf7N\xd0\xae;#\
_A1\x13\xa4\xcb\xaa\x91\xfb\xa8\xa0\x00\x00P\x06F\
**\xf2_\x9bV\xfa\x90Q\xbaE\x07\x03\xfb\x13\x9f\
\xfc\xf8\xe6\xc8G>\xb4\xb7\xb3\xb3skccc{\
~m\xbcXTR\x80\xe7a\x8f\xe2\xb5n\xdd\xbax\
\xf6\xa9M\xb1\xcc\xa6\xad\x09\x9dL\xc7u6{L\x05\
ESA\x01\x00\xa0\x8c\xd81\xdf\x1b\xfb\x8d\x0e\x19\xa3\
\xec\x1c\x95\xa8\xcad\xa3\x99\x5c.\x96\xcb\xe5\xa2\x8e(\
\xac\x8a\xbf\x02/\x22\xf0<.\xbe\xf8\xe2\xc9g\x9ey\
\xe6y\xc3\xdf\xbf\xe5\x8c\xbe7\xbey~\xfaw\xbf\x9f\
'\xbd\xd3<\xa5\xcc,\xa3\xd4L\xb9\x5c]X\x15\x00\
\x00\x94\x13m\x12Z\x9b&YN\xb6\xdb\x04\xaevg\
JH\x99\x99N\xa7\xd96\x18\x05\x84\x14\xe0\xf9\x85\xa5\
E\xb5k\xa2:g\xbc\xa3x\x19\xa3C\xca\xe4w\xef\
\xa2\x82\x02\x00@\x992: \xdb\x04A\xbb] \x1b\
\x04\x11\xb3\xf7@,\xbbu{\xac:\x1c\xaez\xe4\x91\
G\xaa8\x7f\xca_\x87\x0d,\xe0y\xb8\xae{\xb1,\
\x16\xf6\x7f\xf4\x86S\xd3w\xfev\x92tB\x93\xe5\xfa\
\x18\xe9\x98*\xe5\xd3c'\xcd\x01\x00\x802T\x98\x9b\
b/ui\xa3{\x8c2\xbbU \xd0\x96X\xf1\xe5\
\xcd\xd1\xf7\xbe\xab\xb5\xaf\xaf\xef\x91\x9a\x9a\x9a]\xf9u\
p\xb2Hx\xc0\x09\xac[\xb7\xaez\xd3\xa6Mu\xb9\
\xb5\x8f&\xb2O>\x15\xd7\x99TT\x12}D\xba\xa3\
\x90\xfd\xd6\xc4~}RX\x15\x00\x00\x94!\xbb7\x85\
m\xb2m\x10\x96\xad\x82\x88\x5c\x8c)\xd7\x8d\xe7\xb6l\
Id\x9e\xdc\x90\xa8\x0e\x06\xab\xb6n\xddZ\xc9\xd1\xbe\
^\x1c^4\xe0\x04\xa4C9K\xda\xec\xc1O\x7f~\
N\xf2\x8e_OQ\xb9\xdc\x0cmT\x93Q\xaaA>\
5\xf6|(^\xe7\xe4\xad\x0c\x00\x00\xca\xd63\x15\x15\
u@\x12K\xa7\x5c\xdbf+*\xf1/\x7fqc\xf4\
\xef\xdf\xbd\xff\xf0\xe1\xc3[\x9a\x9a\x9a:\x0a\xeb\xe0\x05\
\xa2\x92\x02\x1c\xc3\x9e\x0f\xc5~\xeb\x91y\xf4\xd1x\xe6\
\xc9'\x13&\x99\x89K@\x89I@\x89\xdaoI\x0a\
g\x94g.\x0a\x00\x00\xf0\x8cl\x13\xc8\xb6\x82\x9d\xb7\
\x1a\x96K1\xd9v\x88\x9b\x5c6.7\xc7\xb5\xb0\xf7\
\xe3\xe4\x10R\x80c\x9cv\xdai\xe3g\xcf\x9e}v\
\xea\xf6_\x9f\xde\xf7\xd6w\xceI\xdf\xf9\xdbYZ\x99\
\x99F\x9b)r\xf7D\xa3tE~M\x00\x00\x80<\
/\xa8\xe4\x8f\xf6\xd5(W'\xc9\xf6\xc2t7\xe0L\
\xcff\xb3\xd33\x99\x0cG\xfbz\x11\x08)\xc0\xb3E\
\xa4\xc5\x8d\xd6q\x9dsc\xc6\xb8\x11c\xbc\xb9(T\
P\x00\x00\xc0s+\x1c\xe9\xcb\xc8\xb6\x84V&\xe6n\
\xdb\x9e\xc8\xae{\xb2\xa22\x18\x1c\xb3e\xcb\x961\x1c\
\xed\xeb\xe4\xf0b\x01\xcff\xbf\xed\x98\xac\x03\xce\x14\xa3\
\xf44\xc9$\x13$\x994h\xa5m\xc9\x16\x00\x00\xe0\
\xc4\xecQ?\xb5\xaa\x96\xed\x86F\xb92>\xfd\xf3;\
\xa6\x0f\xbe\xe3=\xb3\x83\xbf\xbb\xff\xfc9s\xe6\x5cz\
\xed\xb5\xd7\xda\xbd2\xf0\x02\xf1\xad0 \xd6\xae]\x1b\
\xab\xa8\xa8\x88\xceM\xbb\xe7\xe4\xfa{OK\xff\xf4\xd6\
\xb9\xe9{\xee\x93\x90\xa2&\x18\xa3\x1a\xb52\xd2\xf1h\
[e)[F)W\xfev\xe5\x82\x9d 82I\
\x10\x00\x00\xbbEY\xf8\xe2[\x07\xcay\xaf\x03\x19\x1c\
\xed(\xd9+\x8bAy\x19v+m\x0eE\xdf\xf9\x8e\
\xcd\x91+^\xdf\x96\x9e:\xf9\xd1]\xfd\xfd{\xba\xba\
\xba\xfa\x97,Y\x92-\xfc\x08\x9e\x03!\x05\x10\xae\xeb\
\xce\x90\xc5\xf4\xc1O}q^\xf2\xf6_\xc8e3K\
n\x9c$\xb7\x8d\x95pRk\xd7)\xe7N\xd7\x92^\
7\xab\x8c\x96NW\xc2\x8a69y1\xa4/\xd6\x84\
\x15\x00(c26\xe4\xc3\x89wx~\x19'\xb5\xaa\
b\xbc\xb4\xffy\xf6ke\xba\xe4\xdaV\x13p:\x12\
_\xfd\xf2\x86\xe8{\xae9\xd0\xd1\xd1\xb1q\xfc\xf8\xf1\
\x87\x0b\xeb\xe09\x94\xf5/\x110\xc2\x183\xc7\x1er\
x\xe0s_\x9a\x97\xfa\xc9\xad3\xb4\xd63\xa4S\x99\
(\xbd\xcc\x18\xad\x95\x17RJ]\xbeS59\xf9\xdb\
v\xae^\x07{4\x88H(1Fge\xd9/\xd7\
]mL&\x7f\xbb\xad\xae\x00\x00\xca\x96\xb1\x15\x14\xa3\
\xbd\xf3\x84\xc8\xa8 c\xa6\xddmZ\xb6\xcd\x95\x0d-\
\xde b\x97\xf2wYUZ\xec\x80*ce\x87,\
\xbb%\xb95\xcb\x90y0\xf1\xf5\x1b7D$\xa4\x1c\
>|\xf8q\x0eI\xfc\x97\x11R\x00\xe1\xba\xee9\xb2\
X4\xf0\x85\xaf\xccK\xfd\xe8\xe7\xb6\xaa2\xc9;B\
\x87\xd1\x15\xf2)\x89y+\x958\xe9Hm@\x19\xf0\
.j\x93\x95N\xd5\x95\xe0\x96\x91!Gn7\x032\
\xf0\xd8`\xd2m+*2\x1a\xd9\x8a\x8a\xe4\x16C\xb9\
\x1a\x00\xca\x98\x8c\x07!\xbb\x90?\x952*82\x80\
\xd4\xcb\xf0\xe0\xe4\xaf{\xa1%\xec\x05\x15o=\x892\
ZW\x96CH\xc9\xb3_\xec\xa9\xa4<\xed=\xf2\x1a\
tU|s\xc5\xfa\xc8\xbb\xdfy\xe0\xd0\xa1C\xf7\x8e\
\x1d;\x963\xd1\xff\x05\x84\x14\x94\xb5u\xeb\xd6\xc5\x1b\
\x1b\x1b\xa3\xe3Z\x0f\x9e\x95\x1b\x18X\x98\xbe\xed\xf6\xb9\
\xe9\x95\xbf\x9b.\x9d\xe8\xf8\xfc\x5c\x14\x15\x91OI\xb4\
\xb0zI\x91\x0e\xd3\x95\x01E\xc2\x88\x1dFTV\x9e\
oN\x96}\xd2-\xb8\xda\xa8\xb4\x5c\x96\x90\xa2R\x12\
\xd6\xb26\xbc\xe8\xea\xaaT\xe0\x94\x99\xddF\xeb\x8c\xa4\
\xba\x01{\xbf\xfd\xf9\xc2?\x07\x00(KN>|8\
N\xb5\xcef\x9d\xec\x86\x8d\x8d2F82VT\xcb\
\xd8\xe1HH\xf1*,\xf9J\x8b\xb1\xd7\xbdJ\x8b\x8c\
/\x85p\xa3\x83%\x1bZ\x8c\x1a\x96\xb16-\x97\xf6\
\xc9\xf3\xee\x0a\xbf\xe3\xaa\xa7\xc3\x97\xbf\xfe@n\xe6\xf4\
\xfb\xbb\xb4\xde\xbds\xe7\xce>\xe6\xa6<7B\x0a\xca\
\xda\xd1\xb9(7~mv\xf2\x7f\x7f4K.\x9f\x22\
\x9b\xe6\x93\xe5\x93\xd1$\x1f\x8f:\xbbN\xa9v\x9e^\
\xe5D\x99n\x199\xb2F\x96\xf24\xb3\xb6\x13\x95\xbb\
\xbc\x8a\x8a\xc9\xcf;\x19\x92\x81$+\xaf@w\xf0\xec\
E\xc9\xea\x9f\xfd\xe0\xb0\x0a\x06m\x87\xdb\x9b_\xcf\xd8\
\xcb\x00\x80r\x95?\xa8\x8c\xdd\x95\xab\xce\x1d\x1c\x0ct\
\x9fu\xc1D\x95L:\x92>\xc6\xd8P\x22+\xd8\xf3\
\x8b\x8dTZ\x022\xf6\xd4\xcbX\x13\xb0\xeb\xcb\xf8\x12\
\x90\x9f\xaf-\xd5q\xd6\x92\xe7+C\xaci\x93\x8b\xbd\
\xf2,\xb7\xc8\xf3mO|\xe7\x9b\xebbo\xbf\xaam\
\xc7\x8e\x1d\x1bf\xcd\x9a\xc5\xdc\x94\xe7P\xb2\xbf\x14\xc0\
\x0b!!e\xae,f\x0d-\xff\xfa\x9c\xe1\xff\xfa\xc1\
)\xa5<\x17\xa5\xd0Qf\xeceyn\x19;\xc7\xc4\
\x9b\xd0g/+\xdd\xe9TVd\x02\xb3N9,\x97\
\xb3\xca\xb8\xb6D-!\xc5\x0c\x99\xa1\xe4pv\xcb\xf6\
\xd6\xe09g\xa4\xabo\xffi\x8f\x0a\x04\xec\xb7>\x03\
\xf2Z\xd9\xf9(|\x03\x04\x00e\xcc\x18\xe3UDD\
\x95\xe9\xefw\xba\xcezU\xbd\x8c!\x81\xd0\xdc9\xd3\
d|q\x8cr*\xb4\xb6\xbb\x81\x05l\xa5%\x90\xd9\
\xb0\xa1I\xd6\x0fhc\x1ae\x5c\x0a\xc8xT/?\
\xee\xc8\xbfS\x98x_Z\x95\x15;\xf6\xca\x939,\
\x17\xfa\x946\xdb%\x98uT\xfc\x9f\x7f|\x22r\xd5\
[\xdb\xf6\xee\xdd\xfb\xe8\xb4i\xd3\x98\x9b\xf2\x1c\x08)\
(k#sQ\x86\xbe\xfa\xad\xd9\xc3\xb7\xfc\x8f\xad\xa4\
L\x94\xce\xb4I\xba\x94\x92\x9b\x8b\x22\x1d\xa5=\x84\xf0\
\x11mtN\xd2\xca\x11\xf9\xf8K\xc00\xed2@\xa4\
\xe4\xf9\xees\xa6NJ\xd5\xdcw\xd7\x01\x15\x89\xd8 \
\xd3#\xcdVJ\x06\xa5\xf5\xac\xf8\xc67\x1eZ\xbeb\
\x85\xedh\xe5\x9f\x01\x00\xe0\xc4$l\xe8\xd5\xcbW\x07\
.\xfe\xd2\x85\x97\xca\xd5\xa0\x84\x8e|%E\xa91n\
GG\xb0\xfb\xd5\xaf\x9b\xa23\x99\x90\xac6U6\xda\
\x832\xaa\x8c\x97\x80#\x01\xc5\xd4\x96be%\x1fR\
\x8c\x9d\xef\xf9\xcc\xdc\x94\x7f\xfb\xc7u\x91\xbf}\x8b\x0d\
)\xf7HH\xd9\x93_\x13\xc7#\xa4\xa0\xac\xa5\x7f\xf7\
\xbbW\xb9\x19\xf7\x82\xe4\xadw\xcc\xce\xde\xbfz\xa6|\
$&\xc8\x06|a.Ji\x9c\x17\xa5\xd0A\xda\xdd\
\xb6\xec\xee[\x87\xe5y\xd9\xf0\xd1\xa1**2\xc13\
Nk\x95\xc1!e2\xb9\xbd\xba\xb6:Y\xf9o\xdf\
\xd9\xa1b1[\x1d\xc9\x1fjXI\x80\x91\xcb\x8e\xe3\
l\x96%\x00\x00\x7f\x91\x0d*\xd2\xce\x90\x8b\xb6:b\
\xe7u\xda\xed\xcd\xca\xdc\xa1C\xa1\xc1O}q\x8eJ\
&C*\x1c\x9cj\xd2\x99P\xee\xd1G'\xc9\xea!\
mT\xa3\x8c\xbfA\xaf\xb2bt@\x06\xae\xa8\xfcP\
il\xa7\x1e;7E\x99#\xd1\x0f\xbc\xe7\xc9\xe0\xb9\
g\xb7\xed\x1f\xec\xff\xf5)o\x7f{K~%\x1c\xaf\
4\xde|\xe0E\xea\x9a8\xe32W\xe9K\xe4\x830\
S6\xe2g(m\xc6\xca\xc7\xa2\xa4\xe6\xa2H\xa7\x9f\
\x95\xce\x7f\x9f<\x9b\x8ct\x92\xfb\xe5ie\xe4\xfa.\
g\xd2\x84T\xcd\xef\xef\xda\xad\xc2\xb1\x94r\xcc>\x19\
U\x06V|\xe3\x1b\x0f\xafX\xb1\x82\xc3\x0a\x03\x00F\
]sss\xe4\x94i\xd3^-cQXi=\xd5\
mm\x0du_t\xe9\x0c\x9d\xcbF$\xd4L\xd5Z\
\x87e\xd0\x9a(\x01%,\xabO*\x95q\xd8\xb2_\
\x18\xca8\xdb&O\xa9G\x82\xcaS\xca\xd1\x1d\xfb'\
O\xfa\x9f3\xfe\xb4\x8a/\x01\x9fC\xe1\x98\xd5@y\
\xd9\xbauk\xe5\xbe}\xfb&\xe8\x05\xa7\x8d\xd1\xc6\xc4\
\xa4s\x8cj\xdb)\x1a\xed\xd8N\xb1\x14:F\xdb!\
\x8a>\xb9`\x8f\xd8u\xc4\x04\x02]\xc1W\xbf\xaa=\
p\xd1\xab\xdb\x83\x17]\xd0\x168u\xfe\x81\x9c\xeb\xee\
T!g\x8f\x0a\x04:T0xd\xf9\xf2\xe5\xf2c\
\x00\x00\x8c\xbe\xd6\xd6\xd6\x9c\x8cE\x07e\xcciW\x8e\
\xb3S.\xef\x0c]\xf4\xaa\xb6\xe0E\x17\xb6\x05\x97\x5c\
\xd4\xee,<\xad\xc3h\xd3%\x1b\xf1\xdd\xf9\xb1\xcb\x0c\
z\x1b\xf7%B\xdbs\xc4\xd8C2\xdb\xa3\x86\xba&\
6\xf3\xf5\xafk\xb4\xdb\x22k\xd7\xae-\x8bS\x1d\x9c\
\xac\x92I\xa8\xc0\xc9H&\x93s\xc3\xe1\xf0\xfc\xa1\xe5\
_\x9f?\xfc_?\x9c\xab\xb4\x99\x22\xdd\xe0$\xe9<\
\xaa\xe5ca\xf7\x9f-z\xb6\x82\x22\x7f5\xcbsJ\
\xcbr\x8b\x19S\x97\x8a\xdf\x7f\xcfF'\x16\xcbD\xc2\
\xe1\x1d:\x18\x1c\x94P\xb2\x96\xca\x09\x00\xe0\x950R\
Y\xc9*\x15\xcd\xa5\xd33\xb2--\xd1\xe4\x9b\xae\x9e\
or\xd9\x982z\x8e\x84\x95\x98\xd1zz\xa9|q\
(\x7fzd1\xa4\xb5\xdef\x8c\xea\xac\xfc\xf7\x7f~\
8\xfc\xd67\x1d\xd8\xbf\x7f\xff\xc3S\xa6L\xb1G\x00\
\xc31\xa8\xa4\xa0,\xe5'\xe9\xa9\x98Q\x8e\xdd\xe7U\
\x9a\x0eK\xcb\x1fY\xa4\xc8\x1d\xad\xa0x\x87;\xd4\xdd\
J;\xdd\xc1\x8b^}(\xfc\xea\x0b\x0f\xaa\x8ciQ\
\x8e\xd3b+'\xb2N\x17\x95\x13\x00\xc0+\xa5\xaf\xaf\
\xcf\xb5\x95\x95@ \xd0&\xe3\xd2\x0e\xa7\xb2fWp\
\xc9\xe2C\xc1\x85\x0b\x0f\xdb\xb9\x1b2$\x97ZE\xc5\
\x1e\x9a9(\xa3tX;\xde\xdcW;_'\x9eN\
\xa7\xed!\x99q\x1cB\x0a\xcaR6\x9b\xb5\xa5\xd5:\
\x15P\xb5\x12K\xaa\xa4\xef\x8bK\xefgO8e\x83\
J\xb1\xb3\x95\x91\x03\x92\xb6\xf6\xcbr\xa7\xaa\xaa\xdaQ\
q\xf3M\x9b*\xff\xfd;O\xdd\xfd\xe0\xaa\x95\xb1X\
\xec^\xc7q6H\xdb*a\x8d\x90\x02\x00xE,\
Z\xb4(#c\xd1FiOF\xa3\xd1\x95O\x1fj\
\xff]\xd5\x7f~\xf7\xe9\xc4\xb7Wl6\x8e\xd3b\xb4\
\xb2ge\xdf/csI\x1c\xa6Wk\x15\xf2\xb65\
\xb4\xaa\x90k\xd5&\xa0\xed\xa9\x0e\xea\xc2\xe1\xb0=\x8c\
3\x8eCHAYJ\xfd\xf8\xe7\xe1\xe4\xad\xb7'r\
\xcd-1c\xcb\xc9FE\xbc\xfdD\x8b\xf83!\x8f\
\xdd\xc8\xf3\xb0\xa5\xe4\x1e\x09(]F\x07:C\x97\xbd\
\xae#r\xe9%\x1dN6k+(\xbb7o\xdeL\
(\x01\x00\xf8\xd2\x91#GRv\xae\x8a\xae\xae\xde\x15\
~\xc3\xe5\x07\x83\xe7\x9fsP\xc6\xe6N\x19\xb8\xbad\
\x90\xb3\xe3[\xbf\x1d\xeb\x0a\xab\x17\x15\x19\x97\xed\x11\xcf\
\xec\xd1\xcb\xc22VG\xe5r4\xb3\xf6\x91x\xf2\xb6\
;\xe2\x83\xabW\x97\xc2\x17\xa4\xa3\xae\xe8wm\x01^\
\x8c\xd6is.\x09\xa7\xb3\x97\xc9\x07`\xa6\xf4v3\
\xb4\xb6'\x95\xd2\xf5\xf6>\xdb\x91x+\x15\x19y\x1e\
\xae\xc4\x94\xedJk{\x9e\x93\xa7\xa4\x93O\xd6<t\
\xff#Neb\xf0\x8e_\xfe\xf2\x17W_}u.\
\xbf&\x00\x00\xfe\xb5s\xe7\xce\xeaiS\xa6\xbd)\xbb\
n]U\xefU\xef:S\xc6\xb6\x0a\x19\xe4\xe6i\xbb\
\xd7\x83\xd6\xd3\x8au\x9c\xb6\x0a!\xeb\x80\xfc\xdd'\xdb\
\x1e\xeb\x95\xd1\x07\xf7O\xe5(_'B%\x05ee\
\xf7\xee\xdd5mmmS\x12\x0b\xe6\xd7K\xe7\x107\
*\x7fT/cT\xc0vz\xc5\xd8\xf1\xe5;<\xd3\
/\x7f\xf7\xcb38\xa2\xa5E.\xbd\xe4\xa0WA1\
\xb9\x9dTP\x00\x00\xc5d\xfb\xf6\xedI\xd9B\xdd\xa9\
k\xabw\x1f[Q\x91!\xba\xe8+*\x96\x1e\xa9\xa8\
(\x15\x93+\x89\x99\x97]>\xae\xb5\xb5u\xf2m\xb7\
\xddf\x0f\xbd\x8c\x82\xa2M\xa2\xc0\x8bq\xf4\xa8^\xdf\
\xfc\xa7\xb9\xc3\xff\xf1\x9f\xf3\x8f9\xaaW\x95|\x1c*\
\x0b\xab\x15\x15\xe9\xe4\x5c\xe9\xf0\xf6H@\xb1'i\x5c\
g\xc2\xe1t\xed\x93\x8f>\xe8T\xc6m\x05\xe5v*\
(\x00\x80b\xb4e\xcb\x961sf\xcd\xb9\xe2\x98\x8a\
J\xa5\x0czse\xe4\xab\x901oJ\xd1~\xb1h\
L\xb7\x5c\x1c\x96G\xbfU\x19\xdd5r\x94\xaf]\xbb\
v=8s\xe6\xccC\xf95A%\x05e\xc5;Q\
\x94R\x09\xe9!\xe2\xd2\xb3\xc5\xbc\xa3zim'\xac\
\x15\xddg\xa1\xd0\xd1\xa5\xe4y$\xa5\xa3\xebW\x8e\xee\
\x0b_\xf9\x86\xce\xc8\x9b\xae8\xec\x98\xec\x0e\xbb_/\
\x15\x14\x00@\xb1J\xa7\xd3\xb6\xa2\xb2C\xd7\xd4\xed\x0a\
\xbf\xf9M\x1d\xc1\x0b\xce?\xa8\x95\xe9\xb2{\x0c\xc8\x08\
X\xc4G\xfd\xd2\x01{\x94/\xed\xcd\x87\xd5Qy\x8e\
\xf6`>\x89@ \xc0v\xf91x1PV\xb2\xd9\
lD\x165\xdaq\xaae\xc3>\x7fT/\xe9$\x94\
\xd1Ey\xf8?\xa3\xd5\x80,\xa4\xe9N\x13\x08\x1c\x8e\
\x7f\xe3\xc6\xbd\x15\xff\xfa\x9d\xddk6lX\xeb8\xce\
\xe3\x9c\x03\x05\x00P\xac\x16.\x5c8(c\xd9#;\
\xdc\xf4c\x95\xff\xfe\x9d\xe6\xc4?\x5cg\x0f\x02\xb3_\
F\xbfV\xad\xd4\xe1\xfc\xc1b\x8a\x8f\xd6&(\xc9*\
\x7f\x94/\xd9\x161\x8eS#7\xd7\xca6\x0aG\xf9\
:\x06!\x05e%u\xd3\xff\x8b&\xbf\xff\xdf\x95\xd9\
\xad\xcd\xb6\x9ab\x8f\xeae\xcf\x93\x12\x96\xcb\xc5\x18R\
\xa4\x8f\xd3C\xcax\xfb\xe6vic\x8f~b\xba\xe4\
\xf6#\x87\x0f\x1f.\xc2o\x96\x00\x00\xf8s^EE\
\xa9\xad\xba\xa6\xaa9\xf8\xf6\xbf=\xe8\x9c\x7f^\xa7\x5c\
\xef\xd5Z\x0d\xc8\x18>l\x8cI\xcb\xa0W\x14\xe3\x9e\
<^-\xdb\x1e!YF\xec6\x881n,}\xdf\
\x1f*\x92\xb7\xfcOE\xf6\xa1u\x9c/\xe5\x18\x84\x14\
\x94\x95\xe1\xef\xffWd\xf0k\xdf\xae\xcd\xde\xbf\xa6Z\
\x19]!\x1d\x5cBz\x8cXa\x97\xaf\xe2cT\xaf\
\xf4wv\x12a\x87\x5cn7\xb9\x5c\xbb<\x97\x0ev\
\xf3\x02\x00\x94\x8aBE\xe5\xb1}\xd1\xe8\x93\xd1\xaf/\
\xdf\x17\xfa\xfb\xf7\x1e0Zw\x19\xa5\x8f\xc8\xf87(\
\xe3\xe0pa\xd5\xa2 \xe3t\xd8h\x15\x95\x0b\x15\xb2\
-R\x99\xf9\xcd\xdd\xd5C_\xfdVm\xea\xff}\x97\
\x89\xf3\xc7 \xa4\xa0,\x1c9r\xa4\xba\xbb\xbb{Z\
\xe2\xf4S\xeb\xb5\xad\xa0xg\x99\xf7\xbe\xc5(\xbao\
-\xec\xb7E\xa2O\xfe\xee\xb1\xfb\xe6\x9a\x80\xd3\x15\xb9\
\xfa-\x87BW\xbf\xf5P \x17\xd8/\xf7\xb5r&\
y\x00@\xa9I\xa5RY\xd9\xc0?\xe2h\xdd-C\
\xa1=\x1b}\xaf\x04\x95a\xadM\xba\xb0JQy\xd6\
Q\xbe\x94\x89\xcfx\xd7;&\xd9m\x95u\xeb\xd6\xb1\
\xdb\x97 \xa4\xa0,\xc4b\xb11\xd5\xd5\xd5\x0b\x82g\
\x9e1\xd9~s\xe1\x1dk]\xc2\x8a\xdcU\x8c'P\
\xb2\x01\xc4\x1ej\xd8\x1e\x8e\xb1]9N[\xfc\x0b_\
8P\xf9\x8f_\xdf\xbff\xfb\xc6f\xc7qv\xc8}\
\x84\x14\x00@I\x09\x06\x83\x99P(t0\xa8\x9d\x0e\
\xa5\xd5!\xfbE\x9d2f\xc0\x06\x95\xc2*E\xc5x\
\x01E\xb6E\x8cN\xd8m\x93\xe0)3\xa6\xd9m\x95\
\x8a\x8a\x8a\xea\xc2*e\x8d\x90\x82\xb2 \x1b\xed\xb6b\
b\xcb\xa8\xf6\x9c(\xb6\xcc\x1a\xd2\xf6\xe8\x1a\xbax>\
\x03\x85\x0aJZ\xe2GJ\x9e\xd1\x80\x0a8\x03\xa1\xb7\
\x5c\xd9\x15y\xd7\xdb\x0f;\xca\xdd*\xabl_\xbdz\
5\x13\xe5\x01\x00%\xa9\xb5\xb5\xd5VL\xf6\xe8)\xd3\
Zc\xef\xbd\xa6+t\xf1E\xdd\x12V\xec\x9e\x05\xde\
\xdc\x14Y\xa6\xecX\x99_\xbb\x08\x18\xed\xc8\x98n\xb7\
EBv\xdb$\xa0\x8d\xb7\x9d\xe28\x8e<\x1d\x10R\
P.lH\x89\x1a\xad#\xf2\xc9\x8fj\xa3CF\x9b\
\xa0l\xec\x17\xdbg )\xbd\xaf=\xe4p\x9fr\x02\
\xbd\x91O\x7f\xbc=z\xe3\x17\xdb\x9e\xdc\xb3g\xbdt\
j\xeb9\x9a\x17\x00\xa0T-Y\xb2$i\xf7\x16\xd8\
\xad2;\xe3_\xfd\xca\xa1\xc8\x07\xde}X\xd9]\xbf\
\xb477s\xd0(m'\xd8\x17\x11\x13\x90\xf1<(\
\xe1*,[#\x11W\x05\xec\x11H#\xa1P\x88\x09\
\xf4\x82\x90\x82\xb2\xa0\xf3\x13\xe3\xed\x04y\x09*\xf9J\
\x8a2\xf2\xfb/=Z~\x8d\xa2\x91\x95\x07\x9c\x96\x0e\
mP\xb9\xee\xa0\xa3u\x9ft\xd8\xfd\x85\xfb\x00\x00(\
y2\x96\xdb\x8aJ\x8f1\xba[\xc6\xc4\x1e\x19\xcb\xfb\
\xf2sS\xec\x9e\x06\xc5C\x1e\xaf\xdd7\xdb\xb1\xdb$\
\xb2\x8c\xc8\x0dv7\xf4\x98\x8c\xebl\x9f\x0b^\x04\x94\
\x85L&cCJ\x85rt\xe1$\x8e\xb6\xa4\xea\xed\
\x02VT!E\xfa\xb3\xb4tf\xd29\xeb\x01\xe9\xcc\
\xfa\xec\xe4A\xe9\xcb\x8e\xf4\xf7\xdb\xa3\x10\x03\x00P\xfa\
\x92\xc9dV\x16\x9d\x8eq;\x8dQ\x87\x9f\x99\x9b\xa2\
\x8a\xac\x92b\xbf,\xb5'vT\x11\x19\xdf\xa3\x12\xbe\
\x12r[E6\x9b-\xc6\xf9\xb2\xa3\x8e\x90\x82\xb2\x90\
\xfc\xb7\xff\x1b\x1e\xfa\x97\x7f\xaf\xca<\xf9T\xa51\xde\
\x09\x1c\xf3G\xf7\xf2v\xf9*\x1e\x12P\x9e9\xc3|\
6\xd7\xe7vt6\xcb\xcd\xccE\x01\x00\x94\x8d\xae\xae\
.;Q~\x97\x9e>e_\xfc#\xcb\xbaC\x97]\
\xd2+\x1b\xf9\x83v/\x03;oS\xc6\xf9\x8c\x04\x16\
_\x7fy'c\xf9\xd1\xf3\xa5\xc8\xd5\x98q\xddD\xea\
WwV\x0e\xfd\x9f\x9b\xaa2\xbf\xfc%\xbb{\x09y\
m\x80\xd2\xd76u\xce\xc5\xa1l\xe6o\xb4\xd1\xd3\x8d\
2\xa7h\xad\xeb\xe5\xe6\xc6\xfc\xbd\xc5Az[W>\
\xb0-\xd2\xa9\xd9\xa0\xf2\x80to\x03\x1b\xcf?\xf3\xeb\
Kn\xbf\xdd\x9eu\x1e\x00\x80\xb2\xd2\xdc\xdc<q\xe6\
\xcc\x99o\xcd\xdc\xf7\xc7\xa6\xfe\xa5\xd7\x9d\xaf\x5cS%\
c\xe5\x0c\xadM\xc8(o\xcf\x09\xdfo\xe7\x16\xc2\xd4\
\x01\xbb\xcb\x9a<\xdau\x12\xb2:\x0f\x8c\x1f\xfb\xfd\x85\
\x8f?d\xbf\x84,kTRP\xd2v\xef\xde]\xe3\
\xba\xee\xec\xf8\x15\x97M\x94\x9e\xca;\xec\xb0,#\xc6\
\x14O\x05\xc5\xeb\xc0\x8cI\xe5\x8f\xeae\x06\xedQ\xbd\
\x22\xef\xbf\xa67\xfa\xb1\x8f\xf4\xf5\xcf\x9bG\x05\x05\x00\
P\x96\xb2\xd9lN\x16\x832H\x0eIK\xda\xbd\x0d\
d\x9c\xb4\xe3\xa2\xdd\xf0/\x1a2\xbe\x87\xb42Qy\
\xd8\x09\xb9\x92\x98\xfd\xf7\xef\x9bj\xb7]n\xbd\xf5V\
;G\xa5l\x11RP\xd2jjjje1+8\
u\xf28Y&$\xa0x'r\x94\xcb\xc5\xb5\xbf\xa7\
Viy\xdcIc\xf4\xa0v\xf4Pl\xd9\xd2\xbe\xf8\
\xa7?\xde[\x7f\xe9\xa5E\xd5\x11\x03\x000Z$\xa4\
\xd8@2\xa4\x5c3$\xe3\xbb\xdd\xcb \xad\xb5\xca\x19\
\xa3\x8a\xea\x0b<c+?\xda\xceK\xb1'u\xd4\x09\
5i\xc2d\xb9yv2\x99\x8c\xe7\xd7(O\x84\x14\
\x944\x9d\x17\x90\x0b\x01\xe9\x05\x82F\x96\xd2\x098\xf6\
\x88\x1a\x85U\x8a\x82\x84\x93\x9c\xd2&W8rIR\
>\xb9\x83\xb2\x1cJ\xa5\xec!\xe1\x01\x00(?\xd1h\
\xd4\x86\x91\xb41n\xda\xb8\xf9\xb9(\xca\xa8\xac\x8c\xfe\
\xb6\xc2R<\xf2\xe7Kqd\xac\xb7\x87#\x96f\xcf\
\x9d\xa2\x1d\x09)E\xb5\xad2\xda\x08)(uZ:\
-\xc7\x86\x14o\x92\xbc\xfd\xf0\xe7O\xecXd\x1f|\
\xe3J\xae\xb2\x9d\xb1\xa4\x12\x9dT93$\x97m\x03\
\x00\xa0,\x15*)\xf6\xcb\xbb\x94\xd6^\x15\xc5\x1e\x01\
\xd3~\xa9WT\x95\x14!\xdb$\xf6\x0bU#\xdb*\
\x12T\x94,\x8d)\xfb\xc9\xf3\x84\x14\xa0\x08\xd8\xf2\xb5\
\x04\xac\xac2\xd2\x09{\x1d\xb2+\x1d\xb2N\x0d\x0f\x0f\
SI\x01\x00\x94\xa5\xa1\xa1\xa1\xbeT*\xb5E\xed\xdc\
\xbdG\xc6\xc8\x01\xa3\xf4\xa06:)-SX\x05E\
\x8c\x90\x02\x14\x03\xa3sF\xdb\xe6\xcdMI+\xe3\xa4\
\xbd\xb26\x00\x00ej\xd1\xa2E\x99X,\xb6k\xfb\
\x8f~\xbaO)m\xf7.\xb0\xdf\xdc\xa5d\xacd|\
,\x01\x84\x14\x94:\xd9\xb6\xf7v\x93\xcaj#\x9d\x96\
\xd6Ye\x8c\xddW\xb5\x98*\x10\xf2X\x8d=\xfe{\
\xbf\x5c\xeaS\xd9\x5c\xef\xf0\xee\x96m\xf6\xdb\xa3G\x1f\
}\x94\x8e\x18\x00P\xd6\x22\xd7}$\x1d\xff\xfc\xa7z\
\x22o\xb8\xbcWi3\xa0e\xcc\x941?\xc9\x97y\
\xc5\x8d\x90\x82\x92&\x1d\x94\x95S\xae\xeb\xda\x80\xa2\xe5\
\xb2\xdd_\xd5\xd8\x83\xfa\xfa4\xa8\xd8\xc7ul\xcb\xdf\
\xa6\x87\xb5\xfd\x96H:_e\xdc\xfeu\xdf\xfd\xee\xee\
X,\xb6{\xc5\x8a\x15\xc5\xb6\xdf-\x00\x00\xa3*|\
\xd19n\xf4\xba\x0f\xf5G\xde\xf2\xa6\x01\xad\x9d\xa3\x15\
\x15o\x8eJa\x1cE\xf1!\xa4\xa0\xa4uttt\
\xf6\xf6\xf6nrw\xee\xde#[\xfc=JK3\xba\
[\x02K\xb7t[\xbd\x12`\xfa\xa4\xff\xea\xf7S\xd3\
\xca\x06\x11\xd5\x9bo\xa6M\x9e\xc6~i\x07\x8c\xe3\xec\
\x8f-[\xda\x1a\xff\xd2g\xda#\xe7\x9dW\x5cG.\
\x01\x00\xe0%\x12\x08\x04l\xc5d@\xc6\xf4A\x19G\
\xbd\x80\xa2t\xd1\xed5\x81\xe3\x10RP\xd2\xe6\xce\x9d\
\xdb_[[\xbb\xbb\xff\xf7\x7f\xec0Z\xd9\x8d\xff~\
\x09*v\xb7\xa9\x81|IX\x0dJh\x19\xf2]\xb3\
\xbbw\xd9\xc7\xa7U\xa7\x84\xab\xc3\xf2\xd8\x0fiG\x1d\
\x8e^\xf3\xceN\x09*\x9d\xa93\xcf\xa4\xe3\x05\x00@\
\xd8]&d1,\x17\x86e\x99\xb6\xbbw\xcb\xf8\xee\
\xca\xad\xecmP\xc4\x08)(\x0b\x1do\xbd\xa2\xaf\xe3\
\xddo\xdf\xdb?\x7f\xeeN\xe9\xc4\x9a%\x00l\xd7J\
oWZ\x9a\x92\xeb>k\xda{\x5cj\x9b\x84\xa9-\
\xf2\x18\xb7\xee\xbb\xecu\xdb[\xde\xfa\xa6\xad\xadC\x03\
\x8f\xf7\xf6\xf6>\xbez\xf5\xeat\xfe\x99\x01\x00P\xde\
r\xb9\x9c+\xe3f\xc6(\x93\xf5v\xf1\xd6\xf6<)\
\x12U\xbc\x86bEHAY\xe8z\xfd\xeb\x87;/\
ym\xe7\xf0\xb4\xa9\x87\xa4\xf3j\xd7F\xb7\xcb\xcdm\
\x12X\xda\x8d\xd6\x1d~k\xf6qI\x88\x92\xc7\xa8\xdb\
\xe4S\xda\xda\xb5\xf0\xf4\xb6\xf6\x8b^\xd5~\xc7\xbd\xf7\
\xee\xb2\x95!\xe6\xa2\x00\x00\xf0\x0c/\x9c\xb8\xae\x0d'\
v|\x94\xbc\x22\x7fP\xd4\x8a\xec\x84v\xc0\x8bs\xdb\
m\xb7UWVV\xd6\xd6\xac\xfaS\xac\xe1\xce\xbb\x13\
\x8dW^>)0s\xc6$\xf9\x04\x04\xb4=\xc9\xa3\
\x9f\xe4'\xf5\xdb\xb3\xe6\xba\x03w\xdd\xb5\xbe\x7f\xcf\xde\
\xe4\xf6\xf7\xbd\xabox\xea\xd4\xec\xc6\x8d\x1b\xf7\x10P\
\x00\x00xFKKK\xe3\xf4\xe9\xd3/L\xad\xbcw\
\xec\xc0\xb5\xd7/\x96\x8d\xdbz\x19C\xe7\xc9X\x1a\x95\
q\xbeJ\xae\xfbv{W\x1e\xa3\x8dS\xbd\xf2\x00S\
F\x9b\x8d\xf2P\xbb+\xbew\xd3\xea\xc8\x15\x97\x1d\xbc\
\xe5\x96[\xd6,[\xb6\xac\xb3\xb0j\xd9!\xa4\xa0,\
%\x93\xc9S\xc2\xe1\xf0\x1cm\xcfDo\xcfH\xef?\
Yi\xb9\xa7\x9f~z\xf5\xc2\x85\x0b\x07\xf37\x01\x00\
\x80\xe3\x11RJ\x13!\x05ei\xeb\xd6\xad\x95\x15\x15\
\x15\xd5\x12R<\x85\x9b}\xc3N\x02\xb4\x0e\x0a{\xb2\
\xaa\xc2\xcd\x00\x00\xe08\x84\x94\xd2\xe4\xdb7\x0d\x00\x00\
\x00\xf8K\x08)\xa5\x89\x89\xf3\x00\x00\x00\x00|\x85\x90\
\x02\x00\x00\x00\xc0W\x08)\x00\x00\x00\x00|\x85\x90\x02\
\x00\x00\x00\xc0W\x08)\x00\x00\x00\x00|\x85\x90\x02\x00\
\x00\x00\xc0W\x08)\x00\x00\x00\x00|\x85\x90\x02\x00\x00\
\x00\xc0W\x08)\x00\x00\x00\x00|\x85\x90\x02\x00\x00\x00\
\xc0W\x08)\x00\x00\x00\x00|\x85\x90\x02\x00\x00\x00\xc0\
W\x08)\x00\x00\x00\x00|\x85\x90\x02\x00\x00\x00\xc0W\
\x08)\x00\x00\x00\x00|\x85\x90\x02\x00\x00\x00\xc0W\x08\
)\x00\x00\x00\x00|\x85\x90\x02\x00\x00\x00\xc0W\x08)\
\x00\x00\x00\x00|\x85\x90\x02\x00\x00\x00\xc0W\x08)\x00\
\x00\x00\x00|\x85\x90\x02\x00\x00\x00\xc0W\x08)\x00\x00\
\x00\x00|\x85\x90\x02\x00\x00\x00\xc0W\x08)\x00\x00\x00\
\x00|\x85\x90\x02\x00\x00\x00\xc0W\x08)\x00\x00\x00\x00\
|\x85\x90\x02\x00\x00\x00\xc0W\x08)\x00\x00\x00\x00|\
\x85\x90\x02\x00\x00\x00\xc0W\x08)\x00\x00\x00\x00|E\
\x17\x96\xc0s\xba\xf1\xc6\x1b\xbd0;\x7f\xfe|~_\
\x00\x00/\xda\xe6\xcd\x9b\x8d]\xaeX\xb1\xc2\xf5n\x00\
FAKKK\xe3\xf4\xe9\xd3/L\xad\xbcw\xec\xc0\
\xb5\xd7/\x96\x8d\x95ze\xd4<\xf9e\x8b\xca\x96n\
\x95\x5c\xf7\xed\xf6\x8b<F#\x7fz\xe5\x01\xa6\x8c6\
\x1b\xe5\xa1vW|\xef\xa6\xd5\x91+.;x\xcb-\
\xb7\xacY\xb6lYga\xd5\xb2\xc3F'\x9e\x97\x0d\
(\xcb\x97/\x7f\x8d1& W\x83\xf9[\x01\x00x\
Q\xb2\xd2\xdc\xa7\x9f~z\xed\xc2\x85\x0b\x07\xf37\x01\
\x7f\x1dBJi\x22\xa4\xc0\x0b\x22\xc7VI\x1a\x1a\x1a\
\xb4Z\xbdZ5\xb7\xb7\xeb%\x91\xf9\xce\xb4\x15\xef~\
\xbd\xd2:\xa8\xb5\x0e\x15V\x01\x00\xe0\xa4\x19c\xb2\xf2\
W\xee\xd0\xed\xb7\xff\xe9\xae'\x9e\xe8\x9d\xf5\xcewz\
\x95\x95\xc3\x87\x0f{\xcb\x11T\x5cp2\x08)\xa5\xc9\
\xb7o\x1a^\x1e\x85J\xc9E2p\xc4%\x84$d\
iw\xed\xaaS\xc3\xc3N\xf7\xb9\x17\x8f3=\xddA\
\x13\x0c5HHq\xb4Q\x91\xfcO\x01\x00p\xf2\x8c\
Vi\x09)\xae\xcee\x8f\x18\xed\xa4\xab\x7f\xff\xdb\x8e\
\xe0)\xa7\xd8\xeaJ\xb7\xb4\x9c\x8cCi\x19\x87l0\
\xb1\xb7\xe5\xee\xb8\xe3\x8eUW_}uZ.\x03\xcf\
\x89\x90R\x9a\x08)e\xe0\xf89%^\xa5D4\xff\
\xecgzR$\xe2\x5c\xf2\xa5/]\xac\xc2\xe1\x84v\
\x9c\x84\xca\xe5\x1c\x15\x08\x8cQ\xc3i\xa7\xe7\x92\xcb\xc7\
\x9b\xee\xee\xa0\x84\x931\xb2\xba\x96\xc1%j\x7f\x0e\x00\
\x80\x17C\x06\x12\x09\x1c6\x84\xe8n\x13\xd0\xd9\xea_\
\xfc\xbc\xdd\x9953\xa3\x5c\xb7[9\x8e\xad\xb2\xd8@\
\x229\xc5dl\xc5e\xfbO\x7fz\xff\x9f\x9e~:\
e+.#\xd5\x16[e\xa1\xc2\x82c\x11RJ\x93\
o\xdf4\x8c\x0e\xe9\xe8\xed{\xfc*YV\xc92.\
\xcd\x06\x96Z\x95J\x05\xbb_{\xf9X\xb3o\x7f\xd0\
\x04\x82\xf528\x04e\xed\x84\xad\x98\xc8\xfd\x95\xda\xce\
A\xc9f\xc7\xc8P\x12\xb0\x1fp\xb9M\xcbmvN\
\x0a\xbf3\x00\x80\x17CF$m+$v\xa3l@\
F\x93\x9c\x0e\x06\xbbL>\x9c\xc8u\x93\x93\x10#\x97\
\xedz*%\x7f\xbb:\x97\xeb4\xa1`\xae\xf6\xe1\xd5\
\xedNC\x83\xfd\xd9\x83\xd2\xb2w\xdcq\xc7\xddW_\
}u\xce\xfe\xa3\x00!\xa54\xb1\xc1YBF\xe6\x96\
\xd8JIee\xa5\xde\xf5\x8f\xff\xa8\x1b\xe2q\xe7\xc2\
o|\xe3U*\x14\xad\xd6\xceH\x08\x09\xd4\xaat:\
\xd8\xf7\xd6\xab\xc7\xe5\x0e\x1c\x08\xca/A\x9d|@\x02\
\xf2\xeb \xf7\xdb\xdd\xbdt\x85\x0c\x0e\x01\xf9\xe0\x8c\xd1\
Z9\xc6Hh\xb1\xbf+Z\xdb \xc3\xef\x0c\x00\xe0\
E\xd06~\xd8`ad<\x190\xf6\xb2\xd6G\xb4\
\x9d\xa7\xa2%\xb4(\xe5J:\x91\xcb\xf2\xb7\x91\x90\x22\
\xeb\xc9\x8aGT8\x98\xab\xbe\xe77mN\xc3\x98\xac\
r\xdd\x0ee\x9c\xecS\xdf\xbd\xe9\xae][\xb6d\xa7\
\x7f\xf6\xb3\xa6\xbf\xbf\xdf\xab\xb2Pa)_\x84\x94\xd2\
\xc4\x06g\x09q]\xf7LY\xd4J\x9b\xa8\xb2\xd9h\
\xef\x95\x7f;>\xb7iKT9\x81Z\xe3\xe8\xb0\xbc\
\xddq\xe9\xfcme\xa4B\x06\x80\x80\xca\xe5\xf2\x95\x12\
e*mx\x91\xdb\xc2r\x9f\x84\x12[1\x91x\xa2\
\xe5v\xe5UV,~W\x00\x00\xa3E\xb6\xcd\xbc\xbf\
\xfb\xe5oWF\x9c\x8c\xb7\xa9\x96\xdff;\xb6\xe2\xd2\
/\xa3ON;N\x97\x8cc9\x19\x88\x0e\xcbp\xe4\
\xaa\x5c\xb6M\x85#\xb9\xba\xa7\x1f\xdb\xa3b\xb1\xac\xd6\
z\xaf\xfcTJ\x96\x0fI\xcb\xff\xdb(\x1b\x84\x94\xd2\
4\xb2\x01\x8a\x22\xb4n\xdd\xba\xd0m\xb7\xdd\x16^\xbb\
vmL.\xc7\xb3\xfb\xf6\xc5r\xfb\xdb\xe2n\x9b\xb4\
\xf6\xf6\x84qMB~\xd9\x13\xca\xcd\xc5U6\x17\xd5\
\xb9LL\xdbe:\x1b1\x99\x5cD\xee\x0f\xcb\xc0`\
'\xc3\x87\xb41!\xf9p\x84\xe4\x93b+*6\xb8\
\xd8\xa5#\x1f\x9a\x91&\xab\xd2h4\x1a\x8d6*\xcd\
n\x7f\xd8<\xe1\x8d7\xf6\xcb1\x19\x83\xbc&\x9b\x93\
A\xbb{\xb1\xd7\xb4\x0ake\xc2\xc6u#:\x93\x8d\
\xa8L.f\xb2\x99\x98\x92\xf1MnK\xc8xW\xe1\
\xb6\xb6'd\xfc\x8b\xe7\xda\xdbc\x1d\x1b6\xc4\xed\x98\
h\xc7F;Fz\x83%\x80\xa2$\xfd\x04\x8a\x95\xeb\
\xbag\xc8\xa2N\xda\x04\x95\xcd\xc6z\xdf\xf1\x9e\xc9\xd9\
'\x9e\xb2\xbblM\x9276*+4\x99\x9c\x09\xcb\
\x00P!CA\xc0\xab\x94\xc8{.AD:n\xe9\
\xfa_@\xa5\xc4\x0e&\x85\x8b\x00\x00\x8c*\xef[\xe4\
\xe76r_\xbe\xa2b'\xdck5$\xc3R\xfe\x9b\
g-#\x5c0\xd8&I'#\xf7\xec\xd1u5\x99\
\xba\x87\xfe\xd8\xa2b\xb1\x8c\xad\xac\xc8\xcf%\xa5\xfd\x89\
\xcaJ\xe9\xa3\x92R\x9a\xa8\xa4\x14\x91c+'\xb6\x1d\
_9\xd1\xd9L\x5c\xe7\xb21\x9d\xcdFT6\x17\xb1\
\x01E\xa2HD>\x9a#\x95\x92\xfc\xb7T\xcfTJ\
\xbco\xb3\x0a\xcd^\xfe\xb3V\xf8_\x03\x000\xea\x8e\
\x1fs\x8ek\xde\xf8$\xab9\xf9\x8a\x8b\xad\xb0\xe8\xa3\
\x15\x16\xb9\x1e\xd1v\xacKg\xa2v\xecS\xa9L\xcc\
=\xd0\x96\xc8WVZcY\x19\x1b7l\xd8\x10_\
\xb9re\xc4\x8e\x9d#G\xba\x04P\x1c\xe4\xf3\x8fb\
\xe1\xba\xeei\xb2h\x906N\xae$z\xdf\xf1\x9eI\
\xd9\xc7\x9f\xac\x90\xeb\x13\xa4\x03\x8f+7\xd7hr*\
*\x01\xa4V\xe2G\xc8\x18S#\xdd\xbc=\x22\x97u\
\xc2\xf7\xda\x0e\x04\x85\x8b\x00\x00\xf8\x92\xf7m\xf33F\
.\xdb#\xb9t\xc95Wn\xe8\x92q0\xfb\xec\xca\
J]\xba\xea\xa1\xdf\xef\x94\xdbR\xe1px\xbf\x8c\x89\
\x03r\xdf\xa3TVJ\x0f\x95\x94\xd2\xc4\xb7\x0a>f\
+'\x9b6m\xb2\xfb\xd5\xc6\x9fz\xea\xa9Dv[\
K<\xb7gO\xc2\xb5m\xff\xfe\x0a\x9d\xcd$t.\
\x1b\xd7\xb9L\xd4\xce9\x91\x80\x12\xd1Z\x9a\xd2A\xbb\
\x7f\xaf\xfc\x13G\xbf\x89\xb2\x1f\xd0\x13\xb5\xfc\xff\x09\x00\
\x00\xff:n\xec:Za\x19\x99\xcb\x227\x8eTV\
\xa2G++\x99T\xdc\xdd\xb7/\xe1\xeek\xad\xc8\xee\
\xde\x1d\xcf\x1d9R\xb1y\xf3\xe6\xc4\xaaU\xab\xa2v\
l\xa5\xb2\x02\xf8\x9b|\xce\xe1W\xae\xeb.\x90E\xa3\
4[9\xa9\xec\xff\xc0\xb5\x13\xd3k\x1e\xb0\xf3H\xc6\
I\xea\xae\xd0n\xae\xc1\x18\x15\x93\x10^c+'\xca\
\x98jc\x97\xc7\xbc\xaf\xb6C/\x5c\x04\x00\xa0\xa4x\
\xdfB?\xc3\xd5\xca\x1cQF\xe7\xe4\xc6.\x19\xfdr\
\xca\x09\xb4\xca \x98\x96 \xb370er\xaa\xe6\x0f\
+w\xa9`\xd0\x1e\xde\xd8\xceY\xe9\x93\xb1\xf3\x09*\
+\xc5\x8fJJi\xe2[\x04\x1f\xb2\xdf\xf2xsN\
67\xc7r\xbbv\xc5\xdc=\xfb\xe2\xee\xfe\xfd\x09\x93\
N\xc7t\xce\xb5G\xe8\x8aH@\x89H@\xb1\x95\x93\
\xb0V:\x7fd\x94\xc2\xb7K\xf6\xc38\xd2\x0a\xff$\
\x00\x00%\xe7\xb8\xf1N\xcb\xb8\x18\x18\xa9\xac\xd8\xa3\x82\
yce\xce\x1e\xdd\xd2\x8d\x99\x9e\xde\xb8\xbbwo\xc2\
\xddw \x91\xdb\xbd;\xaezz\x12O<\xf1DL\
\xc6\xdc\x91\xdd\xa2\x01\xf8\x08\x1b\xb1>\xe4\xba\xeey\xf2\
\xd7\xb4\xbe\xbf\xff\xf0\xf4\xec\xaa5\xb5F\xe9\x89rs\
\x956\xb9z\xe3\xaa\xb8\xbck\xf6[\x81\x08\x95\x13\x00\
\x00\x9e\xe1}+}\x94\xb1\xe7U\xe9\x96[\xb2\xf6\xa4\
\x90Z\x9b\x8cq\x82\xedr[J\xee\xdb\x19\x98}\xca\
`\xf5]\xbf\xdc\xaeB\xa1.\xad\xf5}TT\x8a\x17\
\x95\x94\xd2D%\xc5\x07F*'\xeb\xd6\xad\xab\x96\xcb\
5\xb9\xa76Udw\xec\xa8\xd4\xe9\xb4=\xc7IB\
\xe7r1\xed\xe6b\x12P\xa2\xf2K\x1c\x91n\xd4N\
\x8a\xb7\x95\x13\xfb\xed\x11\x95\x13\x00\x00\xc4\xb3\xc7C\xed\
\x18\xa3\x83&_U\x89\xca\xddQo,\xcde\xed\x81\
f*Lo_Ev\xfb\xf6\x0a\xb7\xed`\xf5\xc6\x8d\
\x1bk\x1ez\xe8\xa1\xca\xc2X\xcc\xf9U\x00\x1f`\xa3\
\xd6\x07$p\xcc\x916^.\x8eW\xae[;p\xfd\
\xa7\xa6\xa6\xeeZ9F\x1b3\xd9\xab\x96(5F\xde\
\xa8\x98$\xed*\xdb\xd9\xcazG\xdf\xb7|G\x0c\x00\
\x00\x8e\xe7}K=\xc2\x18{f\xfan\xbb\x94\x18\xd3\
!w\x0c\xab@`\xa73\xeb\x94\xc1\xca_\xdf\xba\xd5\
\x04\x83C\xa1Ph\xb7\xac\xd9\xed8\xce\xfa\xfc\x0f\xa1\
\x18PI)MTR^A\xf6\x88]\x8f<\xf2H\
Uf\xfd\xfa\xca\xdcS\x1b+\xb3\x1b7We\xb7n\
\xaf2\xc9\x94WA1\xc6\x8dIx\x89y\xe78\xb1\
\xd5\x13e\x98s\x02\x00\xc0\x0b\xf4\xac\xf1R\xdb\xf9\x9b\
2\x96j\x15\xf6\xc6Ve\xe2\xcaVUzz+\xb2\
[\xb6U\x9b\xad\xdb\xabs\x1b6Ue\xf7\xec\xa9j\
nn\xae\xb2{9\x14\xfe\x19\x00\xaf\x006r_A\
\xae\xeb\x9e)\x8bY\x03\xd7\xdf05}\xe7\xcazy\
7&H\x10\xa9\xd5\xaejT\xc6T*m\x9a\x8c\xd2\
\xf6<(Gy\x1d-\x00\x008i\xc7VV\xb4\xb1\
sS\xd4\x01\xb9!\xa5\x02N\xab\x84\x96!\xb9\xbc+\
t\xe6\x19}Uw\xfct\xbbr\x9c\x83Z\xeb\xd5\xcc\
U\xf1?*)\xa5\x89J\xca+`\xd5\xaaU\x15\xb6\
\x82\x92]\xbf\xbe\x22\xb3ys\x85I\xa5\x12\xca\xe4*\
\x94=r\x97=\x02\x89q#\x85\xdd\xba\x9eU5\xb1\
-\xff/\x00\x00\x80\x93u\xecx*[\x86\x01\x19k\
#r9b\xe7~\x9a\x9c\x1b\xd7\xae\x9bp{z+\
2\x1b7W\xe6\xf6\xec\xaf\xda\xb5k\x17\x15\x15\xe0\x15\
BHy\x05\x5c|\xf1\xc5s\xce9\xe7\x9c\xbfI\xfd\
\xfc\x8e\xd7\xf4]\xf1\xd6s\xd3\xf7\xfc\xe1\x5c\xe9/\xcf\
\x96\x0e\xf34\xe9A\xe7j\xa5\xa7\xc9j\x93\x8c\xd2\xf1\
\xfcO\x00\x00\x80Q\xa5\xb5=\xf4\xf0D\x19{\xa7\xc8\
\xd8;G.\xcf\x97v\x8e\xbb\xa3\xe5\x9c\xbe7\xbd\xed\
\xdc\xc1\x1b>\xf5\xeaiS\xa6\xbcI\xc6\xecW\xd9\xd5\
\x01\xbc\xbc\x08)/#{\xf4\xaeM\x9b6\xd5\xe5\x1e\
{\xac*\xbb\xee\xc9*3\x9c\xac\xd4\xae\xa9P\xca$\
\xf2\xcd\xee'k;Mo\xee\x09\x95\x13\x00\x00^\x22\
G\xc7Y\xed\x1d\x05,$W\xec\x1e\x0cq\xb9)\xa1\
dlv\xbb{+\xb2\x8f\xad\xab\xcem\xd9^{`\
\xcb\x961v/\x88\xfcO\x02x9\x10R^Fg\
\x9du\xd6\xccy\xf3\xe6\xbd!\xf9\xeb\xbb.\xee\xfd\xdb\
w\x9e\x99\xfe\xf5oO7\xf6\x9b\x1b{t/\xa5g\
IG9^\xba\xcb\x1a\xa3\xb5\xed(\x01\x00\xc0KL\
\x82J@\xfe\xaa\x96q\xb8>?\x16\x9b\xd9r\xf3\xfc\
\xdc\xce]\xa7\xf6\xbe\xe3=g\x0e\xde\xf8\xd5\xf3\xc6\xcf\
\x9au\xc5\xc5\x17_|n\xfe'\x00\xbc\x1c\x08)/\
\x03{\x14/[A\xc9>\xba._A\x19\x1a\xae\x90\
`R!\x01%\xee\x1d]Di\xe6\x9e\x00\x00\xf0\x0a\
y\xd6\xf8kt\xc0\x8e\xcd\xde\xf8\xec\xba\x15\xee\x91\xee\
\x8a\xec\xba\xf5\xd5\xe9-\xdbk\xb7\xe4+*\xccQ\x01\
^\x06\x84\x94\x97\xc1\xe9\xa7\x9f~\x8aWA\xb9\xf37\
^\x05%\xf5\xcb;O\xb3G\x9dP\xca\x9cb\xb4\x9e\
n\xbf\xc1)\xac\x0a\x00\x00^AF\xab\xa8\x8c\xcdv\
n\xe8L\x19\xab\xe7\xe6v\xb4,\xe8\xbd\xfa]g\x0e\
|i\xf9y\x13&L\xb8\xe2\xac\xb3\xce\xa2\xa2\x02\xbc\
\x0c\x08)/\xa1M\x9b6Ul\xdb\xb6\xad>\xbbi\
SM\xf6\x91\xc7\xaa\xcd\xe0P\xa5wha\xa5\x12\xde\
74\xe6\x99\xa3w\xe5\x7f\x02\x00\x00\xbc\x92\x8e\xa9\xa8\
\x04\x0b\x15\x95\x84\xad\xa8\xa8\xae\xaeJ\xf3\xe8\xe3\xd5j\
\xef\x811vl\xa7\xa2\x02\xbc\xb4\x08)/\xa1\xf9\xf3\
\xe7\xcf\x9c5k\xd6\xe5\xa9_\xfe\xe6\xa2\xde\xb7\xbf{\
\xa4\x822\xb7PA\x99&\xdd`maU\x00\x00\xe0\
'\xcfTTf\xd8\xb1\xdb\xec\xde\xb3 \xf3\xf7\x1f>\
3\xfb\xado\x9f7y\xe2\xc4+\xce=\xf7\xdcs\xf2\
+\x02x)\x10R^\x02\xb6\x82\x22mlv\xcb\x96\
\xfa\xf4\xfd\x0f\xd4\xb9\xadm5\xca\xb8U\x12N\xec\x91\
\xbc*\xf2\xdf\xcePA\x01\x00\xc0\xcfF**\xf9\xf1\
[\xc9\xf8\xedV\xb9\xad\xed\xd5\xb95\x0f\xd6\x9a\xe6\x9d\
\x0dv\xac\xe7\xa8_\xc0K\x83\x90\xf2\x128\xe5\x94S\
\xa6\xcf\x9b7\xef\x92\xd4\x1d\xbf\xbe\xa0\xff\xfdKOO\
\xad\xbco\xbetr\xf6h!3%\x9a\xd8\xe3\xb13\
\x07\x05\x00\x80b\xa0U\xcc\x8e\xdd\x92V\xa6ycy\
\xcb\xae\xb9\xc9k\xaf?=\xf5/\xffz\xce\xf4\xa9S\
_\x7f\xee\xb9\xe7\x9eYX\x13\xc0(\x22\xa4\x8c\xa2\x91\
\x0a\x8a\xb3c\xc7\xf1\x15\x94Ji\x09*(\x00\x00\x14\
\x9fgUT\xb4\xaa\xf4**\x07\xda\xaas\x0f\xae\xad\
\xcd67SQ\x01^\x02\x84\x94Qt\xb4\x82\xf2\x9b\
\x95\xaf:\xb6\x82\x22\x9d\xdb\x0c\x89&S\xa5c\xa3\x82\
\x02\x00@1*TT\x8cQ\xd3\xbd\x8aJ\xf3\x8e\xb9\
\xc9\x0f}\xe4\xf4\xecwn:g\xea\xa4I\xaf?\xf3\
\xcc3O+\xac\x09`\x14\x10RF\xc1\xd6\xad[+\
\xf7\xec\xd93\xceyt]C\xfa\xbe\xfb\xc7\xb8\xfb\x0e\
\xd8\x0a\x8a\x04\x12\xaf\x82R!\x1dZ\x98\x0a\x0a\x00\x00\
\xc5-?\x96\xebP\xa1\xa2Re\xc7z\xf7@kM\
\xe6\xfe\xd5uz\xd3\xa6F\xbb-`\xb7\x09\x0a\xab\x03\
\xf8+\x10RF\xc1\xb4i\xd3&M\x9e<\xf9\x92\xd4\
C\x7f\xba\xa0\x7f\xe9\x87OK\xfdv\xa5\xad\xa0\xcc*\
TP\x98\x83\x02\x00@\xa98ZQ\xd1v\x8e\xca,\
\xd5\xd227{\xfd\xa7N3?\xfa\xd99\x93'N\
\xbcd\xf6\xec\xd9TT\x80Q@H\xf9+\xd89(\
\xbbw\xef\x1e\xeb\xfc\xe9\xd1\xfa\xf4\x1f\xee\xaf=ZA\
\xb1\xfb\xabRA\x01\x00\xa0$\x15\xc6\xf6\xf01sT\
\xaa\xdd}\xad5\xb2-P\x97~rC\xc3\xa1={\
\xc6\xd9m\x84\xc2\xea\x00^\x04B\xca_a\xd2\xa4I\
\xe3\xa7L\x99\xb2$\xfd\xf4\xd3\xe7\xf7\xff\xfd\x87OM\
\xfdv\xe5<\xaf\x82b\xa8\xa0\x00\x00P\xd2\x8e\xab\xa8\
\xe46<=\xaf\x7f\xe9GNK\xfd\xe7\x7f\x9dS?\
q\xe2%\xf3\xe6\xcd;\xb5\xb0&\x80\x17\x81\x90\xf2\x22\
\xac]\xbb6f\xcf6\xab6n\x1c\x93\xfa\xed\xdd5\
\xb9m\xcd\xb6\x82R\xe3\x85\x12\xad\xaa\x8cRQ*(\
\x00\x00\x94\xb6\xa3\x15\x15;?E\xb6\x01\xb4kj\xdd\
\xfd\x07\xea\xd2w\xad\xacO?\xfe\xe4\xd8\xe6\xe6\xe6\x89\
\xeb\xd7\xaf\xaf)\xac\x0e\xe0$\x10R^\x84\xd9\xb3g\
\xd7\xcf\x9a5\xeb\xf4\xc0\xba\x0d\xf3\x06>\xf2\x89\x99\xe9\
\xbb\xef\x99!\x9d\xd4tm\xccT\xb9{\x92\xd7Y\x01\
\x00\x80\xd2g+*2\xf6\x1b\xa3\xa7\x18\xa5f\xe66\
l\x9a\xdd\xff\xb1O\xceK\xfd\xf0Gg\xcc\x9c9\xf3\
\xd5\xa7\x9f~\xfa\xf4\xfc\x8a\x00N\x06!\xe5E\xc8f\
\xb3\xe1t:]m\xec\xfc\x13c\xec.]v\xbf\xd3\
\xb8\xd1*T\xf8VE\xfe\x03\x00\x00\xe5\xc0\x1b\xfb\xb5\
\xb1\x15\x15{dO\xd96pk\xdd\xdd\xfbjS\xbf\
\xfaM]\xee\xb1'\xea\xdb\xdb\xdb\x1b\x99\xa3\x02\x9c\x1c\
B\xca\x8b \x01\xa5\x22\x93\xc9L\xca\x183I\xaeN\
\xd2\xca\x8c\x93e\x9dtR\xf6\xdb\x14\x00\x00Pvt\
B\xfe\x9ah\x8c\x9a\x22\xdb\x03\xd3sOo\x9c>p\
\xfd\xa7\xa6'o\xbd}NSS\xd3\xa9\xf3\xe6\xcd\x1b\
\x9f_\x0f\xc0\x0bAH9\x09\xf6\xd8\xe7mmmS\
\xe2;\xf7\x8c\xcf\xfefe\xad\xda\xb6\xbdJim\xbf\
\x19\x89I\xa7\x14QF\x05\xf3k\x02\x00\x80rS\xd8\
\x93\xc2n\x0b\xc4\x941\xb2}`\xaa\x8d2U\xb9\x5c\
\xce\xeeu\xc1\x17\x99\xc0I \xa4\x9c\x84\xf1\xe3\xc7\x8f\
\x1d7n\xdc\x92\xd8\xa6\xcd\x8br\x9f\xfd\xc2\x8c\xdc\xca\
{'k\xa3\x1a\x8dRc$\xacT\x1a\xad\xc3\x85U\
\x01\x00@\x19\xd2\xca\xdb\x16\xa8\x93\x0b\x8d\xb2\x9cd\xb4\
3\xd9\x183)\x9b\xcd2\x81\x1e8\x09\x84\x94\x17\xc0\
\xeeG\xda\xde\xde>\xcd\xd9\xbac\xd2\xf0\x8f~\xd2\x94\
y\xe2\x89\x06\xe9\x86\xea\xb4\xd1\xb6\xc3\xa9\xd4\x1c\xcd\x0b\
\x00\x00\x08\xa3L@\x16Q\xa3t\xdc~\x81\x99\xdb\xb7\
\xbf:\xf3\xf3;\xc6d\xff\xf4\xc8\xb8\x8e\x8e\x8e\xe9\x8f\
>\xfa\xe8\x98\xfc\x9a\x00\x9e\x0f!\xe5\x05\xa8\xaf\xafo\
ljj:/\xb0y\xe3\x19\x83\x9f\xbf\xf1\x94\xcc\xef\
\xef\x9fn\x8c\x9a,]\xd1\x04\xa3m%\xc5\xdb\x0f\x15\
\x00\x00\x949\xaduH\xb6\x0b*\x9415\xda\xa8\x86\
\xdc\xc3\x8f\x8d\x1f\xfa\xc2W\xa6\xe4\xee^9\xbf\xb1\xb1\
\xf1\xfc\xb3\xcf>{JaU\x00\xcf\x83\x90\xf2<V\
\xadZ\x15=x\xf0\xe0\xd8\xd8\x81\x03\x8d\xa9\x1f\xdf:\
&\xf3\xc4\xfa1Z\xe91\xd2\xf9\xd4*mj\xec\xb7\
$TP\x00\x00\xc0\xb1\xf2\xdb\x06:$\x17+\xe5J\
\x95V\xa66\xbb{_]\xfa\xa7?\x1f\x93{\xf8\xe1\
\x86C\x87\x0e\x8d{\xe4\x91G8]\x01\xf0<\x08)\
\xcfc\xfe\xfc\xf9\xb5\x0d\x0d\x0d\xf3C\xeb7\xcf\x1e\xf8\
\xc2\x97\xa7e\xee\xbc{\xaa\x84\x93)J\x99\xc9\xd2\xff\
L\xb0\x1dOaU\x00\x00\x80gh\x15\xb3{[\x14\
\x8e\x00:1\xf7\xe8\xa3\x93\xfa?\xfb\x95)\xc9;\xef\
>\xa5\xbe\xbe~\xde9\xe7\x9c\xd3\x94_\x11\xc0\x89\x10\
R\x9eG&\x93\xb1\xdf\x82T\x9b\x80\xa9\xb1e[\xa5\
u\xb5\xf4:\x09\xadT\x84\x0a\x0a\x00\x00x>v;\
\xc1\x18\x1d\xb4\xdb\x0e\xca\xd8/6M\xad\x5c\xb7\xf3Y\
m\xe3h_\xc0\xf3 \xa4<\x0fc\x8c\xed@\xc6:\
:0N:\x98\xf1\xd2\xc14\xda\x0eFn\xa3c\x01\
\x00\x00\x7f\x91\x04\x95\xa8\x17N\x94\xae\xb7\xdb\x12\xda\xd1\
\xb6\xb2b\xab(\x9c\xdc\x11x\x1eT\x02N\xc0\x1e\xcd\
k\xdc\xb8q\xb5\xa1'\x9e\x98\x1e\xdc\xb9\xf7\xc2\xcc\xc6\
M\x13\xd3\xbf\xb9\xfbTI-uZ\xabI\x12VB\
J\xebHa\xf5\xb2d\xe4?mL:\x7fM\xbb\xf9\
\x85\xbd\x19\x00P\xf6d\x8b\xbcp\xc1\xfb2\xd4h\x1d\
\x92\x1b\xca\xf2\x8bQcLF\xb6\x1dR\xc6\xa8N\xd9\
vh\x0d\x9eq\xda\x9e\xc8\x1b\xae\xd8\xe6\xcc\x99\xbde\
\xf0\xd4y\x8f\xb7\xb7\xb7w/X\xb0`\xa0\xb0:^\
\x84\x96\x96\x96\xc6\xe9\xd3\xa7_\x98Zy\xef\xd8\x81k\
\xaf_,\xbfk\xf5\xf2;8O6J\xa2\xf2\x9bX\
%\xd7}\xbb\xbdk\xb7\xa7\xe4O\xaf<\xc0\x94lX\
m\x94\x87\xda]\xf1\xbd\x9bVG\xae\xb8\xec\xe0-\xb7\
\xdc\xb2f\xd9\xb2e\x9d\x85U\xcb\x8eo\xdf\xb4W\x92\
t\x18\xf6h^\xa7\xa7\xfe\xf7G\x93\x06\xbe\xfc\xb5\x85\
J\x1b[E\x99+/V\x8dt\xb4\xe3\xfc\xfc\xcb\xfe\
r\x91\x0f\x95+\x7f\xf5{\x17\xb5\xc9\xca\x0b\x227i\
B\x0a\x00@\xc8\xe6\x96\x1d+\x8d\xb6\x87\xe3udx\
Hhew{*_\x12V\x8e\xc8\xe2\xa0\xbc,{\
e\xb9#\xfa\xce\xabw%\xfe\xe9\xeb\x9b\xe5\xf2.\xc7\
qv\xdau\xf0\xe2\x10RJ\x93o\xdf\xb4W\xd2\x81\
\x03\x07&M\x980\xe1\xbc\xe1\x1f\xfex\xd2\xd0\x17W\
,\x94\x8e\xc5\x96eO\xd1\xda\x96fuC~\xad\xd2\
\x96\xff\xd0\x98\x8c\xfc\x82\xd8q\xa6P)19\xef>\
\xa3\xd2\xf2\x9b\xe3j\xa3{\xec\x10$\xd7\x93v)\xff\
y\xf7\x03\x00\xca\x9ec\x94\xb6s7\xa32\x8aHH\
QU2X\x04\xe5\x06;\xd7\xd3\x8e\x18\x12Xd\x93\
L\xeb\xb0\xacS\x16\xdb\x22\xf2\xfc\xfbdq\xc4VS\
\xe4\x09\xef\x8a\xbc\xeb\xed\xbb*\xbe\xfd\xf5\xcdr\xfbf\
\x09)[\xf2k\xe1\xc5 \xa4\x94&\xdf\xbei\xaf$\
{\xb2\xa5\xc6\xc6\xc6\xcbR?\xfe\xe9\xa4\x81\xcf/_\
\xe8\xfd\xb2{G\xf5\xb2\xfb\x95\xea\xca\xfcZ\xa5\xad\x10\
R\xfa\xe5\xf9\xba#\x95\x92B8\xb1\x1f&\xe9h\xb5\
+\x83\x8d\xfd\xe0\x1c\xad\xa8\xc8\x87+\xeb\xfd0\x00\xa0\
\xbc\x19\x1d\x90q\xc3\x91q\xa1PA\xb1\x13\xc6\xbd]\
\xa5+\xb4\x84\x15o\xe3Q\xe9\x80\x8c)\x15\xb2\x9e\xad\
\xb6\x94>\xa3\x86e<\x1d\x90\xc1\xf2\xa0\x5c;\x10\xbd\
\xe6\x1d\xbb\x12\xdf\xfa\xaa\xad\xa4\xac\x93\x90\xf2\x98\xb7\x0e\
^\x14BJi\xf2\xed\x9b\xf6J\xd8\xbauk\xe5\x94\
)S\xea\xb2\x7f\xf8\xc3\xa4\xe0\x9e\x03\x8b3[\xb6O\
H\xdfu\xf7i\xb2\xf9]+\x1b\xe4\x93\xbco~\xb4\
\xedXK\x8f\xfd\x90h\xa3R\xf2\xfc\x5cI#\xb62\
2R)q\xe5\xbed\xbe`\x22\x1d\xac\x0d'J\xf5\
\xa8@0\x17\xb9\xfa\xad\x87\x94\xe3HH1=\xde\xdd\
6\xc4\x00\x00\xe0x\xe7\x08qd\x8c\xa8R\xae\x1bH\
\xdf\xb5\xb2\xde\xf4\xf5\x87e\x1c\xa9\x95\xb1F\xc6RS\
\xe9\x85\x14{\x04Mel\xa0\x89\xca($\xa1\xc6;\
zfI\xce]\x91a\xf2\xd8\xb9)m\xc1\xd3\x16\xec\
\x89\x5c\xf6\xfa\xad\xce9\xe7lrO\x9b\xb7~\xef\xde\
\xbdG\xe6\xce\x9dk\xbf\xf4\xc3I\x22\xa4\x94&\xdf\xbe\
i\xaf\x84\x91\xb9(\xc9\x9f\xdf>~\xf0\xd3_<K\
:\xd1q\xf6\x97\x5c^\xa4\x92\x9f\x8b\xe2}H\x949\
\x22O\xd0\xee\xda\xd5%\x9d\xa8\x0d#\x87\xa5#\xb5\x95\
\x12[\xa2\xb6sO\x06\xe4/\xb9\xdft\xe9\xda\xba\x5c\
\xdd\xda\xfb\xdbT\x22aw\xf1\xea\xca\xff\x13\x12r\x00\
\x00P\xden]6\x84\xd4\xa8l6\xd4{\xe5UM\
\xd9\xcd\x9bl\x00i\x90q$\x9c\xff\xf2O\x87d\xac\
\x19#\xc3GP+]'\x1bh\xb2\xbe\xae\x95uJ\
\xba\xb2\x22[\xa4]\xf2\xd7!y\xae\xfb\xe4\xea\x8e\xe8\
\xfb\xde\xdb\x9c\xf8\xda\x17\xb7\xa7R\xa9\x96X,\xb6+\
\xbf\x16N\x06!\xa54\xf9\xf6M{%\xd8\xb9(\xe3\
\xc7\x8f??}\xeb\xed\xe3\x06>\xfd\x85E\xd2y6\
\xca\xcd\xb3\xb4V\x09\xe9T\xeb\xfd\xfcK~\xb2\xec\x87\
\xe2\xf8\xca\x89\xdcxX\x9ebV\xee\xeaP\x81`6\
\xf2\xc6\xcb:teev\xa4R\x22\xaf\xc7\x80rs\
\xb9\xd4\x9d+7\x07\x12\xd1\x5c\xcd\xea\xdf\xf5\xe9\xdaZ\
\xfb\xf3C\xf9\x7fR\xb1\xbb\x17\x00\xc0\xceF\x09\xc8\xd8\
`+\x221\x09)N\xffU\xd7T\xa6\x9b\x9bC\x91\
\xd7\xbef\xbe\x8eGc\xcaq\xc6\xa8\x9c\x1bN\xdd\xb5\
\xb2\xc9\xf4\x0d\x84\xb46c\xed\xf9Dd\xbc\x95\x10S\
\xda\x95\x15y]\x8e\x99\x9bbvG?\xf8\xfe\xe6\xf8\
W\xbe\xb0=\x9dNo\x8cF\xa3[\xf3k\xe1d\x10\
RJ\x93o\xdf\xb4W\xc2\xd1\xb9(\xbf\xf8\xd5\xf8\x81\
\x8f\x7f\xf6,yq\xc6(m\xa6\xca]Q\x09)v\
\xbf\xd9\x92y\xbd\xf2\x1f\x0a\xd3-\x03\x82\xad\x84\x1c\x91\
\x00\x92\x93g\xd7&O1\xa3\x8d\xd9c\xc2\x91L\xed\
\xc3\xf7\xefs\x1a\x1bm\xf0\xb0\x95\x12[a\xb1\x87H\
\xcc\xaeX\xb1\xe2^i\xf9\xc9\xf4\x00\x00\xbc\x00\xb2q\
n\xc7\xd0\xd7J\xab\x95\xcb\x0d*\x9d\x0e\xf7\xbc\xf6\xf2\
I\xee\x9e\xfd\x11\x19k'\xcb\xdda\x19\x87\xc6\xc9\x8a\
\xa1c*+u\xf2C\xa5\xb5\xfb\x97Q\xc3\xf2\xdc\x06\
%\x84u\xc8\xb5\xd6\xd8\x87\xde\xd7\x1c\xff\xf2\x17\xb6\x0f\
\x0f\x0f?\x9aH$\xd6\xe5W\xc2\xc9 \xa4\x94\xa6\xb2\
<f\xf9s\x19\xfe\xbf\xdf\x8f\x0c\xfd\xf3\xbf\xd7\xa6\xef\
_Sc\x7f\xa9\xf3\xfb\xcc\xaa\xb8\xfc\xf2\x94\xcc\xd1G\
\xec\x87A\x02I\xaf\x0d(r\xf5\xa0\x0c\x0a\x1dr}\
\xafv\x02\xbb\xa3W\xbf\xad9\xb6\xf4}\xcd\x91\x0f\xbc\
\xa79\xfa\xeew6;\xe1\xf0\xe3\xb2\xce\xa3\xd2\xe4C\
\xa36i\xad\x9be\xd9\xb2|\xf9r\xf9g\x00\x00x\
\xe1d\x0c\xb1cG\x8b\x0cB\xf6HV\x8f+\xc7y\
,\xfc\xd6\xb7l\x8b|\xe0\xdd\xcd\xd1\x0f~`G\xec\
\xfd\xd7\xecp*\xe2\xbbe\xc5=2\xfe\xb6\xcbF\xfc\
A\x19\xb2\xec\x97h\xdd\xf2\x83%s\xf4H\xd9\x22\x0d\
\xca\x06EL\xb6**\xed\xb6F\xe6\x91'j\x87\xbe\
\xf3\xafc\x02\x8f\xae\x9b Ae\xfa\xee\xdd\xbb\xed\xd9\
\xe8\x81\xb2GH9F\xea\xd7w\x87\x86\xff\xfd\xbbu\
\x99\xdf\xdc]+\xbdH\xb5t\x8c\x95F\xe9\xb8t\x98\
\xa5u\xe2Fm\x13\xbb>\x22\x03\x86\xfd\x16\xa7Mk\
\xb5\xdb8\xce\xce\xd8'\xae\xf7\xbe\xcdI\xac\xf8\xf2\xf6\
\xc4\xf2/n\xbb\xe3\x0f\x7fx\xc4q\x1c\xdb6H{\
Z\xd6\xdf&\xcb\xe6\xc2@\x03\x00\xc0I\x91\xf1c\x8f\
\x8c#\xf6\x90\xbb\x8f\xebP\xe8\xe1\xf8'>\xba\xc5\x8e\
9\xf1\xaf|~[\xfc\xf3\x9f\xde\xaekjw\xca\x08\
\xb3K\xc6\xdev\x1bTdc\xbeK+\xfb\xa5\x9a\x8c\
\xc8%B^\x83\x90\xfc\x9d\x90\xe7T!O\xab&\xb7\
qc\xdd\xf0M\xff\xd1\x90\xf9\xd3\xda\x89\x91Hd\xe6\
\xd8\xb1c\xeb\x0a\xab\x02e\x8d\x90\x22v\xee\xdcY\xed\
\xba\xee\xfcI\x7fw\x95\xdd\xb5\xab\xcav\x1e\xd2)F\
\xf3\x1dIi\x90\xde]zx\xd3)\x9d\xff!\xb9z\
@9z\x7f\xe8\x9dW\xb7D\xae[\xba#\xf2\xa1\x0f\
n\x8f,}\xff\xf6\xc1\x81\xbe\xc7\x87\x87\x87\x1fK\xa5\
R\xcd\xd2vm\xde\xbc\x999&\x00\x80\x97\x84\xfd\xc2\
\xeb\xc8\x91#{e\xbc\xd9144\xb4N\x85B\x8f\
\x86\xdf\xf5\xf6\xad\x91\x0f}`[\xec\xba\x0f5\xc7>\
\xf8\x81f\x13O\xd8\xc9\xe5\xfb\xf3c\x979l\xc7\xb2\
\xfcO\x97\x80\xfc!\x99\xe328W\xc96G\x9d\xb6\
\xf3t\x94\xaa\x93\xd7\xa5$\x8f\x22\x0a\x9c,B\x8a\x08\
\x06\x83\x09Y\xccU\xd3'O\x97\xa5-\xbfVH/\
\x18\x95\x8e\xa3dB\x8a\xa5\x95\xb6%\xf3\xc3\xd23\xb6\
)\xc79\x10y\xff{vF?\xfd\x89\x1d\x89/}\
vG\xe5\x17?\xd3\xfc\xa7\xdd\xbb\x9fH$\x12O\xc4\
b\xb1\x9d\xd2v3\xef\x04\x00\xf0R\xaa\xaf\xaf?`\
\x8fhUQQ\xb1^\x87B\xeb\x12\x1f\xfd\xf0\xb6\xc4\
\x97?\xb7#\xfe\xb9O\xed\x88\x7f\xf2\xfa\x16'\x1a9\
 \xab\xb5\xca\x00vH\xc6d\x19\xbf\xbc\xf9\x91%A\
\xc6d\xd9\xc60\x09\xb9Pe\x94\x1e#\x81\xc5VP\
\xc6\xe4r\xb9x~\x0d\xa0\xbc\x11R\x84t\x086\x8c\
Ti\x1d\xa8\xd4\xda\xd8\x80\x12\xd3Z\x85\xe5r0\xbf\
F\xf1\xb2\xdf:\x1d\xad\xa0\x18\x1bN\xf4\x81\xe8;\xae\
\xde\x1d\xfd\xf0\xd2\x9d\xc3\x83\xfd\x8f\x0d\x0d\x0d=\x92N\
\xa7\xb7'\x93\xc9\x9d\x8f>\xfah\xa6\xf0c\x00\x00\xbc\
\xacle\xa5\xab\xabk\x8f\xad\xac\xd8\xaa\xbe\x0a\x04\x1e\
\x89\xbc\xf7\x9a\x1d\x91\xa5\xef\xdf\xa5\xe2q/\xachc\
J\xa6\xa2\x92\x9f\x9b\xa2\xe326\xe7\xe7\xa6<\xf4p\
\xcd\xd0\xb7\xbeS\x9b\xfa\x8f[\xa8\xa4\x00\x82\x90\x22\x02\
B\x16\x95\xdaQ\x15\xd2M\xc6\xb52qc\xbc}F\
K\xe2X\xed\x12Pz\xa57\xb7\xc7do\x97\xabm\
\x91\xf7\xbe{O\xfc37\xec\xde\x9cJ\xad\xab\xa9\xa9\
y,\x1a\x8d\xee\xa0r\x02\x00x\xa5\x8dTV\x12\x89\
\xc4\xe3w\xdcu\xd7c\xf1O|lW\xec\x86\xeb\xf7\
\xa8P\xb8MRL\x9b\xd1\xfap\xa9TT\x0a\xbb\x94\
\xc7\xb5\x96m\x0fc\xaas\x1b6\xd6\x0c\xff\xc7\xf7\xeb\
\x86\xbf\xfb\xbdX~\x0d\xa0\xbc\x11RD\xdfW\xbf\x1d\
\x19\xfa\xca\xd7k\xd2\xbf\xbb\xbfZ\x99\xa3A%f\xbc\
\xc3 \xaa\xa2<\xaaW\xfe[&sX\x1b\xd3!=\
\xe1~\x09`\xfb#\x1fx\xef\xce\xd8'\xffa\xe7p\
r\xf0\x89t:\xbd\xae\xaf\xaf\x8f3\xc4\x03\x00|\xe9\
\xaa\xab\xaer\xfb\xfb\xfb\x9fr\xb4~<\xfa\xa1\x0f\xec\
\x88}\xf4\xda\x9dZ;\xfbeX\xde/c\xdbA\x19\
\xe5\x0e\x96DE\xc5h\xbb\xada\x0f\x95[)\xcf\xa6\
\xaa\xf2\x0d\x97Ow]\xf74\x8e\xf2\x85rGH\x11\
\xb9\x0dO\x05\x92\xff\xf3\xc3\xca\xcc=\xf7VJo\x17\
\x97\x163Z\x87\x8b~\xe2\xbcQ\xfdF\xe9Ny>\
\x87d\xd9\x11\xb9\xea\xad\x07\xe2\xd7_\xb7\x7fk.\xb7\
5\x1a\x8dn\xb9\xe2\x8a+8C<\x00\xc0\x97\xec\xee\
_\xd5\xd5\xd5\xdb\xef\xb8\xe7\x9e\xcd\xf1\x8f}x_\xf4\
\xc3K\x0f\x98P\xb0]6\xe6;d\x8c\x96\xb1\xcd\x1c\
\x91\xd5\x8a>\xa4\xc8\xd3\xb4{mD\xed\xb6\x87\x5c\xa9\
t\x9a\x1a\x9b\xe4\xb9\xcf\x1e7n\x9c=\xa14P\xb6\
\xca:\xa4\x1c8p`\x8c\xfd\xb6\xe2\x94\xb7_5M\
:\x87j\xe9**l\x05E\x17\xf1\x84yy\x1e\xf6\
\xbf|\x05\xc5\x1e\x11\xc5Q\xfb\xa3\xef\xcfWP\x86R\
CO\xda\x0a\xca\xf0\xf00\x15\x14\x00@Q\xb0\x15\x15\
\x19\xbb\xec\xa1\xf0\xd7%n\xf8\x87\x9d\xcfTT\xecQ\
\xbf\xecXW\xecsTt\xc0\xd8y\xb0v\xfbC\xa9\
\x0a\xe38\x95\xc6\x98\xaa\xa2\xff\xa2\x14\xf8+\x95uH\
\xc9\xe5r\xf6\xfc'\xb3\x02\xd3\xa6\x8f\x1c\xd5+!\xbd\
\x5c\xc4(\x13\xf6V(\x22\xb6\x83>\xdaI\xe7+(\
]F\xeb|\x05\xe5\xca\xcb[m\x05e[.\xb7-\
\x1a\x8dn]\xb2dI\xd2[\x0f\x00\x00\x9f\xb3\x15\x15\
\x19\xbblEeK\xf4\xba\xa5\xc7TT\xb4WQ\x91\
U\xba\xa4\x15oH1\xb2-\xe6\xcd\x83Uv\xc2\xbc\
\x9d\xa3b\x8f8Z\x99\xc9dJ\xeb\x1cm\xc0I*\
\xeb\x90\xe2\xba\xae\x0d#\xd5\xd2\xd1UI\x1fh\x8f\xea\
\x15\x97\xa0b;\x85\xe2<\xaa\x97\xb1'i4\xb6\xc3\
n\xf5\x8e\xe2\xf5\xc1\xf7\xedL|\xeeS-\xc3\xda\xac\
\xeb\xea\xeaz\xfc\xc8\x91#\xec\xde\x05\x00(J\x859\
*\xeb\x86\xb3\xd9\xc7\x12\x9f\xb9\xa1%\xf6\x0f\x1f\xd9)\
\xe3w\xab\xc4\x986\xadT\xa71\xe6\xc8\xd1/\xeb\x8a\
\x88\xd1*$cw\xd4xG\xfaR\x15\x99\xdf\xdd_\
=\xf8\x85\xaf\xd4&\xff\xef\xcdE\xf7\x85)0\x9a\xca\
:\xa48B\x16\x15&\xa0\x13J;\xdedy\xe9-\
\x82Z\xab\x22=\xaa\x97\x19\x94\xc7\xdf+\x1dv\x976\
\xeap\xe4\x92\xd7vD?\xbc\xb4m\x9b\xeb\xb644\
4lc\x0e\x0a\x00\xa0X\x15\xe6\xa84\xdf\xf3\xc7?\
n\x8b~\xe8\x03\xad\xd1\x0f\xbc\xafM\x05\x83#G\xfb\
\xea\x91\xd6'\xad\xe8B\x8a\x04\xac\x80<\xb9\x88\x9d<\
o\x94\x89\xe7Zv&\x92?\xfeYe\xfa\x7f\xff\x87\
J\x0a\xcaZY\x87\x94\xbe/}52\xf8\xf1\xcf\xd4\
\xa5\xef\xf8U\x8drM\xa5t\x15\x09\xe9\xdf\xec\xd9_\
\xc3\xd2Y\xc8\x7f\xfeW\xf8\xd6hH\x02\xd6\x80tr\
]\xc6\xd1\x87\xc3\x1f\xbdv_\xe4\xab_\xde3\x9cS\
\x8f\xf4\xf7\xf7\xaf\x8dD\x22\xec\xde\x05\x00(\x09\xb6\xa2\
\xd2\xd7\xd7\xf7\xf0\x90\xc9\xad\xad\xf8\xeaWv\xc7?\xf1\
\xd1}\xf6\xd0\xc4Z\xe9Ned,Tf\xb0(+\
*\xf9\xf9\xb01\xa3MB\x9eKE\xe2M\x7fc\x8f\
\xf2u\xfa\xbe}\xfb\xecI\x1e\x81\xb2S\xdesR\xb6\
n\x09\xa4~\xf1\xebDf\xf5\x03v.JLZT\
6\xf4C\xc56YM:6;\x11\xde\x06\x91Ai\
}\xc1W_p$r\xcd;:\xf7\xd6$\xf6TW\
W\xefX\xb8p\xa1\xbd\x1d\x00\x80\xa2g+*55\
5;\x9b\xf7\xec\xd9\x11y\xd7\xdb\x0fG\xdeyU\xa7\
\x0a\x06\xfa\x95V\xfdr_R\xc6\xf2\x22\xfdb\xce;\
\xcaWX\x1b\xbb\xdb\xb9\x89\x05\xea\xc7\x8c\x91\xebS\x1a\
\x1a\x1a8\x141\xcaRY\x86\x94\x9d;wV\xdbo\
'Ny\xef\xbb\xa7K\xa7V\xa9\xcc\xd1\xa3z\x15\xe5\
\xfe\x9f\xf2\xd8\x87\x94\x91\xce9\x7fV\xf9\x83\xda\xe4\xda\
\x1d\xc7i\x0f\x87\xc3\xb9\xc2*\x00\x00\x94\x94]\xbbv\
\xd9\x13:\xb6+\xd7m\x93e\x87\x8c\x83\x07e\x0c\xec\
\x97Q\xb1(\xbf\x98\xd3\xda\xfe\xa7\x1c\xa3u\xd0\xeez\
.\xd7lh\xb1\xad\xac\xbfPF\xf9*\xcb_\xfcL\
&c+%\x93\x9d\xb1c\xc7\xcb\xd2\xab\xa0\xd8\xc3\xff\
\x19m\x8aj\xc2\xbc<n\xf9O\xfe\xd2:c\x94\x1e\
V\xdav\xce\xaa\xc7Q\x81\xee@ \xd0-A\x85C\
\x0d\x03\x00JY\xaf\xc9\xe9\x1e\x09'=2\x06\xf6\xda\
\xb1P6\xf4\xed\xfcKo|,26\xa6\x04\xe4\xb9\
\x04\xbc\xed\x91|Hq\xb4\xc8\xdf\x0d\x94\x97\xb2\x0c)\
\xa1P( \x9f\xf9\xa8v\xb4=yRT>\xfea\
m\xbf\xb50^\x87P\x14l@\x91^k\xd8~k\
\xa4\x959\xa2\x1d\xd5\x15\xb9\xf6C\x1d\x89\x7f\xfcf\xfb\
\x91lj\xeb\xe1\xc3\x877\xb7\xb6\xb6\x12R\x00\x00%\
\xe9\xea\xab\xaf\xce\xed\xdd\xbbws\xb6\xa6bK\xe2\xdb\
_k\x8f}\xfa\x86\x0e\x1dp\xba\x8c2]2H\xf6\
\xcb0YlsSdX7\xb6\xa0b\x0fIl'\
\xd3\xdb/N\xed\x97\xaaTRP\x96\xca\xf2\x17\xdfq\
\x1cm\x8c\x09I\x07\x10\x92\xde $\x1b\xfar\xd9\xee\
\x0bj\x8a\xea\xf50Fe\xe4\xf1\xa7\x8c\xd2C\xd2\x0b\
\x0f\x86\xce;\xbb?\xfa\xce\xb7\xf5\x0eN\x9at\xa8\xb1\
\xb1\xb1\x9d\xf3\xa1\x00\x00J\xd9\xb4i\xd3:\xd6o\xd9\
\xd2\x1e{\xfbU=\x91\xb7\xbe\xa9W9z@6\xf2\
\x07\xf3cc\xf1\xcdM\x91\xc7l\xab&\xf2\xf0\xe5\x99\
\x18o\x8e\x8amTRP\x96\xcauw/\xfb\xedD\
\xa5\xd1\xba\xc2\xb8\xde\xee^\x11\xd9\xe0\x0fH\xafPT\
\xafGa.J\x9f=\xdc\xb0,\x0f:\xca=(7\
\x1fL\xa7\xd3\xccE\x01\x00\x94\x85\x03\x07\x0e\xd81\xcf\
\x9b\x93i\x94>(\xe3\xa1\x8c\x89E87\xc5\xe4+\
(\xde6\x89=%B \xe0\x9d\xd4Qk\xcd\xf9R\
P\x96\xca2\xa4\x04\x02\x01\xd9\x9ew\xed\x91\xbc\x22\xda\
\xd1a\xaf\x9ab\xcb\xabE\xf2m\x85t`\xf2\x9f\xed\
\xcf\xbc\xb9(I\xa5\xed!\x17U\x9fqu\x9ftf\
}\xc1`0c\xef\x07\x00\xa0\x1c\x18\x09%\xc6u\xfa\
\xe4R\x9f\x8c\xe4}vl\x94\x01\xbd\xd8\xe6\xa6\xd8m\
\x10Gk\x13\xb4\xc1\xc4\x187b\xb7U\x0a_\xac\x02\
e\xa7,C\xca\xf0\x8d\xdf\x0c\xf7/\xfdH}\xea\x07\
?\xa9\x93\x9e\xadZ\xb6\xf6+\xa5\x1f\x8b\xdbo/\xa4\
\x87\xf0uP\xb1\x01E\x1b\x95*TQz%h\xf5\
Fo\xf8\x87C\x95\xff\xdf\xbf\x1e\xec\x8e\x866wt\
t<\xcd\x5c\x14\x00@\xb9\xb8\xfa\xea\xab\xd3---\
Og\xab\x13\x9b*\xff\xbf\x7f\xee\x88}\xf9\xb3\x87d\
$\xef\xb1cda\xac\x1c\x1e\xf9r\xcf\xcf\xec\x01|\
\x0a\xdb\x22\x15r\xb5*\xf5\xf3\xdb\xeb\xfa?\xf4\xd1\xfa\
\xd4\xf2\xafsRG\x94\xa5\xb2\x0c)\xd9\xed\xdb\x9d\xf4\
}\x7f\x8cg\x1f[gO\xdc\x18\x91\x8e!\xe2\xcdO\
Q\xde$5\xff\xd3&g\x8c\xceH\x9aJK\x07\x9c\
\x0c\x9d\xb6`(\xfc7o\x18\xe8\x1b;\xf6\xc8\xb8q\
\xe3\x0e1\x17\x05\x00PNf\xcd\x9aux\xfd\xd6\xad\
\x07\xc3ox\xc3@\xe4\xd2K\x06t \xe0\x9d/\xc5\
\x8e\x952ff\x0b\xab\xf9\x9a\x8c\xe9\xf6H^v[\
$l\x8c\x89\xbam\xed\xd1\xf4}\xbf\x8f\xa7\xef\xf9=\
!\x05e\xa9\xacB\xca\x8f~\xf4\xa3*\xd7u\xcf>\
\xe5\xe3\x1f\x9d'W\xab\xa4K\xa8\xb0\xdfZ\x14\xe1\xf9\
Q\x5c/\xa8\xd8\xa3{\xe5'\xcd\xdb\x13X\xf5e\xb3\
Y\xe6\xa2\x00\x00\xcaROO\x8f=o\xca\x11\x19!\
\x8f\xc8F~\xaf\xd6\xaa\xcf~\x91'c\xa4\xdd\xed\xab\
h\x98\xfc6I\x5c\x19{\x1e7UU\xf5\xb6\xb7\xcc\
\xb2\xdb.\x07\x0e\x1c\xb0'w\x04\xcaFY\x85\x14\xf9\
\x90\xdbC\xf9\x8dsj\xaa\xeb\xa5\xf3\x8aH\xc7\x15Q\
Z\x85\x8a\xee\xfc(\xc6V\x85\x95+\xcf!+\x8f=\
#O,-\x1drJB\x8a\xed\xa0\x01\x00(WI\
\x19\x1e\xbd\xf9(2V\xa6d\xb0\xcci\xa3\x8b\xec\x0b\
<\xefH\xa3!y\x0ev\xcel\xc4$\xe2Ur}\
l\x22\x91\xb0K\xa0l\x94UHI&m\xbf\xe5\x1d\
\xce/\xa8\x8c\xb2\x87\x1d\x0ej#\xd7\xed\x115\x8aK\
V\x1e\x7fF:`yBz\xd81jXk=\x1c\
\x8dF\x09)\x00\x80\xb2t\xc5\x15W\xa4\xb6m\xdb\xf6\
H\xf7\x9a5\x8f\x1b\xe3v\xc9\xc6~\xb7\x0c\xfa\x83F\
\x99\xe1\xc2*EA\x82\x89#c{\xc0\x9ey\xde\x18\
\x1dR\x8ec\xbfH\xb5\x93\xe9\xed6\x0cP6\xca*\
\xa4\x148\xca\x18\xc7h\x15\xb0\x9d\x80t\x07\xf65(\
\xae\x0f\xbe\x96g\xa0m%\xc5\xceM1Yi\x12X\
L\x96J\x0a\x00\xa0\x9c\xcd\x9b7\xaf\xfd\xf1[om\
\x93\xf1}\xc8~\x89'\x83eZ\xb6\xed\xed\x11/M\
~\x8d\x22\x91?%\x82\xa3\xbcs\xb8y\x97\xedv\x0a\
!\x05e\xa5\x1cCJ\xf1\xf3*(jP\x96\xf6p\
\x8b=]\x0f<\xf4tss\xf3#CCCr\x1d\
\x00\x80\xf2\x15\xf8\xc4'r\x15?\xfc\xcf\xc3\xf1\x7f\xfc\
\xfaa\x1dpF\x8e\xf2e\xc7\xcc\xa28\xca\x17\x80<\
BJ\x119\xda\xb9jm\x8f\xee\x955\xda\xfb\x86(\
\xdd\xba\xfa\x81\xee9s\xe6t.Z\xb4\x88\xf3\xa3\x00\
\x00\xcaZSS\x93\x0a_\xfc\xead\xf8\xc2\xf3\x922\
^\xa6\x8dVi;f\x16\xcbQ\xbe\x00\xe4\x11R\x8a\
\x84\x0d(\x85\xf3\xa3\xe4+(Z\xf5\xc4o\xf8Xg\
\xc5\x0f\xfe\xf3pl\xd9\xfb\x08'\x00\x00\x88\xa1\xa1!\
\xbb\xebs\xaf2\xc6\xeem0\xa8\x95\x9d\xb7iw\x8d\
.\xb6\x09\xf4@y#\xa4\x14\x93\xfc\xf9Q\xb2Z+\
\xaf\x82\x12\x9c?/\x19^|Q2|\xfe\xf9\xccE\
\x01\x00\xe0\x19\x19\xaf\x8ab\x94\x84\x13\x95\xb5\x03\xa8\xdc\
\xc6\xae^@\x11!\xa4\x14\x17{~\x94\xac\xf4\xb2I\
e\xdcA\xe3\xbav\x0eJo:\x9d\xa6\x84\x0d\x00\x80\
H\xa5R6\x8c\xa4\xed\xe1\xf9%\xa8dm\x15E\xe2\
\x89\x1d?\xf9B\x0f(\x22\x84\x94\x22R8?\x8a\xd1\
\xc6\xe4l\xc7+\x9d\xae\xdd\xcd+\xed\xba.\xdf\x0e\x01\
\x00P\xa0\xb5v\x95q\xa4y\xd5\x13\xc6H\xa0\x08\x11\
R\x8a\x8a\xb61\xc5\xb5\x01e\xe4\xd0\xc3rc\x9a\xf3\
\xa3\x00\x00\x00\xa0\x94\x10R\x8a\xcb1\xdf\x06\xd9\xc0\xe2\
\xdap\xe2RI\x01\x00\x00@)!\xa4\x00\x00\x00\x00\
\xf0\x15B\x0a\x00\x00\x00\x00_!\xa4\x00\x00\x00\x00\xf0\
\x15B\x0a\x00\x00\x00\x00_!\xa4\x00\x00\x00\x00\xf0\x15\
B\x0a\x00\x00\x00\x00_!\xa4\x00\x00\x00\x00\xf0\x15B\
\x0a\x00\x00\x00\x00_!\xa4\x00\x00\x00\x00\xf0\x15B\x0a\
\x00\x00\x00\x00_!\xa4\x00\x00\x00\x00\xf0\x15B\x0a\x00\
\x00\x00\x00_!\xa4\x00\x00\x00\x00\xf0\x15B\x0a\x00\x00\
\x00\x00_!\xa4\x00\x00\x00\x00\xf0\x15B\x0a\x00\x00\x00\
\x00_!\xa4\x00\x00\x00\x00\xf0\x15B\x0a\x00\x00\x00\x00\
_!\xa4\x00\x00\x00\x00\xf0\x15B\x0a\x00\x00\x00\x00_\
!\xa4\x00\x00\x00\x00\xf0\x15B\x0a\x00\x00\x00\x00_!\
\xa4\x00\x00\x00\x00\xf0\x15B\x0a\x00\x00\x00\x00_!\xa4\
\x00\x00\x00\x00\xf0\x15B\x0a\x00\x00\x00\x00_!\xa4\x00\
\x00\x00\x00\xf0\x15B\x0a\x00\x00\x00\x00_!\xa4\x00\x00\
\x00\x00\xf0\x15]X\x96\x85\x9bo\xbe\xb9~\xe9\xd2\xa5\
\x17\xa7V\xde\xdb4p\xed\xf5\x8b\xe5\xc9\xd7+\xa3\xe6\
\x19\xa5\x22\xf2JT\xcbu\xdf\xbe\x1e\xf2\x18\x8d\xfc\xe9\
\x95\x07\x98\x92G\xb9E\xaewV|\xef\xa6\xd5\x91+\
.konn~p\xce\x9c9\x9d\x85UK\xda\xba\
u\xebB\x87\x0e\x1drb\xb1XY\xfd\xee\x02\xc0\x8b\
5<<l.\xbf\xfc\xf2\xb4\xd6Z\x86\x8e\xd2\xb7j\
\xd5\xaa\xe8\xe2\xc5\x8b/\xcb\xed\xda\x9b\xe8^r\xe9\x95\
\xda\xcd&\x94\xd1\x8b\x8c6!\x19\xe6\xeb\xfc<\xd6\xe7\
\x99\x01y\x88C\xf2f\xed\x94\xcb\xad\xb1\x8f\x7fl}\
\xfc\x86\xeb\xb7\xf5\xf5\xf5m\xa8\xa9\xa9\x91\xdbp\xbc\x96\
\x96\x96\xc6\xe9\xd3\xa7_(\xdbwc\x8f\xdb\xbe\x8b\xca\
\xbb]\xe5\xe7\xf7\xfc\xd8\xed;\xf9\x1d\xdd(\x0f\xb5\xbb\
\xb0}w\xf0\x96[nY\xb3l\xd9\xb2\xb2\xd8\xbe;\
\x11\x9f\x7fPG\x17!\xa5\xf8I@\x19W__\x7f\
\xa6\x5ctd\xc0\x0d\xe4o\x05\x00\x9c\x881\xc6\x95E\
.\x95Jm\x8f\xc5b-\xf9[K\x1b!\xa5\xfc\x10\
RJ\x93\xcf?\xa8\xa3\x8b\x90R|\xe4=\x0bM\x9d\
:5\xec\xac_\x1fT\xbf\x7f$8\xff\x1doil\
<\xff\xec\x85J\xb9\x8e\xe4\x94`a5\x00\xc0\x89h\
\x93S\xc6q\xdd\xe6\x96\x965\xdf\xfd\xaf\x9dj\xd1\xec\
l\xfb\xfc\xf9\xd9\x9d;w\x0e\xafX\xb1\xc2\x06\x98\x92\
CH)?\x84\x94\xd2\xe4\xf3\x0f\xea\xe8\x22\xa4\x14\x9f\
\xc7\x1f\x7f\xdcVN\xce\x0b\xfc\xe1\xfe\x9a\xd8\xf2oN\
\xd3J\xc7M\xc0\xa9\xb7U\x14c\x94\x0c8\x00\x80\xe7\
\xa2\xb5\xc9J_\x99\xb5\xe3\x87rs}\xbdo\xff\xdb\
\xb6\xfew\xbf\xb3#\x9b\xcd>}\xf6\xd9g\x97\xe4\x06\
/!\xa5\xfc\x10RJ\x13\x13\xe7\xe1kfcKP\
\xb7\xb4\xc4\x03]G\x12\xb6\xa3\xf1\x9a\x9b\xabP\xd9\x5c\
\x85\x0c<4\x1a\x8dF{\x9e\xa6\xb2n\x85\xf4\x99\x95\
^\xd3\xaa2\xd8u\xa4\x22\xb4kW<\xbcm\x1b\x95\
h\x00\xbe\xe6\xf3o\x13F\x17\x95\x94\xe2\xf3\xc4\xb9\x17\
\xcd\x9d\xdc\xdeq\x8d1n\xbd6j\xbeV&n\x94\
\x96\xf7\xcd8Z1'\x05\x00\x9e\x9fq\x8d\xd69;\
~\xc8\xd8\xd1k\x8c\xd9\xa3\x02\x81}\x99\xca\xd8\xdd\x13\
6o\xf8Sa\xa5\x92B%\xa5\xfcPI)MT\
R\xe0K\xf6(^\x9b6m\xaa\x18;wvL\xe7\
r!\xed\x9a\x90\x84\x94\xb01:l\x97Z\xeb\x90\x1d\
ph4\x1a\x8d\xf6\xdcM6\xcd\xbc\xbeSki\xf9\
\xbe3\xec\xe4\xdcPb\xe6\xec\x0a\xdb\xc7\xdex\xe3\x8d\
l\x07\x00\xf0%\x9f\x7f\x9b0\xba\xa8\xa4\x14\x8fm\xdb\
\xb6\xd5\xcf\x9a5\xeb\xdc\xd4/\xef\x9c0\xf0\xf1O\xbf\
Jnj\x90\xb6@^\x86\xb8\xbcMu\xdeJ\x00\x80\
\x17\xc6\xa8>\xa5M\xbf\x04\x95\xddJ\xeb=\x91\x7f\xf8\
\xf0\x86\xc4'?\xb1=\x95Jm\x8e\xc5b\xbb\x0bk\
\x95\x04*)\xe5\x87JJi\xe2\x1b\x14\xf8\x92\xe38\
\xb6C\x09\xc8g7\xa0\x95q\xe4\x03,\xcd[z\x1d\
\x8d\xedph4\x1a\x8d\xf6\xc2\x9a\xf4\xa5\xd2\x95JL\
\xd1\xda\xebK\xb5\xf4\xb2\xb6\xab-4\x00\xf0\x1d:'\
\xf8R!\xa4\x04e<\x0d\xc9\xb8\x1a\x91Q6\xac\x95\
\x0e\xcaX\xcb<\x14\x008I\xd2\x87\xday|A\x09\
(!\x09*a\xb9\xc1\x1e\x1dQ\xfaX\x09-\x00\xe0\
CtN\x00\x00\x94\x03I)\xf9\x0b\xa6\xb0\x1c\xb9\x0e\
\x00\xfeCH\x01\x00\x00\x00\xe0+\x84\x14\x00\x00\x00\x00\
\xbeBH\x01\x00\x00\x00\xe0+\x84\x14\x00\x00\x00\x00\xbe\
BH\x01\x00\x00\x00\xe0+\x84\x14\x00\x00\x00\x00\xbeB\
H\x01\x00\x00\x00\xe0+\x84\x14\x00\x00\x00\x00\xbeBH\
\x01\x00\x00\x00\xe0+\x84\x14\x00\x00\x00\x00\xbeBH\x01\
\x00\x00\x00\xe0+\x84\x14\x00\x00\x00\x00\xbeBH\x01\x00\
\x00\x00\xe0+\x84\x14\x00\x00\x00\x00\xbeBH\x01\x00\x00\
\x00\xe0+\x84\x14\x00\x00\x00\x00\xbeBH\x01\x00\x00\x00\
\xe0+\x84\x14\x00\x00\x00\x00\xbeBH\x01\x00\x00\x00\xe0\
+\x84\x14\x00\x00\x00\x00\xbeBH\x01\x00\x00\x00\xe0+\
\x84\x14\x00\x00\x00\x00\xbeBH\x01\x00\x00\x00\xe0+\x84\
\x14\x00\x00\x00\x00\xbeBH\x01\x00\x00\x00\xe0+\x84\x14\
\x00\x00\x00\x00\xbeBH\x01\x00\x00\x00\xe0+\x84\x14\x00\
\x00\x00\x00\xbeBH\x01\x00\x00\x00\xe0+\x84\x14\x00\x00\
\x00\x00\xbeBH\x01\x00\x00\x00\xe0+\x84\x14\x00\x00\x00\
\x00\xbeBH\x01\x00\x00\x00\xe0+\x84\x14\x00\x00\x00\x00\
\xbeBH\x01\x00\x00\x00\xe0+\x84\x14\xf8\x92\xeb\xbaF\
\x169\xf9+\xa7\x8d\xc9\x1aiJ\x99\x9c\xbd\xcb[\x01\
\x00p2\x8c2\xd2\x87j\x9d\xd5Fe\xece\xadu\
N\xfaV\xdb\xd7\x02\x80\xef\x10R\xe0K\x85\x90\xe2\xca\
\x05oPUJ\x06S-\xd7\xb5!\xa4\x00\xc0I\x92\
(b\xd3\x88\xab\xbd\xa0\xa2r6\xa4H>\xb1\xfd)\
}*\x00_\x22\xa4\xc0\x97\xb2\xd9l_*\x95\xda\x9c\
;xh\x8f\x8c\xac=Z\xa9\x1eet\xb76\xaaW\
I\x93\xc1\xb5O\x86\xdd~\x1a\x8dF\xa3=w\xb3}\
\xa5\xf4\xa1\xbdJ\xeb\x1e\xa5t\xb7\x04\x94\x1ectO\
\xe6\xa9\xa7wI\x1f\xbb)\x93\xc9H_\x0a\x00\xfeC\
H\x81/-X\xb0 \x1d\x8b\xc5vm\xff\xaf\xff\xd9\
+\x83j\xff1\xadOi3 \xa1e@\x06\xdca\
\x1a\x8dF\xa3=w\x93\xberP\xc2\xca\x802\x85>\
T\x96Z\xfa\xd0\xa1G\x1e;d\xfb\xd8\xaa\xaa\xaa\xce\
B\xb7\x0b\x00\xbe\x22\xfdW\xf9\xb8\xf9\xe6\x9b\xeb\x97.\
]zqj\xe5\xbdM\x03\xd7^\xbfX\x9e|\xbdt\
\xd8\xf3\x8cR\x11y%\xaa\xe5\xbao_\x0fy\x8cF\
\xfe\xf4\xca\x03L\xc9\xa3\xdc\x22\xd7;+\xbew\xd3\xea\
\xc8\x15\x97\xb5777?8g\xce\x9c\x92\x1ch\xd6\
\xfd\xdb\xbfM\x1e\xdb\xd3\xff\x86\xe0\xd3[\xea\x82\x8f=\
>[^\x84\xb8Vz\x8c2&`\xb4\x0e\x16V\x03\
\x00\x9c\x88Q9\xed\xcd\xe7\xd3\xbdJ\x9b\xbe\xe4\xc2\x85\
\xfbS\x0b\xe6\x1dp\xfb\xfb\x1f9\xe5\xbb\xff\xf6da\
\xad\x92\xb2j\xd5\xaa\xe8\xe2\xc5\x8b/\xcb\xed\xda\x9b\xe8\
^r\xe9\x95\xda\xcd&\x94\xd1\x8b\x8c6!y\x1d\xea\
\xfc<\xd6\xe7I\xa8TzH\xc6\xf9\x9dr\xb95\xf6\
\xf1\x8f\xad\x8f\xdfp\xfd\xb6\xbe\xbe\xbe\x0d555r\
\x1b\x8e\xd7\xd2\xd2\xd28}\xfa\xf4\x0be\xfbn\xecq\
\xdbwQy\xb7\xab\xfc\xfc\x9e\x1f\xbb}'\xbf\xa3\x1b\
\xe5\xa1v\x17\xb6\xef\x0e\xder\xcb-k\x96-[V\
\xb6_$\xf8\xfc\x83:\xba\x08)\xc5\xe7\xf1\xc7\x1f\x1f\
\xd7\xd0\xd0p\x81\xf3\xc7U5\xb1\x1b\xbf1C^\x06\
\x1bR\xea\x0a!E\x06\x1c\x00\xc0s\xb1\x07\x1e\xf1\xe6\
\xf5\x19\xd5g\xb4\xea\xeb\xbb\xea\xadm=\xd7\xbc\xbd=\
\x9dN?}\xfe\xf9\xe7\xef(\xacVR\x08)\xe5\x87\
\x90R\x9a|\xfeA\x1d]\x84\x94\xe2s\xdbm\xb7\x85\
\xe7\xce\x9d;)\xb8eg0\xfa\xb5\x15uc^u\
acp\xde\x9c\x19\xae\xddU\xd1\x18*)\x00\xf0|\
\x1c\x95s\x8c\xceew\xb6\xec\xed\xbaou\xdb\xe0\xb9\
g\x0d\xf7,}_\x7f&\x93\xe9]\xb2dII\x8e\
\x1b\x84\x94\xf2CH)M>\xff\xa0\x8e.BJ\xf1\
;t\xe8\xd0\xb8\xfa\xfa\xfaEr\xd1\xce\xa7\x0ax7\
\x02\x00NHk\xed\x1acr\xe9tz{4\x1am\
.\xdc\x5c\xd2\x08)\xe5\x87\x90R\x9a|\xfeA\x1d]\
\x84\x94\xe2\xb7i\xd3\xa6\xf0\xb8q\xe3\x9ad\xe0\xb58\
\xf0\x03\x00<\x0f\x09(2\x5c\xd8!D\xf5\xd6\xd5\xd5\
\xf5z7\x968BJ\xf9!\xa4\x94&\x9f\x7fPG\
\x17!\x05\x00\x80\xd2FH)?\x84\x94\xd2\xc47\xd1\
\x00\x00\x00\x00|\x85\x90\x02\x00\x00\x00\xc0W\x08)\x00\
\x00\x00\x00|\x85\x90\x02\x00\x00\x00\xc0W\x08)\x00\x00\
\x00\x00|\x85\x90\x02\x00\x00\x00\xc0W\x08)\x00\x00\x00\
\x00|\x85\x90\x02\x00\x00\x00\xc0W\x08)\x00\x00\x00\x00\
|\x85\x90\x02\x00\x00\x00\xc0W\x08)\x00\x00\x00\x00|\
\x85\x90\x02\x00\x00\x00\xc0W\x08)\x00\x00\x00\x00|\x85\
\x90\x02\x00\x00\x00\xc0W\x08)\x00\x00\x00\x00|\x85\x90\
\x02\x00\x00\x00\xc0W\x08)\x00\x00\x00\x00|\x85\x90\x02\
\x00\x00\x00\xc0W\x08)\x00\x00\x00\x00|\x85\x90\x02\x00\
\x00\x00\xc0W\x08)\x00\x00\x00\x00|\x85\x90\x02\x00\x00\
\x00\xc0W\x08)\x00\x00\x00\x00|\x85\x90\x02\x00\x00\x00\
\xc0W\x08)\x00\x00\x00\x00|\x85\x90\x02\x00\x00\x00\xc0\
W\x08)\x00\x00\x00\x00|\x85\x90\x02\x00\x00\x00\xc0W\
\x08)\x00\x00\x00\x00|\x85\x90\x02\x00\x00\x00\xc0W\x08\
)\x00\x00\x00\x00|\x85\x90\x02\x00\x00\x00\xc0W\x08)\
\x00\x00\x00\x00|E\x17\x96e\xe1\xe6\x9bo\xae_\xba\
t\xe9\xc5\xa9\x95\xf76\x0d\x5c{\xfdby\xf2\xf5\xca\
\xa8yF\xa9\x88\xbc\x12\xd5r\xdd\xb7\xaf\x87<F#\
\x7fz\xe5\x01\xa6\xe4Qn\x91\xeb\x9d\x15\xdf\xbbiu\
\xe4\x8a\xcb\xda\x9b\x9b\x9b\x1f\x9c3gNga\xd5\x92\
f\x8c\xd1\xcb\x97//\xab\xdf[\x00\xf8k\xadX\xb1\
\xc2-\x5c,y\xabV\xad\x8a.^\xbc\xf8\xb2\xdc\xae\
\xbd\x89\xee%\x97^\xa9\xddlB\x19\xbd\xc8h\x13\x92\
a\xbe\xce\xcfc}\x9e\x19\x90\x878$\xe3\xfcN\xb9\
\xdc\x1a\xfb\xf8\xc7\xd6\xc7o\xb8~[__\xdf\x86\x9a\
\x9a\x1a\xb9\x0d\xc7kiii\x9c>}\xfa\x85\xb2}\
7\xf6\xb8\xed\xbb\xa8\xbc\xdbU~~\xcf\x8f\xdd\xbe\x93\
\xdf\xd1\x8d\xf2P\xbb\x0b\xdbw\x07o\xb9\xe5\x965\xcb\
\x96-+\x8b\xed\xbb\x13\xf1\xf9\x07ut\x11R\x8a\xdf\
\xc1\x83\x07\xc7644\x9c*\x17m\x150\xe0\xdd\x08\
\x00x.6\x9c\xb8\xa9T\xaa9\x16\x8b\xed\xc9\xdfT\
\xda\x08)\xe5\x87\x90R\x9a|\xfeA\x1d]\x84\x94\xe2\
c+'\xb7\xdf~\xbb\xd3\xb0y\xb3nno\xd7o\
{\xeb[\xc7V\x9d{\xeeYr\x97\xa3\xb5\x0e\xe6\xd7\
\x02\x00\x9c\x88\xf4\xa19Y\xb8\xc3\xbbwo\xff\xd9\xf7\
\xbe\xb7\xa3\xf6u\xaf\xf3**W]u\x95+}\xa8\
\x0c%\xa5\x87\x90R~\x08)\xa5\xc9\xe7\x1f\xd4\xd1E\
H)>[\xb6l\x19'\x1d\xcf\x99\x99\xdf\xdc]\x93\
\xfa\xe4\xe7\xa6\xc8\x80\x1b\xd7U\x95M\xda\x98\x80\xd1J\
\x06\x1c\x00\xc0s\xd1Fg\xa5\xaf\xcc*\xd7\xedU\x83\
\x03\xdd\x81\x0f-ms\xae\xff\xf0\xe1\x5c.\xb7\xb1\xae\
\xaenoa\xb5\x92BH)?\x84\x94\xd2\xe4\xf3\x0f\
\xea\xe8\x22\xa4\x14\x9f\xad\x0f=4~\xca\xacY\xaf\xca\
\xde\xb7\xaa&\xfd\xb9/\xcd\xf0B\x8a2c\xe4\xadr\
\xe4\xc3\x1c.\xac\x06\x008!\x9d\xd5\xc6d\xe5B\xaf\
\xb4~\xe7\xbd\xd7\xb4\x86>vm\xfbp\xf7\xd0\x86\xc6\
y3\x9a\xbdUJ\x0c!\xa5\xfc\x10RJ\x93\xcf?\
\xa8\xa3\x8b\x90R|6^\xf4\xba\xb9c\xf7\xb7\xfd\x9d\
Vn\xbdJg\xe6\xcb[\x147Z\xde7\xbb\xbb\x97\
1\xec\xee\x05\x00\xcfC\xfa\xcb\x9c\xf4\x9bv\x97\xaf^\
\x19C\xfa\xb4\xa3\xf7\x98Pho\xba\xb6\xea\x9e\x09O\
<\xf2\xa7\xfcZ\xa5\x85\x90R~\x08)\xa5\x89C\x10\
\xc3\x97\xec\x5c\x94\x1bo\xbc\xd1\x89VW;*\x93\x0e\
\x98t6h\xec\x1c\x14-\xc1D\xc2\x89\x17P\xb4\x0e\
\xd0h4\x1a\xed\xb9\x9b6\xd2o\xda\xfe\xd2\xeb3\xa5\
\xb9n@\xa7SA\x1d\x0e\x05l\x1fk\xfb\xdaB\xb7\
\x0b\x00\xbeRV\x9d\x13\x95\x94\xe2\xb1m\xdb\xb6\xfaY\
\xb3f\x9d\x9d\xfa\xc5\xaf'\x0e|\xe23\xaf\x92\xe7\xdd\
 \xcf\xf9Ty\x19b\xf26\xd5\x15V\xf3\xed\xfb\x05\
\x00>!]\xa7\xf7w\x9f\xf4\x98\xfd\xda\x98\xddF\xeb\
=\xf1\x7f\xb8\xee\xa9\xd8'?\xbe=\x95Jm)\xb5\
\xa3~QI)?TRJ\x13\x95\x14\xf8\x92\xe38\
\xb6C\x09\xaa\x80\x0a\xc8\x05\xc7\x18\xfb\xbb\xea}\xe3\xe7\
5{\x9b4\xbb\xa4\xd1h4\xdas7\xdbW\xda\xfe\
\xd3Q\xc68Fi\xb9.K\xe3\x1d\xc2\xdd\xee2\xcb\
\xa1\xdc\x01\xf8\x12!\x05\xbeT\x08)!\xc9%!\xfb\
M\x88\x8c\xb4a-\x97\xe5:\xf3P\x00\xe0$I\x1f\
*\x9d\xaa\xed?MX\x82JD:Y{\xe0\x91\xa0\
\xd6\x9a\xed\x00\x00\xbeD\xe7\x04_\x93A\xd5\x86\x95\xfc\
E\x00\xc0\x8b'\x1dj\xfe\xc2\xd1y(\xf4\xab\x00|\
\x8b\x90\x02\x00\x00\x00\xc0W\x08)\x00\x00\x00\x00|\x85\
\x90\x02\x00\x00\x00\xc0W\x08)\x00\x00\x00\x00|\x85\x90\
\x02\x00\x00\x00\xc0W\x08)\x00\x00\x00\x00|\x85\x90\x02\
\x00\x00\x00\xc0W\x08)\x00\x00\x00\x00|\x85\x90\x02\x00\
\x00\x00\xc0W\x08)\x00\x00\x00\x00|\x85\x90\x02\x00\x00\
\x00\xc0W\x08)\x00\x00\x00\x00|\x85\x90\x02\x00\x00\x00\
\xc0W\x08)\x00\x00\x00\x00|\x85\x90\x02\x00\x00\x00\xc0\
W\x08)\x00\x00\x00\x00|\x85\x90\x02\x00\x00\x00\xc0W\
\x08)\x00\x00\x00\x00|\x85\x90\x02\x00\x00\x00\xc0W\x08\
)\x00\x00\x00\x00|\x85\x90\x02\x00\x00\x00\xc0W\x08)\
\x00\x00\x00\x00|\x85\x90\x02\x00\x00\x00\xc0W\x08)\x00\
\x00\x00\x00|\x85\x90\x02\x00\x00\x00\xc0W\x08)\x00\x00\
\x00\x00|\x85\x90\x02\x00\x00\x00\xc0W\x08)\x00\x00\x00\
\x00|\x85\x90\x02\x00\x00\x00\xc0W\x08)\x00\x00\x00\x00\
|\x85\x90\x02\x00\x00\x00\xc0W\x08)\x00\x00\x00\x00|\
\x85\x90\x02\x00\x00\x00\xc0W\x08)\x00\x00\x00\x00|\x85\
\x90\x02\x00\x00\x00\xc0W\x08)\x00\x00\x00\x00|\x85\x90\
\x02\x00\x00\x00\xc0W\x08)\xf0%\xd7u\x8d\xd6\xda5\
J\xe5\xb4Q9\xa3LN)\xe3\xda\xbb\xf2k\x00\x00\
N\x82t\xa3\xd2\x8fj-}\xaa\xce\xcau\xaf?5\
\xc2\xbb\x17\x00|\x86\x90\x02_\xb2!E\xe4\xe4\x82\x0c\
\xaa*\xa3dP5Z\xc9e/\xa8\x00\x00N\x82D\
\x11\x9bF\x5cmLV\xfa\xd1\xac\x5c\xb2A%'\x8d\
>\x15\x80/\x11R\xe0K\x03\x03\x03C\xb2\xd8\xedv\
v\xb6\xcb\xd0: A\xa5_\x19iJ\x0fhe\x06\
e\xc8\x95\xa6\xec:4\x1a\x8dF{\xce\xe6\xf5\x97\x03\
r\xb9_K?j\xb4\x1e\xb0}iv\xe7\x8eV\xb9\
mW__\x9f]\x0f\x00|\x87\x90\x02_Z\xb4h\
\xd1\x90\xe38\x9bZ\x7f\xf2\xf3\x1d2\xa8\xf6h\xa5z\
\x94\xd6\xdd\x12P\xba\x8d\xbdlT\xaf\xacf\x07^\x1a\
\x8dF\xa3=W3\xaa\xcfx\xfd\xa5\xee1J\xfaP\
c\xba\x95V\xbd\x83\xbf\xbf\x7f\xbf\xedc\x9b\x9a\x9a:\
d=\x00\xf0\x1d\xd9\xf6+\x1f7\xdf|s\xfd\xd2\xa5\
K/N\xad\xbc\xb7i\xe0\xda\xeb\x17\xcb\x93\xaf\x97\x0e\
|\x9el\xf4F\xe4\x95\xa8\x96\xeb\xbe}=\xe41\x1a\
\xbba.\x0f0%\x8fr\x8b\x5c\xef\xac\xf8\xdeM\xab\
#W\x5c\xd6\xde\xdc\xdc\xfc\xe0\x9c9s:\x0b\xab\x96\
\x94\xad7~k\xea\xc4\xc1\xfe7g\xb7m\xab\xcb>\
\xf5\xf4\x1c\x09)qy\xee\xf5\xdahGi\x13,\xac\
\x06\x008\x11\xa3sF\x9b\x9c\x1d?d\xec\xe8\x0b\x9d\
v\xda\xbe\xc0\xfc9\x07\x92\xa9\xf4C\x0d7\xfd\xcb\xe3\
\x85\xb5J\xca\xaaU\xab\xa2\x8b\x17/\xbe,\xb7ko\
\xa2{\xc9\xa5Wj7\x9b\x90\xd7a\x91\xbc\x0e!\x19\
\xe6\xeb\xfc<\xd6\xe7\xd9\xca\x97\x1e\x92\xb1n\xa7\x5cn\
\x8d}\xfcc\xeb\xe37\x5c\xbf\xad\xaf\xafoCMM\
\x8d\xdc\x86\xe3\xb5\xb4\xb44N\x9f>\xfdB\xd9\xbe\x1b\
{\xdc\xf6]T\xde\xed*?\xbf\xe7\xc7n\xdf\xc9\xef\
\xe8Fy\xa8\xdd\x85\xed\xbb\x83\xb7\xdcr\xcb\x9ae\xcb\
\x96\x95\xe4\xf6\xdd\x0b\xe1\xf3\x0f\xea\xe8\x22\xa4\x14\x9f\xbd\
{\xf7\x8e\x9f4i\xd2\xf9\xa9;\x7f[3\xf0\xb1O\
\xce\x90\x97!.\xaf\xc1\x18y-\x1c\xa3U\xb8\xb0\x1a\
\x00\xe0\x04\xbcI\xf2v\x0e\x8a\xd1\x12RL\x7f\xec\xba\
k[c\x9f\xfbdG:\x9d\xde\x10\x8dFw\x14V\
+)\x84\x94\xf2CH)M>\xff\xa0\x8e.BJ\
\xf1Y\xb7n]\xfc\xcc3\xcf\x9c\x91}\xfc\xf1H\xcf\
\xd5\xd74F\xce:s\x8c\x9e1}\x8a\xdc\xe5\xc8\xe0\
+\x03\x0e\x00\xe09\x19\x933\x8e\xca\xe6Z\xf6\xb4f\
\x1e{\xf4`\xf4\xbae\xfd\x15\x9f\xfftogg\xe7\
\xe1\xc6\xc6\xc6\xf6\xc2Z%\x85\x90R~\x08)\xa5\xc9\
\xe7\x1f\xd4\xd1EH)~\x87\x0e\x1d\x1aW__\xbf\
H.\xda\xf9T\xec\xee\x05\x00\xcfCk\x9d3\xc6\xb8\
\xe9tz[4\x1am.\xdc\x5c\xd2\x08)\xe5\x87\x90\
R\x9a|\xfeA\x1d]\x84\x94\xe2W\xa8\xacL\x95\x8b\
\xf6\xbd\xe2\xc0\x0f\x00\xf0\xfcd\xb8Pfpp\xb0\xb3\
\xb2\xb2\xf2`\xfe\xa6\xd2FH)?\x84\x94\xd2\xe4\xf3\
\x0f\xea\xe8\x22\xa4\x00\x00P\xda\x08)\xe5\x87\x90R\x9a\
\xf8&\x1a\x00\x00\x00\x80\xaf\x10R\x00\x00\x00\x00\xf8\x0a\
!\x05\x00\x00\x00\x80\xaf\x10R\x00\x00\x00\x00\xf8\x0a!\
\x05\x00\x00\x00\x80\xaf\x10R\x00\x00\x00\x00\xf8\x0a!\x05\
\x00\x00\x00\x80\xaf\x10R\x00\x00\x00\x00\xf8\x0a!\x05\x00\
\x00\x00\x80\xaf\x10R\x00\x00\x00\x00\xf8\x0a!\x05\x00\x00\
\x00\x80\xaf\x10R\x00\x00\x00\x00\xf8\x0a!\x05\x00\x00\x00\
\x80\xaf\x10R\x00\x00\x00\x00\xf8\x0a!\x05\x00\x00\x00\x80\
\xaf\x10R\x00\x00\x00\x00\xf8\x0a!\x05\x00\x00\x00\x80\xaf\
\x10R\x00\x00\x00\x00\xf8\x0a!\x05\x00\x00\x00\x80\xaf\x10\
R\x00\x00\x00\x00\xf8\x0a!\x05\x00\x00\x00\x80\xaf\x10R\
\x00\x00\x00\x00\xf8\x0a!\x05\x00\x00\x00\x80\xaf\x10R\x00\
\x00\x00\x00\xf8\x0a!\x05\x00\x00\x00\x80\xaf\x10R\x00\x00\
\x00\x00\xf8\x0a!\x05\x00\x00\x00\x80\xaf\x10R\x00\x00\x00\
\x00\xf8\x0a!\x05\x00\x00\x00\x80\xaf\x10R\x00\x00\x00\x00\
\xf8\x0a!\x05\x00\x00\x00\x80\xaf\x10RPt\x8c1\x9a\
F\xa3\xd1h/\xbc\x15\xbaO\x00(\x1ae\xd5q\xdd\
|\xf3\xcd\xf5K\x97.\xbd8\xb5\xf2\xde\xa6\x81k\xaf\
_,O\xbe^\x195\xcf(\x15\x91W\xa2Z\xae\xfb\
\xf6\xf5\x90\xc7h\xe4O\xaf<\xc0\x94<\xca-r\xbd\
\xb3\xe2{7\xad\x8e\x5cqY{ss\xf3\x83s\xe6\
\xcc\xe9,\xacZ\xd2:::\x9a\x1a\x1b\x1bg\xc9E\
\x1b\xb0\x09\xd9\x00\xf0\xfc\x5c\xdb\x86\x87\x87w%\x12\x89\
\xd6\xfcM\xa5m\xd5\xaaU\xd1\xc5\x8b\x17_\x96\xdb\xb5\
7\xd1\xbd\xe4\xd2+\xb5\x9bM(\xa3\x17I\x5c\x0b\xc9\
0_\xe7\xe7\xb1>\xcf\x0c\xc8C\x1c\x92q~\xa7\x5c\
n\x8d}\xfcc\xeb\xe37\x5c\xbf\xad\xaf\xafoCM\
M\x8d\xdc\x86\xe3\xb5\xb4\xb44N\x9f>\xfdB\xd9\xbe\
\x1b{\xdc\xf6]T\xde\xed*?\xbf\xe7\xc7n\xdf\xc9\
\xef\xe8Fy\xa8\xdd\x85\xed\xbb\x83\xb7\xdcr\xcb\x9ae\
\xcb\x96\x95\xc5\xf6\xdd\x89\xf8\xfc\x83:\xba\x08)\xc5\xe9\
\xe8\xb7\x80Z\xab\xfd\xeb\xd7\x8f\x9f8w\xeeYr\x83\
#\xafA\xd0\xbb\x1d\x00\xf0\x5cr\xd2\xdc\xfe\xb6\xcem\
U\xd3'6K\x87\xea\xdd\xa8\xb5\xce_(A\x84\x94\
\xf2CH)M>\xff\xa0\x8e.BJ\xf1\xd9\xbd{\
\xf7\xd8)S\xa6\xcc\x1d\xbe\xed\x97\xd5C\x9f\xfa\xdcx\
\x15\x0c\xc5\x83\xd3\xa6L\x94\xbb\x02\xf2\x1a\xc8\x80\x03\x00\
x.2fd\xe5\xaf\x9c\x19\x1a\xea\xca\x1dh\xeb\x8c\
\x7f\xf4\xbaC\xb1\xcf|\xfc\xc8\xf0\xf0\xf0\xb6D\x22\xd1\
VX\xad\xa4\x10R\xca\x0f!\xa54\xf9\xfc\x83:\xba\
\x08)\xc5g\xef\xd6\xad\xe3'M\x9bvA\xea\xee{\
j\x06\xff\xe133\x8cr\xe3\xda\xa81r\x97c\xb4\
\x0a\xe7\xd7\x02\x00\x9c\x90\xd1Y\xadLV.\xf5\xca\xd8\
\xd1\x1fY\xf6\xc1\xd6\xc4\xa7?\xd1\x9eN\xa56D\xab\
\xabw\xe4W*-\x84\x94\xf2CH)M>\xff\xa0\
\x8e.BJ\xf1\xd9\xf8\xba+\xe6N\xc8\xe5\xfeVg\
\xdd\xfa\xec\xae]s\xe5-\x8akm\xea\xe5.\x19w\
\xd9\xdd\x0b\x00\x9e\x97\xd6\xae\x0c\x1f9\x193z\xa4\xcf\
\xec\xd3\x15\x95{\x9d\xf1M\xfbR\xd5\x95\xf7\x8d\xfb\xf5\
\x1d\x8f\x15\xd6*)\x84\x94\xf2CH)ML<\x86\
o\xd9\xb9(\xd1@\xc0\xc9\xed\xd8\x19\xcf\xee\xda\x9d\x90\
\xc1\xb6R\x02J\xa51\xaaR>\xd0U\xf6:\x8dF\
\xa3\xd1\x9e\xa7I\x7f\xf9\xac>s\xa0\xbf\xc2\xdd\xd1\x92\
p\xf7\xb5E8\xea\x17\x00?+\xab\x0e\x8aJJ\xf1\
8p\xe0\xc0\x98\xf1\xe3\xc7\xcfO\xfe\xf0'\x13\x06\xbf\
\xb8\xfc\xb5Z\xe9\x06y\x09\x16\xc8]1y\xeevw\
/\xab\xac~\x7f\x01\xe0E2\xd2[\xf6\xc9\xdf\xfdZ\
\xeb]\x12N\xf6F\xaf\xfd\xe0\x93\x89/~v\xe3\xd0\
\xd0\xd0\x8e\x8a\x8a\x8a\xf6\xc2z%\x81JJ\xf9\xa1\x92\
R\x9a\xa8\xa4\xc0\x97\x06\x06\x06l\x87R\xad\x13\x89j\
\x19T\xc3\xf2!\x0e\xdb9(\xde<\x14\xadC\xf66\
ivI\xa3\xd1h\xb4\xe7oa\xd9\x08\xb2s\xf8d\
i\xa4\xefTa\x1d\x89\xc7\xe4zM \x10\xb0K\x00\
\xf0\x1dB\x0a|)\x18\x0c\xda\xdf\xcd\xa0rtH\x02\
JD\x06\xd5\x906:\xa8\x8c\x0e\xe4\xd7\x00\x00\xbcP\
\xd2\x87:Z\xe9\xa0\xf7e\x8f\x92\xd0\xa2]{tD\
;\xaf\x8f\xed\x00\x00\xbeD\xe7\x04?\x93qU\xfe\xcb\
\x97i\xed\xef\xea\xc8e\x00\xc0\xc9\x92\x0eU\xd9\x1d\xbf\
\x94q\xa4k\xf5\xfaS+\x7f'\x00\xf8\x0b!\x05\x00\
\x00\x00\x80\xaf\x10R\x00\x00\x00\x00\xf8\x0a!\x05\x00\x00\
\x00\x80\xaf\x10R\x00\x00\x00\x00\xf8\x0a!\x05\x00\x00\x00\
\x80\xaf\x10R\x00\x00\x00\x00\xf8\x0a!\x05\x00\x00\x00\x80\
\xaf\x10R\x00\x00\x00\x00\xf8\x0a!\x05\x00\x00\x00\x80\xaf\
\x10R\x00\x00\x00\x00\xf8\x0a!\x05\x00\x00\x00\x80\xaf\x10\
R\x00\x00\x00\x00\xf8\x0a!\x05\x00\x00\x00\x80\xaf\x10R\
\x00\x00\x00\x00\xf8\x0a!\x05\x00\x00\x00\x80\xaf\x10R\x00\
\x00\x00\x00\xf8\x0a!\x05\x00\x00\x00\x80\xaf\x10R\x00\x00\
\x00\x00\xf8\x0a!\x05\x00\x00\x00\x80\xaf\x10R\x00\x00\x00\
\x00\xf8\x0a!\x05\x00\x00\x00\x80\xaf\x10R\x00\x00\x00\x00\
\xf8\x0a!\x05\x00\x00\x00\x80\xaf\x10R\x00\x00\x00\x00\xf8\
\x0a!\x05\x00\x00\x00\x80\xaf\x10R\x00\x00\x00\x00\xf8\x0a\
!\x05\x00\x00\x00\x80\xaf\x10R\x00\x00\x00\x00\xf8\x0a!\
\x05\x00\x00\x00\x80\xaf\x10R\x00\x00\x00\x00\xf8\x0a!\x05\
\x00\x00\x00\x80\xaf\x10R\x00\x00\x00\x00\xf8\x0a!\x05\x00\
\x00\x00\x80\xaf\x10R\x00\x00\x00\x00\xf8\x0a!\x05\x00\x00\
\x00\x80\xaf\x10R\x00\x00\x00\x00\xf8\x0a!\x05\x00\x00\x00\
\x80\xaf\x10R\xe0K\xae\xeb\x1aY\x18c\x5cW\x19\xe5\
\xda\x9b\xec\xf5B\x03\x00\x9c,\xdb\x97jiF\xe7\xe4\
\x9a\xd7\xafJ'K\x9f\x0a\xc0\x97\x08)\xf0\xa5BH\
\xc9\xca\xa0\x9a\xd5Z\xa5e\x18\xcd\x18m\xb2J\x1b;\
\xb8\x02\x00N\x82\xf4\xa1\xd2\xa9\x9a\x9c\x96\xbeTk\x93\
Q\xae\xce\xca\xcd#a\x05\x00|\x87\x90\x02_r\x1c\
'-\x8b\xc3fp\xb0W\x96Im\x9b\xd1\xd2T\xca\
6\x19qS\xc6\x18\x09/4\x1a\x8dF{\xaef\xfb\
Je\xa4\xff\xd4\xd2\x7f*=l\xb4\x92\xbeS'\xdd\
\xee\xaen\xdb\xc7\x0e\x0e\x0e\xda\xbe\x16\x00|G\xb6\xfd\
\xca\xc7\xcd7\xdf\x5c\xbft\xe9\xd2\x8bS+\xefm\x1a\
\xb8\xf6\xfa\xc5\xf2\xe4\xeb\xa5\xf3\x9eg\x94\x8a\xc8+Q\
-\xd7}\xfbz\xc8c4\xf2\xa7W\x1e`J\x1e\xe5\
\x16\xb9\xdeY\xf1\xbd\x9bVG\xae\xb8\xac\xbd\xb9\xb9\xf9\
\xc19s\xe6t\x16V-)\xcd\xaf\xb9l^ms\
\xcb5\xf6\xbd\x92\xe7<_+\x137F5x\xef\x95\
\xd6\xc1\xc2j\x00\x80\x131&'}\xa7+]f\x8f\
\xf4\x9a}\xda\x98=\xb2\xdc\x9b\x0aG\xee\x9e\xb0k\xcb\
C\x85\xb5J\xca\xaaU\xab\xa2\x8b\x17/\xbe,\xb7k\
o\xa2{\xc9\xa5Wj7\x9bPF/2\xda\x84\xe4\
u\xa8\xf3\xf3X\x9fg\x06\xe4!\x0e\xc9\xfb\xb6S.\
\xb7\xc6>\xfe\xb1\xf5\xf1\x1b\xae\xdf\xd6\xd7\xd7\xb7\xa1\xa6\
\xa6Fn\xc3\xf1ZZZ\x1a\xa7O\x9f~\xa1l\xdf\
\x8d=n\xfb.*\xefv\x95\x9f\xdfsy\x8cG\xb7\
\xef\xe4wt\xa3<\xd4\xee\xc2\xf6\xdd\xc1[n\xb9e\
\xcd\xb2e\xcbJr\xfb\xee\x85\xa0\x92\x02_KM\x9c\
\x94\x0a\x9cyF\x9f\x1a7V>\xc0\xa6\xdb~x\xa5\
\x1d1\xde\xd2^\xa7\xd1h4\xdas5\xd9\x00\x92\xa5\
>\x22\xddi\xb7l\x04uK_\xda\xa3\xce8\xa3/\
\xb0\xe8\x0c\xbb\xbb\x17PJ\x1c\xa5\x1d\xd9\xae56\x90\
h\xef\x0f\x8aZY\xbd\x81TR\x8a\xcf\xd6\xad[\xc7\
O\x9e0\xe1\xfc\xdc\xca{k\xd3\x9f\xfa\xfc\x0cy\xde\
1y\x0d\xc6\xc8k\x11\x90n(TX\x0d\x00p\x02\
\xdah;\x97\xcf\xce\xef\xeb\x93\xb1\xa3\xcf\xf9\xe0\x07\xda\
\x82\xffp]{r``C\xe3\xa4I;\x0a\xab\x95\
\x14*)\xe5g\xf7\xee\xddc\xa7L\x99\xf2\x9a\xf4\xbd\
\xbfo\x1aX\xf6\x91\x8b\x94k\xc6\xc8\xbb<\xc7\x18\xbb\
}\xa7+\xfd\xfc\x9e\x1f\xbb}G%\xe5\xd9|\xfeA\
\x1d]\x84\x94\xe2#\x1dOMSS\xd3\xdc\xdc\xef\xfe\
\x10O~\xf4\x86q\x81I\x13j\x9c\xc9\x13'\xca[\
\xe5\xc8\xeb@H\x01\x80\xe7\xe3\xaa\x9c\x0d)\xe6\xd0\xe1\
\xc3\xd9\x1d;\x0f9\xd7_\xd7\x15\xbc\xf6\x83\xdd\xbd\xbd\
\xbd\xfb&O\x9e\xdcZX\xab\xa4\x10R\xca\xcf\xde\xbd\
{\xc7\xcb\xef\xf3\xebS\xf7HH\xf9\xd0\x87/4\xf2\
>\xcbk7[\xde\xe8\xb0\x5c\xae\xf0\xf3{NHy\
n>\xff\xa0\x8e.BJq\x93\xe7\xac;\xb7n\x1d\
7f\xe6\xccE\xf2:8r=P\xb8\x0b\x00pb\
\xf6\xe8]\xb9tw\xf7\xb6Hc\xa3W9\x91\xfeS\
\xba\xcf\xd2EH)?;w\xee\x9c<m\xda\xb4\xb7\
d\xee\xfbcc\xff\xd2\xeb\xceW\xc6\xad1FO\xd3\
\xf2\x9eKH\x89\xfb\xf9=\x97\xf7\x99\x90\xf2\x1c|\xfe\
A\x1d]\x84\x94\xe2w\xe4\xc8\x91j\xe9\xa4O\x91\x8b\
\xf6\xbdbN\x15\x00<?\x19.\x94{\xf8\xf0\xe1\x03\
MMM\x1d\xf9\x9bJ\x1b!\xa5\xfcl\xfd\xd9\xcf\xa6\
N\x8b%\xde\x91\xdd\xb8\xa9q\xf8\xe6\xff>W~\xeb\
\xab%\xa0L\x95\xf7= \xefv\xb4\xb0\x9a/\x1d\xbb\
}GHy6\x9f\x7fPG\x17!\x05\x00\x80\xd2F\
H)?O\x9d}\xe1\xac\x89m\x1d\x1f2\xda\xdb\xae\
[$\xefp\x95\xdc<\xd1\xde\xe7\xf7\xf7\x9b\x90\xf2\xdc\
\xf8&\x1a\x00\x00\x00Eg\xd3\xa6M\xe1C\x87\x0e\x8d\
\x9b\xf4\xfa\xd7\xda\xd3\x14D\xb4\x91\xa6UH\x1b\xe3\xed\
\x0e\xee\xff@\x8a\xe7CH\x01\x00\x00@\xd1q\x1c\xa7\
\xb2\xbe\xbe\xfe\xac\xf8\x05\xe7\xcd\x93pR\xad\xb4\xa94\
\xf6|jZE\x0a\xab\xa0\x88\x11R\x00\x00\x00Pt\
$\xa4\xd8JI(\xa0uH\x19\x152F\x07\xb5\x91\
m[\xa3\x8bm\xfb\xd6\xee\xf5\xe5\xca\xe3\xce\xc9\xe3\xcf\
)\xad\xed\x01/l+k\x84\x14\x00\x00\x00\x14\x9dt\
:mw\xeb\x8a\xbaJGe\x8b6\xaam\x05\xc5;\
=A~w\xaf\xa2\xa1\x8dk\xb4\xcai{N#\xad\
2r\x8b=\xd9j.\x1a\x8dJx)_\x84\x14\x00\
\x00\x00\x14\x9dB%%*\x1b\xf6Qe\xec\xe1\x86\x95\
m\x8e\x84\x95\xa2\x9a\x8bbO\xba\xaa\x8dJ\xcbcO\
\xc9\xd5d\xae\xb5\xcd\x1e\x89o\xbf<?\x1bX\xca\x16\
!\x05\x00\x00\x00E'\x1c\x0e\x07eQ\xa9\xb5S\xa1\
\xb4\x13\x97\x0d}\x09+\xdaVQ\x8aj\xfb\xd6h\x1b\
P\xf4\xb0\xc4\x95\x01eT_\xcb-\xff\xd3,\x01e\
\xfd\xbb\xdf\xfd\xee\xbe\xc2*e\x89\x90\x02\x00\x00\x80\xa2\
\xb1n\xdd\xba\xd0\xe1\xc3\x87\xc7OH\xe6\xc6&\x7f\xfc\
\xd3\xaa\xd4\xaa5\x15\xc6\xb81\xa3\xbc]\xbe\xc2\xb2\xa1\
o\xc3\x8b\xaf\xc9c5\x22\xa3\x8dIk\xa5\x92\xd2\x86\
\xc3\x8b_=\x10\xf9\xdb7\x0f\x06\xce;#WX\xad\
\xac\x11R\x00\x00\x00P4\xc2\xe1p\xc5\x981c\xe6\
\x07;\xdaN\x19\xfc\xc2\xf2\x86\xf4\x8f\x7f6F\xb6\xfa\
\xab\x94V\x95\xb2\xf1\x1fSZGd\xa3\xdf\xf7\xbb|\
I\xa0*TP\xcc\x80rt\x7f\xf4\x9a\xbf\xebI\xfc\
\xdb?\x1d\x89\x7f\xfc\xe3e\xbd\x9b\xd7\x08B\x0a\x00\x00\
\x00\x8aF<\x1e\x0f\xc9\xc2\x9e\x84\xbbF\x965\x12G\
\xec\xc9\x1bc\xda\xa8\xb0\xbd\xbf\x88\xb8\x12P\x5c\x09V\
\x12VL\xca\x18wXk=\x9c\xcb\xe5\xca\xfe\xc8^\
\x16!\x05\x00\x00\x00EC6\xe2mHip\x1d\xdd\
 \x01\xa5\xc1(=FkU\xe1UQ\x8a\x88\x91d\
\x22\x8f\xdb\x1ev\xd8\xdb\xe5K\x195h\x8c\x19\x08\x85\
B\xf6\xe8^e\x8f\x90\x02\x00\x00\x00\xdf\xb3sQ\xba\
\xba\xba&M\xec\xed\x1d\x9f\xfc\xfe\x7f\xd7\xa6\xff\xb0\xaa\
F6\xec+\xe5\xae\x0ai1\xd9\xd0/\xb2J\x8a\xc4\
\x13\xaf)W\xc2\x89+\x81\xcb\xceE\xc9\xba\xae-\xae\
\x80\x90\x02\x00\x00\x00\xdf\xab\xaa\xaa\x8a\xd5\xd6\xd6\xce\x09\
\xf6\xf4\xcf\x1c\xfc\xfa\xb7\x9b\xd2?\xfei\x832\xa6N\
\xee\xaa1J'd#\xdf\x06\x15\xdf\xcfE9\x86\xf1\
\xfex'o\xd49\x93\xcb\xd9\x0aJ\xd6\xce\xa8\xcf\xdf\
]\xde\x08)\x00\x00\x00\xf0\xbdt:\x1dt]\xb7\xce\
\x95`\xa2\xb5\xf6\xc2\x89\xb4b\x9c\x8b2B\xc2\x88\xb1\
U\x94\xac\x96f\xc3\x8a</y\x8aTR,B\x0a\
\x00\x00\x00|O6\xdeC\xd2\x9a\x5c\xad\x9a\x8cQ\x8d\
\xc5:\x17\xe5\xa8\xc2\x99\xe6m\x15E\x02\xcaH\x15%\
GH\xc9#\xa4\x00\x00\x00\xc0\xb7V\xadZ\x15M&\
\x93\xf3\xa6f2\xb3S\xff\xef\xfbc\xb3\xf7\xfd\xb1A\
i\xb7\xba0\x1f\xa5\x08\xe7\xa2\xe4i\xa33\xdaxg\
\x99\xb7\x87!\x1eR{\xf6\xee\x93\xcb;\x1d\xc7I{\
+\x949B\x0a\x00\x00\x00|+\x1e\x8f'\xc2\xe1\xf0\
\xd9\xd1d\xfa\x8c\xd4\xbf\xfc\xfb\xa4\xcc\xcfo\x9b\xa0]\
=F6\xeck\x8bt.\x8a\xc7h\x95\x91\xc7\x9f\xd4\
\xda\x0c\xca\x95\x81\xed\xff\xfb\xe3=\x12P\xb6\xcc\x9a5\
\xab\xac\xcf4?\x82\x90\x02\x00\x00\x00\xdf\xb1\x15\x94T\
*u\xea\xdc\x8a\x8a\xf9C\xff\xf4\x7f&'\x7fz\xeb\
$c\xdc&\xa3T\x83\xd1\xa6VV\xb1\x95\x94\xa2c\
\xbc3\xcd\xab\x94\xb6\xd5\x13e\x06C\xaf]\xd2\x1f\xbd\
ni_\xec\x8a\xd7r\xe8\xe1c\x10R\x00\x00\x00\xe0\
;\x0d\x0d\x0d\xf1P(\xb40:8|\xea\xf0wo\
\x9e\x9a\xba\xf3\xae\xc9\xca\xe8q\xca\xa8&\xa5\xb4\x9d<\
_Ul\x15\x14;S>\x7f\xa6y\x95\x94\xabC\xda\
q\x06\xc3oyS_\xfc\xf3\x9f\xee\x0d\xbe\xe7=\x84\
\x94c\x10R\x00\x00\x00\xe0\x1b\xb6\x82b\x8cY8;\
\x918}\xe8k\xff8-\xf9\xdf?\x9c*7O\x90\
6^6\xf0\x1b%\x97\xd8\xa3z\x15-cT.\x1f\
T\xf4\x902\xee\xa0v\xdd~\xb9\xb9/\x18\x0c\x12R\
\x8eAH\x01\x00\x00\x80oTVVF$\xa4\x9cn\
:\x8f,\x18\xfe\xcf\xff\x9e\x92\xbak\xe5d\xe5\x9a\xf1\
\xda\x98qvW/\xd9\xc0\xaf-\xc69(\xc7\xb0G\
\xf1\xcaH\x5c\x196F\x0f*W\x0d\xc8m\xfd\x99L\
\x86\x90r\x0cB\x0a\x00\x00\x00^1\xf6L\xf2\xb2\xd1\
>\xddu\xddY\xd2\xce;\xbd\xb6\xf6\xec\xc1\xaf\x7f{\
z\xf2\xbf\xfew\x9a\xdc=A\x195^\x12\x89=\xe4\
\xb0\x9d\x87R\xf4\xb4\xd2\x19y>Im\xf4\x80\x04\xae\
\xbe\xa1\x1d\xbbv\xa5\xd3\xe9\xcd\xc9dr\xa8\xb0\x0a\x04\
!\x05\x00\x00\x00\xaf\x18{\x92F\x09)v\x97\xae\x99\
\xd2\xce1\xa9\xd4\xa2\xd4\x7f\xfd`Z\xea\xae\x95S\x94\
k&he\xc6\x19\xad\x1aK\xa0\x82\xe2\x91\xe7bw\
\xf5J*m\x06$\x80\xf5\xed\xfb\xc5\xed\xbb\xa3\xd1\xe8\
\xd6\x05\x0b\x16\xd8\x8a\x0a\x0a\x08)\x00\x00\x00x\xd9\xad\
\x5c\xb92\xe2\xba\xee\x19\x8b*+\xcf\x18\xf8\xec\x97\xe6\
\x0c~\xf6\x8bs\x07?\xff\x95\xb9\xa9\xff\xfc\xc1,\x95\
\xcbM\xd5FO\xd2\xda4\xc9\x06\xbd=\xbb|\xf13\
*)\x81k\xd0\x06\x13\x89Z=\xe1\xbf\xb9\xf2H\xfc\
s\x9f\xec\x0a\xbf\xf5J\xce\x8br\x02\x84\x14\x00\x00\x00\
\xbc\xecjjj\xecv\xe8\x1c\x13\x8c\xccI\xdf\xfe\xcb\
\xe9\xa9\x9f\xde>-\xf9\xe3\x9fOK\xdd\xf6\x8bi\xb2\
!o\xab'c%\xa0\xd4\x97B\x05\xc5\x1e\xd5Ki\
;\x0fE\x0d{\x15\x14\xad\xfbC\x97\xbc\xa67\xfa\x91\
e\xbd\xf1\xbf\xfb;{;\x8eCH\x01\x00\x00\xc0K\
\xee\xb6\xdbn\x0b\xbb\xae{\xaa\xad\x9e\x18c\x16\x9f]\
?\xf6\xd5\x83_\xbcqv\xfa\xfb\xff5[\xb9\xb9\x99\
\x12J\xa6\xcbj\x13d{\xdeN\x90\x1f\xa3\x8c\xa9\xce\
\xffd\xc9H\x1a\xa3\xec\x89\x1b\xbb\xb5Q\x87u\xce\xed\
\xd4Z\x1f\xe6\x0c\xf3'FH\x01\x00\x00\xc0K\xae\xa2\
\xa2\xc2VC\xec\xbc\x93\xd9\x12R\x16\xe9X\xe8\xac\xe4\
Oo\x9b\x9a\xbc\xed\x17v\xee\xc9$eT~\xf7.\
\xa3\x1b\x95V5\xc5x\x1e\x94\xe7e\x94\xad\x98\xd8\xc9\
\xf1\xbd\xf2\xfc{\x5cc\xba\xed2\x99L\x12RN\x80\
\x90\x02\x00\x00\x80Qs\xe3\x8d7:\xae\xeb\x9ef+\
&\xd2.\xce\xec\xdf\xbf\xe4\xf0\x8c\xb9o>\xe7\xfaO\
]9\xf8\x89\xcf\x9e1\xf8\xc9\xcf\x9e>\xf8\xe9/\xcc\
\x1f\xfa\x97\x9b\xe6ic\xa6+\xedM\x9a\x9fh\x03\x8a\
2\xda&\x99h\xfe_*\x11\x85\xb9(F\xa9\x1e\xa5\
uw\xe4\xcdo<\x9c\xf8\xd2g\x0ff\xa6O\xd9\xd9\
\xdd\xdd\xbd\xad\xb3\xb3\x93\x09\xf3'@H\x01\x00\x00\xc0\
\xa8\x99?\x7f\xbe\xad~\xcc\x90v\x8a\xb4\x85\xba\xaaj\
\xa16\xeaB\x93L]\x98\xbc\xe3W\xb3\x92\xb7\xffr\
f\xea\xe7\xb7OK\xdd\xfe\xab\xa9*\xe7\x8eSJ\x8f\
\xb5\xe7?\x91e\x83\xd2*f[\xa9TP\x8e\x9d\x8b\
\xa2\x95\xb6\x93\xe6\xfbC\x8b_\xdd\x1b]\xf6\xf7\xdd\xdd\
uu\xedc\xc6\x8c\xd9\x7f\xc1\x05\x17\x0c\xe7\xd7\xc6\xb1\
\x08)\x00\x00\x008i\xc6\x18\xed\xba\xeeLi\xf3\xbc\
\x8aIw\xf7k\xba\x16\x9cy\xf5\xe2\xcf\xad\xb8\xaa\xff\
\xc3\x1f[\xd4\x7f\xdd?\x9c5\xf0\x91\x8f/\x1c\xfa\xec\
\x97\x16\x9aln\x81\xfc\x88M/3\xa5\xd9\x003I\
\xfe\x85\x896\x9cheJ\xe3\xe8]\xcfI\x0f\xdbp\
\x22\xcf\xb5K\xa2\xd7A\x95\xcb\x1d\x94\x1b\x0fj\xadS\
\xf9\xfbq\x22\x84\x14\x00\x00\x00\x9c\xb4\xe5\xcb\x97\xdbj\
\xc78i\x13\xa4\xcd\x09\x04\x83\xf3L2u\x8eN'\
\xcf\xcd\xdc\xf5\xbb\xe9\xe9\xbb\xee\x99\x96\xfe\xed\xca)\xb6\
\xa9\x9c;Q6\xd4'\x18e\xc6\xca\xd2\x1e\xb5\xcb\x06\
\x93:\xd9h\xaf\x92\x8d\xf8\xcaR\xa9\x9c\x9c\x901Y\
\x09(G\xcf\x8bb\x5c\xd3'\xb7\xf6\xa5R)\x8e\xea\
\xf5<\x08)\x00\x00\x00x\xc1l\x05\xe5W\xbf\xfa\xd5\
\xa9g\xcd\x9d{V\xcf'?{j\xff\x87\xaf_\xd0\
\xff\x91\x1bN\xef\xff\xd4\xe7O7\xe9\xec|\xd9\x10\x9f\
/\xab\x9d\xa2\x95\x99)+O\x96\xcb\x93\xa4\x8d\x97\x1c\
2VkU\xa3\xb4\xae\x96\x7f%.\xb7\x95\xd6\xdc\x93\
\xe3\x19\xbb\x8b\x97\x19\x90@\xd6-\xcf\xfdH\xf4\x1dW\
\x1fJ|{EG\xa6\xa1\xa9\xb9\xab\xabk3sQ\
\x9e\x1f!\x05\x00\x00\x00/\x98\xad\xa0\xb8\xae;\xd9(\
55y\xf7\xbd\x13\xd3w\xdd;1\xf3\xdb\xdfNN\
\xdfu\xcfd\x95\xcbM\x94UF*&\xf6D\x8cc\
lS\xde\xd1\xbaT\xadl\xac'\xe4\xfe\xb8\xd6:\xec\
\xb5R\xae\xa0h\x93\x95\xbf\x93\xf2\x04\xed\x11\xbd\x06\x82\
\xa7\xcd\xef\x8b\xbe\xeb\x9d=\xc3\xa7\xce9\xd8\xd0\xd0\xd0\
\xc6\x5c\x94\xe7GH\x01\x00\x00\xc0\x0b6\x7f\xcb\x16=\
\xef\x7f~<q\xd6\x0f\x7f>54\x9c<Ek3\
\xcb\x18=UB\xc8\x14\xb9{\x82l\x9d\x8f\x97\x00R\
\xab\xb4\xae\xc9WLL,\xff\x93\xe5\xa60\x17E\xab\
N;\x17E\xbb\xa6Cn<\x98N\xa7\x99\x8b\xf2\x02\
\x10R\x00\x00\x00\xf0\x825\xcc\x9b\xa7\x1b\xd6?]\xd7\
\xf0\xf4\xc61\xdau\x1b\x8dQ\x8dZ\xa91\xc6\x9e\x80\
1_1\x91p\xa2\xec\xee\x5c\xe5Q19\x8e\xbc\x0e\
\xf2\x92\xc8bd.\x8a2\x83\xf2\xec\xfb\x8c\xeb\xf6\xcb\
\xdd}\xa1P\x88\xb9(/@\xd9\xfc\xc2X7\xdf|\
s\xfd\xd2\xa5K/N\xad\xbc\xb7i\xe0\xda\xeb\x17\xcb\
\x93\xaf\x97_\xa1y\xf2\x0b\x14\x91W\xa2\xda\xcf\x1f\xa0\
\xfc/\xbb\xea\x95\x07\x98\x92G\xb9E\xaewV|\xef\
\xa6\xd5\x91+.konn~p\xce\x9c9\x9d\x85\
UK\xda\x81\x03\x07\xc6\x8c\x1f?\xde\xee\xdfj\xdf+\
B6p\x02\xb2A`\x84+\x17{\x1c\xc7\xd9\x9d\xbf\
\x15(\x0f\xabV\xad\x8a.^\xbc\xf8\xb2\xdc\xae\xbd\x89\
\xee%\x97^\xa9\xddlB\x19\xbd\xc8h\x13\x92OG\
\x9d\x9f\xc7\xfa<3 \x0fqH\xc6\xf9\x9dr\xb95\
\xf6\xf1\x8f\xad\x8f\xdfp\xfd\xb6\xbe\xbe\xbe\x0d555\
r\xdb+\xc7\xceE\x916Ouu\xc5\xba/\xba\xe4\
\xefL\xff@\x85l\x8d\x9f/\xa1$\x22\xf7\x8e\x97\xd7\
9`\xe4\xb2\xff_\xe3\x97\x98Q\xc3vW/y\xb9\
\xf6ie\x8e\x84\xff\xee\xedO\x07\xcf8\xad5;v\
\xfc\x03\xc9\x05sv\xb5\xb4\xb4\xf4\xb0\xab\xd7_VV\
\xbfD\x84\x94\xe2wh\xcf\x9eq\xf5\x13&\x9c-\x17\
\xed{\x15\xf4n\x04p<\xe9\x22TVe2\x87u\
,\xf6\x88\x0d-\xf9\x9b\x81\xd2GHy\xe9\xd8\x934\
J[\xac\x07\x06\xaa\xba\xce_r\x85\xea\xe9\xb1\xd5\x92\
\xf3\xe5\xb1\xcav\x94\x1e+/l \xbff\xb93\xb6\
b\x92\x94\xdf\xbb\xbd\xde\xf6\xda\xb7\x96?\x15\xb9\xe6\xef\
\xf6\xb7\xb5\xb5\xfdq\xe2\xc4\x89\xdb\xf3\xeb\xe0/\xf1\xf9\
\x07ut\x11R\x8a\x8f\x0c6\xf5MMM3#\x7f\
\xf8CE\xd5?\xdd\xd4\xe8\x8c\xa9\xab\x0c\xce\x9f7\xd5\
\x18[E\xb1\x03\x0e\x80?\xa7]\xadU\xc6\x0c%\x07\
3\x1b\x9e\xde\xdd\xdeP7\xb8\xf2M\x97u\xb8\x8e\xd3\
\xf9\x85/|\xa1\xa5\xb0\x12P\x92\x08)/\x9dBH\
y\xad\x92\x90\xd2}\xfe\x927\xba\xbd\xbdv\x12\xfc9\
\xda\xa8\xa8\xd1\xaa^^XB\x8aeL\x9b\xfc\x96\xd9\
\xa0\xd2l\x8c>X\xf1\xb5\xafl\x88\xbe\xff\xdd\x07\xda\
\xdb\xdb\xd7\x8f\x1f?~o~%\xfc%>\xff\xa0\x8e\
.BJ\xf1y\xe8\xbe\xfb\xc6\x8f\x197\xee\xfc\xf0\x83\
\x7f\xaa\xad\xfc\xe6wf\xc8\xf3\xb7g\xa1\x1d#\xaf\x85\
#\x1db\xb8\xb0\x1a\x80g\x91\x90\xa2LZ\x06\xc7\xa4\
\xd6\xa6\xb3c\xec\xd8\xbe\xbb\xdet\xe9\x0e7\x18l\x95\
\x90\xf2pa%\xa0$\x11R^:\x85\x90r\x89\x1e\
\x1c\xac:r\xfe\xc5W\xba=\xbdqy\xac\xe7\xc8\x0b\
\x1a\x91\xc7kCJY\xef\x86\xedm\xab\xe5\xed\x97>\
\xd8\x9e\xb8q\x9b\xf4\xc3\xed\x89\xafKHy\xcf5\xad\
\x9d\x9d\x9d[\x1a\x1b\x1b\xdb\x0b\xeb\xe0/\xf0\xf9\x07u\
t\x11R\x8a\xcfS\x97\xbfyVC8\xf8f=8\
4&\xbcm\xfb\x5cy\x8b\xecQB\xec\xe1\x0c\x1de\
\x0c\xbb{\x01'\xa4\x8d\x84\x93\x8c\xf4\x13\xf6\xd0\x97\x87\
3\xa1`O\xc7\xd8\xa6\xcdr\xfb\xf63\x1e^\xf3\xeb\
\xc2J@I\x22\xa4\xbct\x08)\xcf\xcf\x18\xd5#\xe1\
dX:\xe0]\xda\xa8\xc3\x91\xf7_\xb3%x\xce\xd9\
m\xa9\xba\xeaG;\xea\xeb\xf7$\x93\xc9\xe1\x85\x0b\x17\
\x0e\x16V\xc7_\xc0\xc4c\xf8\x9a\xdb\xd5\x19\x0c?\xf1\
TMx[s\xadw\x9cu\x1bP\x8cj\xd0\xc6\xd4\
k\xadi4\xda\x89\x9a=\xca\x8e\xf79Q\x0d\xf2\xb9\
\xa9\x0ferc&\xedo\xad\x99\xd8~\xa8\xd2N|\
-|\xbc\x00\x00\xa3\xc0~\x91l\x9b\xfdrHB\xdb\
\xa0\xd2z@z\xda\xbe\xc0\xb4\xe9\xbd\x917^\xde=\
<cF\x97\xfd2\x99\x80rr\x08)\xf0\xa5\xdd\xbb\
w\xd7\xb8\xae{\xf6\xec\x0f\xfd\xfd\xdc\xc2\x06\x97\xdd\xf0\
\x92\x0d.\xbb\xd4u\xd2\x09\xd4J\x97PM\xa3\xd1N\
\xd0\x94\xaa\xb1\x9f\x13\x1b\xec\xe5sS/\xc1\xa4^>\
3cB\xa7\xcd\x9fbz{\xcf\x96\xcf\xd6\xb4\xfc'\
\x0d\x00\xf0\xd7\xd2\xc6N\x92\xf7&\xcbwI89\x18\
}\xff{\xf6V\xfe\xbf\x9bv\xa5&\x8f{\xac\xa5\xa5\
\xe5\x81\xd6\xd6\xd6#\xf95q2\x08)\xf0\xa5T*\
ew\xe5\x1a\xebTW7\xc8\xd2\x9e\x04*f\xf2'\
\x83\x8aI\x07\x10UZn\xd3\xda\x1eM\x84F\xa3\xfd\
Y\xcb\x7fF$\xa0D%\xa0\xd8\xdd1\xe4\xb3#\x9f\
\x9fh\xa4B%\x12c\xe5s4F\x1a\x00`4h\
\x93\xd3Z\xd9\x134\x0eKX\x19\x0cN\x9d\xd4\x1f~\
\xe3e=\xee\x99g\x1e\x9e5k\xd6\x81E\x8b\x16\xf5\
\xe6W\xc4\xc9 \xa4\xc0\x97\x82\xc1\xa0\xfd\xdd\x0c\xca\x86\
V\xd0\x18\x15\x96\x0f\x7fH\x1b\x1dTFs\xe4\x10\xe0\
\x053\xf2\xd1\xb1\x9f\x19\x134J\x87e$\xb5G\xc4\
\xb3_\x00\xd0\xf7\x03\xc0h1zP\xb6U\xec\xdc\xe0\
V\xad\xf5\x1e7\xe3\xee\x91\xcb{\x1c\xc7a\xf7\xae\xbf\
\x02\x03\x15\xfcL>\xeb\x8e#A\xc5\xfe\x9e\xdaf\xf7\
\xa5\xb7\x0d\xc0\x0b`\xec\xe7E>?\x92T\xe4\xf3c\
F>K|\x8e\x00`\x14\x8c\xccE1\xcad\xa5\x9f\
M\x9a\xfc\x01\x0f\x06\x1c\xed\x0e\xc8\xdd\x03\xd9l6\x9d\
_\x13/\x06!\x05\x00\x00\x008i\xe6\x88D\x94\xbd\
Z\xa9]\x12PZ\xa2o\xbfjG\xf5\xff~\xaf9\
9\xfb\x94\xa7\x0f\x1c8\xb0~``\x80\xb9(\x7f\x05\
B\x0a\x00\x00\x00\xf0\x02\x8dTP\xb4Qi\xa5\xf4\x80\
\xd2\xba\xcf\xb6\xc0\xb4)\xbd\xc1\xd7\xbc\xa6W\x9f~z\
\xcf\xe4\xc9\x93\x8fL\x9b6-Y\xf8\x11\xbc\x08\x84\x14\
\x00\x00\x00\xe0\x852\xaaGb\x8a\x9dw\xd2\xa2\xb4\xd9\
\x1e\xb9\xfam[*\x7fp\xcb\xd3\xd93\xcfZ\xbbk\
\xd7\xae\xfb\xf7\xec\xd9s0\xbf\x22\xfe\x1a\x84\x14\x00\x00\
\x00\xe0/8ZAQ^\x05eP9\xba_i\xa7\
OO\x9e\xd8\x13^|Qw\xea\x94\xa9]3g\xce\
<\xc4\xf9PF\x07!\x05\x00\x00\x00\xf8\x8b\xcc\x11m\
\xccnY6+\xad\xb6F\xde{\xcd\xd3\xd5\xb7\xfe\xe8\
\xc9\xf0E\x17\xacnnn\xbeg\xd3\xa6M\x07\x0a+\
b\x14\x10R\x00\x00\x00\x80\xe7\xf0\xcc\x1c\x14\x9d\xf5\x8e\
\xe0\xe58CJ\xeb\x01]_\xdf\x1f<\xef\x9c^w\
\xde\xbc\x1e{F\xf9%K\x96\xd8\xa3za\x94\x10R\
\x00\x00\x00\x80\xe7bL\xf7\xb1\x15\x94\xd0\xdf\xbe\xe5\xe9\
\x8a\x9f\xfe\xf7\x93\xce\x05\xf9\x0aJKK\xcb\xbe\xc2\x9a\
\x18E\x84\x14\x00\x00\x00\xe08\xcf\xccA\xd1\x19\xa3\xf4\
\xa0\xb1'g\xd4\xba\xdfi\x18\xd3\x17:\xff\xfc\xde\xec\
\x9c\x99^\x05e\xc1\x82\x05TP^\x02\x84\x14\x00\x00\
\x00\xe0xF\xf5hcvIP\xd9a+(\xe1\xab\
\xdf\xfat\xc5\xed?z2x\xe9k\xd7<\xf6\xd8c\
w?\xfc\xf0\xc3{\x0bk\xe2%@H\x01\x00\x00\x00\
\x0a\x8eVP\xb4\xf1\xe6\xa0(G\xdb\x0a\xca\x80\xae\xab\
\xeb\x0f-Z\xd4\x97\x9b=\xbb\xf7\x82\x0b.8r\xe9\
\xa5\x97r\x14\xaf\x97\x10!\x05\x00\x00\x00\x18q\xb4\x82\
\xa2\xbd\x0aJ\xe8-\x7f\xf3\xac\x0a\xca\xda\xb5kw\x16\
\xd6\xc4K\x88\x90\x02\x00\x00\x80\xb2\xf7g\x15\x14{.\
\x14\xad\x07\x9c\xba\x1a*(\xaf\x00B\x0a\x00\x00\x00`\
T\xafV\xaa\xc5\x18\xbd]\x96\x9b#W\x5c\xba\xa1\xfa\
\xee_?\x1e}\xf7;W\xad[\xb7\xee\xce\x07\x1f|\
p{aM\xbc\x0c\x08)\x00\x00\x00(;#\x95\x13\
i\xaem\xcaVP\x8cJ\xaa\x803l\x02\xce\x90\xaa\
\xab\x1b\x08.\x98;\x10\x9c6\xad\xff\xbc\xf3\xce\xeb\xbb\
\xe2\x8a+R\x85\x1f\xc5\xcb\x80\x90\x02\x00\x00\x80\xb2\xa3\
\x8dJID\xe9\x96\x9c\xd2&\xcbmr}\xb3V\xe6\
\xe9\xf0\x15\x97\xaf\xaf\xfe\xdd]\x8fG\xaf\xfb\xe0\xea\xb5\
k\xd7\xdey\xef\xbd\xf7n+\xfc\x08^F\x84\x14\x00\
\x00\x00\x94\x8d\x91\x0a\x8a\xbd\xa8\xb5\xceJ8I\xcb2\
il\x05%\x18\x1c\xd6\xb5U\x83\xc1\xd93\x07B\x93\
&\x0d\x5cx\xe1\x85\xfdTP^\x19\x84\x14\x00\x00\x00\
\x94\x0d\xad\x8c=\xf9\xe2~I)\xbbl\x05Eny\
Z\xf2\xcac\xe1\xcb.}\xacj\xe5\x9d\x8fD\xaf\xfd\
\xe0*[A\xb9\xe7\x9e{6\xe5\x7f\x02\xaf\x04B\x0a\
\x00\x00\x00J^\xa1\x82\xe2\x1a\xa3]\xadTJ\x07l\
\xf5$0\xac\x82\xce\xa0\x0a\x04\x06Tu\xd5@h\xee\
\xac\x81\xd0\xe4\xc9\xfdTP^y\x84\x14\x00\x00\x00\x94\
>\xef\xe8]\xc6\x9e\xfbd\x8b\x84\x95\xf5\xfa\x92\xd7>\
\x1a\xb9\xf7\xd7\xab\xa2\xbf\xfb\xcd\xea\xea?\xde\xb7:\xfa\
\xee\xf7\xfc\xee\x91G\x1e\xf9\xcd=\xf7\xdc\xb3\xb5\xf0\x13\
x\x05\x11R\x00\x00\x00Pr\x0a\x95\x93\x91\xe6\xca\xc2\
VQ\xec\xfc\x93\xb4\x0e\x04R:\x14N\xea\xf1\xe3\x07\
\x9d\xc9\x93\x87\x02\xd3'\x0f\x87\x16\xccJ^p\xc1\x05\
\xc3TP\xfc\x81\x90\x02\x00\x00\x80\x92\xa3\x8dIK<\
\xe9\x96\xd6&\x89e\x8bVj\x93\xd6\xea\xa9\xf0%\xaf\
YW\xb3\xfa\xbe\xb5\x95\x9f\xba~\xe5\xce={\xfeg\
\xcb\x96-\xbf\x96\xf6\xd0\x93O>\xb9\xbb\xf0\xa3\xf0\x01\
B\x0a\x00\x00\x00\x8a\xde\xb1U\x93|\xe5D\xbb\xf6\xe8\
]rW\xc6\xceA1\x81@J\x85\x02I\x13\x89\x0c\
;\x93&\x0c\x06\xa6O\x1fZ\xb8p\xe1\xe0\xa2E\x8b\
\x86\x16,X\x90\x96e&\xff/\xc1\x0f\x08)\x00\x00\
\x00(~\xc6H\xc80G\xb41\x07\xed\x99\xe3\x956\
\xf6\x0c\xf1\x1b%\xac\xac\x97\xd0\xf2p\xf8\x92\xd7\xae\xad\
Y\xfd\xc7\xb5\xb1O|\xf4\x0fk\x1e|\xf0\xf6{\xef\
\xbd\xf7\xc9\xfc\x0f\xc2\x8f\x08)\x00\x00\x00(:\xc7W\
N\xb4\xad\x9c(\x9d3Z\xdb3\xc7\xa7\x8d\x13H\xab\
\xa0\x9d{\x22-\x18L\xeaPx\xd8\x990v(8\
sfr\xc9\x92%I\xe6\x9e\xf8\x1b!\x05\x00\x00\x00\
\xc5\xc7\x98\xec3\x95\x13{\xd4.\xb3\xcd\x18\xb3A\x1b\
\xf5\x84\x5c\x7f0\xb4\xf8\xc2\xd55\xeb\xfe\xf4;i\xf7\
U?\xb6\xe6\x0f\x91O_\x7f\xcf\x9a\x07\x1f\xfc\xe5\x1d\
w\xdc\xb1\xae\xf0/\xc0\xc7\x08)\x00\x00\x00\xf0\xadc\
*&\xc7UN\xbc\xeaI\xceh\x953Fg\x94\xe3\
du(\x981\xc1`\xda\x04Ci\x1d\x0c\xa5\x9c\x9a\
\x9a\x94SW\x97\x0a44\xa4C\xd3\xa6e\x96,Y\
\x92\xbd\xfa\xea\xabs\x85\x7f\x1a>FH\x01\x00\x00\x80\
\x9f\xb9\x12M\xfa%\xad\xf4hc:\xe4z\xabV\xa6\
Yi\xb55_9\xd1^\xe5$x\xe6\x19\xabk\x1e\
\xfb\xd3}\xb5O<t_\xcd\xe3\x0f\xfc.v\xe3\x8d\
w>\xf9\xd4S\xff\xbdf\xcd\x9a\xdb\xee\xb8\xe3\x8e\x07\
V\xacXa\xe7\xa8\xa0H\x10R\x00\x00\x00\xf0\x8a;\
Q\xb5\xc46\xb9\x96SJ\xe7\x946\xde|\x13\x09*\
\x19\xa3tZ9:\xa3\xc3\x91\xb4\x89\x84\xd3&\x1cN\
\xe9H(\x19\xa8\xab\x19v\xea\xea\x92\x81\xfa\xfaTp\
\xd2X\xef\x88]#\xd5\x13\x09)n\xe1\x7f\x85\x22@\
H\x01\x00\x00\x80\x1fH Q}\x85\x8a\xc9A\xb9\xde\
*\x01e\xbb\x04\x94\xedZ\x99\x8dZ\xe9\x0d\x92_\x1e\
\x95\xdb\x1f\x96\xe5\xaa\xc0\x19\x0b\xffX\xf3\xc4C\xf7\xd5\
>\xf5\xc8\xefj\xd6=t_\xe5w\xff\xfd\xb7\xab\x1f\
|\xf0\xbf\xef\xb8\xe3\x8e\x9fK Y\xad\xb5\xde\xe4\xfd\
\xab(J\x84\x14\x00\x00\x00\x9c,SX\xbe`\x85\x0a\
\xc9\xf1\xed\xd8\x8a\x89\xadt\xb8#\x15\x13\xb9\x9eUZ\
g$ldL$\x926\xa1pZ\x07\xc3\xb2\x0c\xa4\
\xb4R\xc3Z\x07\x86\x03\x15\x15I\xa7\xa2\x22\x15\xa8\xad\
M\xa9\xba\xbagUM\xe4\xe7\xe4\x9fE\xb1\x22\xa4\x00\
\x00\x00\xe0\x85\xb2\xe1\xc1\xeen\x95\x92\x08 \xcdd\xbc\
0!\x81#\x7f\xf7\xf32\xb2\xae\x9d[\xd2'\x17\xbb\
l{\xd6\x1c\x93g*&O\xcb}\x8fJ\x10\xb1\x15\
\x93\xd5\xce\x9c\x99\x7f\xac}\xfc\xc1{k\xd7\xaf\xbd\xa7\
\xe6\x89\x87\x7f[\xf3\xf0\x9f~r\xff\xf9\xd7\xdcxk\
c\xf5\xb7V\xff\xe9O\xb6r\xf23[9\x91\xb6!\
\xff\xbfA) \xa4\x00\x00\x00\xe0/Z\xbe|\xb9\xd1\
Z\xa7\xb2\x99LJ\xb9&\xa7\xb4\x9d'\xe2\x9d\x97$\
g\xab \x92Rr#U\x91c\x9a\xbdM\x9a\x04\x19\
\xaf2\xa22J\x9b\x8c\x04\x9c\xb4\x84\x95\x94\xdc\xe7\x85\
\x1d\xf9\xe7\x93:\x16K\xaa\xea\xaaaUU9\xecT\
U\x0f\xa9px@\xd6\xe9Q\x19\xb7?PY\xd9\xef\
TU\x0d8\xb5U\x83\xc1\xb1\xf5\xe9\xabn[\x9eY\
\xf6\xfd\xef?\xabrb[\xfe\x91\xa2\x14\x10R\x00\x00\
\x00\xf0\x17\xd9\xdd\xa7$\xa8\xac\xdd~\xd3M\x7fT\xfd\
\xfd\xfb%t\xb4KkSJ\x9a\xd6\x1dv\x1e\x89V\
\xaa\xf3Y\xcd\xce-1\xa6C.\xb7\xc8\xbf\xb0C\x02\
\xc9f\xad\xf4&\x09+O\xc8r\x9d\xdc\xfe\xb0\x5c~\
X\xc2\xca\x03N}\xdd\x9a\x9a5\xf7\xfd\xbe\xe6\xe1\xd5\
\xf7U?x\xff=\xd5\x8f\xac\xfe\xe5\xc1\x0f^\xf3\x8d\
\xdbgO\xf9v\xa1b\xf2Ci+\xedc`W\xae\
\xd2GH\x01\x00\x00\xc0\x0bb\xab\x15[\xb6l\xc9\xa5\
\xab*\xd3\x99D\x22\xed\xe6+!I\x09\x1bI\xb9;\
i+#\xc76{[\xe1\xbea\xad\xd5\xb0\xaa\xad\x19\
\xf2ZM\xf5\xa0\xaa\xad\x92e\xcd\xa0\x0aG\xecd\xf9\
n7\x95\xeeq**\xfa\x9c\xcaJ[1\x19\x086\
6\xa6\xe6/\x7fv\xc5\x84\xa3t\x95\x0fB\x0a\x00\x00\
\x00^\xb0\xcd\xf3\xe6\x99\xed\xff\xf2\xcdm\xdb\xbf\xf3\xb5\
\x8d\xb9\xca\xc4cr\x93=\xe2\xd6#\xf9f\xe4\xfa\xb1\
Mn+TJ$\x9c<P\xb3\xea\xde?\xd4\xad]\
\xf3\xfb\xbaG\x1eXY\xf7\xf0\x9a\x95c\x1e^\xb5\xb2\
\xee\xc9G\xee\xdc\xfb\x86\xd7~\xe3\xfe\x99\x13\xbfu\xc7\
o\x7fk+&?\x90 b+&\x0fP1)_\
\x84\x14\xf8\x92\xeb\xda\xddX\x95\xb13\xec\xec\xf2\x98\x06\
\xe0\x05\xd2\xf63c\xffx\x9f\x1d\x19\xe8\xf9\xee\x11\xc0\
(\xb0sSL8<\xec\x04#C\x8evzU0\
\xd8\xa7\xaa\xaa\x06mU\xc4\xa9\xa9\xb6m\xc8kU\xd5\
\xdem\xaaZ\x96vn\x89\xd6=N,\xd6\xa7\x12\xd2\
\xe2\xf1A]Q1`**\x86TU\x22\xfd\xdbq\
\xe3rW\xdf~\xbbW)a\x8e\x09,B\x0a|\xa9\
\x10R\xb2\xca5\x19\xd9\xd0JITI\x1bm'\xdc\
yG\x10\x01\xf0\x82h\x1b\xf4\xb3\xc6h\xf9\x1c\x99\x94\
\x5c\xb5\xbb^d\xa4\xe5\xbc\xbb\x01\xe0E\xb0\xd5\x8d%\
K\x96\xdc\xff\xc7\xc7\x1e^\xb9f\xc1)\xff\xda\xf1\xbe\
w|\xa7\xfa\xe1\x07~\xe3UE\x1e^s\x97\xb4\xdf\
z\xed\xd15wy\xb7\xad]u\xd7\xc1\x0f^\xf3\xcd\
\xfbgO\xfd\xe6\x1d+W\x8eTJ~-a\xe77\
\xb2\xfc\x83\xb4\x07\x09$8\x1e!\x05\xbe\x14\x89Dl\
\x18\x19T\xa9l\xd2\x18\x93\x95\xfe0\xab\x8c\xcaj\xa3\
\xe5v\xe3\x1d%\x84F\xa3=\x7f+\x84\xfa\x8c\xfd\xfc\
HZ\xc9\x9a\xe1\x94\x0d)\x83\xd2\xd2\xd2\x00\xe0E\xb3\
A\xc5\x06\x0b[\xfd\xb8]\xa9l\xb0*\xd1o**\
\xfaM\x22\xd1wL\xeb\xb5\xb7\xe9\xaa\xaa\x01\xbb\xce\x89\
*%#\xad\xf0\xcf\x02G\xe9\xc2\xb2,\xdc|\xf3\xcd\
\xf5K\x97.\xbd8\xb5\xf2\xde\xa6\x81k\xaf_,O\
\xbe^6|\xe7\x19\xd9&\x96W\xa2Z\xae\xfb\xf6\xf5\
\x90\xc7(\xdb\x1c\xaa\xd7V\x15\xe4Qn\x91\xeb\x9d\x15\
\xdf\xbbiu\xe4\x8a\xcb\xda\x9b\x9b\x9b\x1f\x9c3gN\
ga\xd5\x92q\xe3\x8d7:\x1fxr\xfb\xdc\xf8\xfa\
u\xef\x92\xe7\xde \xcf{\xbeV&.\x1b[\xf5\xf2\
:8\xd2C\x06\x0a\xab\x028\x96\xf4\x166\xa4\xc8\xe7\
$i\xb4:\xac\x95>\x227nT\xda\xd9r\xff\xbf\
|\xe3'W]u\x15'9C\xc9Z\xb5jUt\
\xf1\xe2\xc5\x97\xe5v\xedMt/\xb9\xf4J\xedf\x13\
\xca\xe8EF\x9b\x90\x0c\xf3u~\x1e\xeb\xf3\xcc\x80<\
\xc4!\xf9\x80\xee\x94\xcb\xad\xb1\x8f\x7fl}\xfc\x86\xeb\
\xb7\xf5\xf5\xf5m\xa8\xa9\xa9\x91\xdb\xfc\xc9\x18\xa3\x97/\
_\xfe\x9c\xaf-A\x04'\xcb\xe7\x1f\xd4\xd1EH)\
>O]~\xf9\xac\xf1\x87{\xdf\xa1\x07\x06\xeb\xa5\xd9\
\xf7*\x9e\x7f\xdf\x8cc\xb4\x0e\x16V\x03p,cl\
\x08\xb1\xd5\x93\xa4\x96\x90\x92\x8d\x84\xbbs\xf1\xc4&\x95\
s\xb7\x8f\xdf\xf2\xc4\xcf\xe53$\x1f%\xa04\x11R\
\x80\xd2\xe0\xf3\x0f\xea\xe8\x22\xa4\x14\x9f'\x1ezh\xfc\
\xb8q\xe3.p\xfe\xb8\xaa6\xf8\xd5o\xcd\x90\xe7\x1d\
\xd3F\x8d\x91\xb7*\x90\x1fp\x00\xfc9\xedjc\xd2\
\xf2yI\xd9\x90\xd2?sF\xff\x8e\xeb\xafm6\xae\
\xdbv\xe9\xdb\xde\xf6\xa7\xc2J@I\x22\xa4\x00\xa5\xc1\
\xe7\x1f\xd4\xd1EH)>\xeb\xd6\xad\xab\x97\x90rf\
\xf0\x8f\xab+\x03\x9f\xbfq\xb2\xaa\xae\xaa\xd4\x15\x89&\
\xd9\x00\x0b\xc8\xdbEH\x01ND\xdb3?\xeb\xb4\x19\
\x1a\x1a\xd4\xbd=\x1d\xbdS\xa7\x0cn\xff\xcc'\xf6\xa8\
`\xf0\xf0\xe5\x97_\xfeda-\xa0$\x11R\x80\xd2\
\xe0\xf3\x0f\xea\xe8\x22\xa4\x14'\xbb\x9f\xab]\xda}]\
?s\xf9\xe5\xe3c\xa7\x9ez\x96\x5c\xb5\x07}`N\
\x0apb\xd2E\xa8\xac\xcaf\x0f\xdf\xf1\xc1\x0f>j\
\xcfi`\x0f\x19j\xef`.\x0aJ\x1d!\x05(\x0d\
>\xff\xa0\x8e.BJ\xf1\xdb\xbd{w\xcd\x94)S\
N\x93\x8b\xf6\xbd\x22\xa4\x00'f\x83\x88=\xccp\xaf\
\xe38\x1b\xbc[\x802AH\x01J\x83\xcf?\xa8\xa3\
\x8b\x90R\x1aF*+\x00\xfe2*'(7\x84\x14\
\xa04p\x9e\x14\x14\x1d\xbb\xd1E\xa3\xd1^X+|\
l\x00\x00(*\x84\x14\x00\x00\x00\x00\xbeBH\x01\x00\
\x00\x00\xe0+\x84\x14\x00\x00\x00\x00\xbeBH\x01\x00\x00\
\x00\xe0+\x84\x14\x00\x00\x00\x00\xbeBH\x01\x00\x00\x00\
\xe0+\x84\x14\x00\x00\x00\x00\xbeBH\x01\x00\x00\x00\xe0\
+\x84\x14\x00\x00\x00\x00\xbeBH\x01\x00\x00\x00\xe0+\
\x84\x14\x00\x00\x00\x00\xbeBH\x01\x00\x00\x00\xe0+\x84\
\x14\x00\x00\x00\x00\xbeBH\x01\x00\x00\x00\xe0+\x84\x14\
\x00\x00\x00\x00\xbeBH\x01\x00\x00\x00\xe0+\x84\x14\x00\
\x00\x00\x00\xbeBH\x01\x00\x00\x00\xe0+\x84\x14\x00\x00\
\x00\x00\xbeBH\x01\x00\x00\x00\xe0+\x84\x14\x00\x00\x00\
\x00\xbeBH\x01\x00\x00\x00\xe0+\x84\x14\x00\x00\x00\x00\
\xbeBH\x01\x00\x00\x00\xe0+\x84\x14\x00\x00\x00\x00\xbe\
BH\x01\x00\x00\x00\xe0+\x84\x14\x00\x00\x00\x00\xbeB\
H\x01\x00\x00\x00\xe0+\x84\x14\x00\x00\x00\x00\xbeBH\
).\xda\xfbc\x97\xca8\xcaq\x02Z\xeb\xa0\xe38\
\xf66\x00\x00 \x8c1A\xa5]iv;G\xdbm\
\x1d\xad\x8c7~\x02(\x12\x84\x94\xa2bl8\x91\x8e\
\xd6\xd8p\x12\x90\xbc\x12\xb4\x1dq2\x99\xe4}\x04\x00\
@D\x22\x11\x1bF\x82\xcaq\x82v\xbc4F\x05$\
\x9e\xc8m\x9a\x90\x02\x14\x116n\x8b\x88t\xaf\xda\xc8\
{&1%$\xcb\x88rt\x5cn\x8e\x07\x83A\xde\
G\x00\x00\x9e\xe1\x8d\x8f2lFe\xec\x0c\x1b\xbb\xf7\
\x01\xdb<@Q\xe1\x03[\x5c\x1cel\x05EE\xbc\
\x8eWy!%!!%\x90\xbf\x1b\x00\x80\xf2\x16\x8f\
\xc7\xed\xb6\x8d\x17R\x94V\x11\xefK=;vj/\
\xa8\x00(\x12|`\x8b\x84\xadS\x1b\xa3B\xb2\x8c\xca\
\xd5\xb8q\xddD\xea\xb6_V\x0d}\xfb\x9f\xab\xfb\xef\
{\x80\x90\x02\x00\x80\xe8\xfe\xd5\xaf\xb4\x1d\x1b\x87\xbf{\
K\xb51\xa6B+\x93\xf0\xc6N\xa3\xc2\x85U\x00\x14\
\x01BJ\x11\xd1Z\x87\x8d\xf7\xad\x90\xad\xa0\xe8D\xea\
\xbe\xdfW&\xbf\xfb\xfdj\xf7\xa7?\x09\x16V\x01\x00\
\xa0\xac\x0d?\xfa\xa8\x93\xfc\xee\xcd\xd5\xa9\x9f\xfe\xbcZ\
\xe5\xdc\xb82:a\xc7N\x19D\xedd\x15\xf9\x0f@\
1 \xa4\x14!\xedUTLT)\x93\x90+\x89\x05\
\x1f|\xfft\xd7ug\xdfz\xeb\xad\xb1\xc2*\x00\x00\
\x94\x95\x1bo\xbc\xd1\x91\xb1p\xd6\xeb\xbe\xf4\xa5Y\xca\
q\x12\xc6\xceI\xd1**\x01\xc5VP\x08'@\x91\
!\xa4\x14!\xa3M\xc8~+$=n\xccVU\x9c\
\x09\xe3'\xcb\xcd\xa7\x9cz\xea\xa9v\x1f\x5c\x00\x00\xca\
\xce\xb9\xe7\x9e\x1b\x92\xc5)\xce\xf8\xf1\xd3\x8d\xd6\x09\xa5\
u\x5c\x82JT\xb3\x9b\x17P\x94\xca*\xa4D\xa3Q\
\xe9\xb7tN)\x9d\xd3\xc6d\x8c1Y\xd9\xe4\x97\xeb\
J\xfa\xb1\x22b\xb4\xa3\x8d=\xfc\xb0\xd7\xf1F\xb4\xe3\
Dd\x19\xe5(_\x00\x802g\xc7C{p\x99\x88\
\x84\x13i\xf6|)\xa6\xd8\xe6m\x1ae\x8c\xddN\xc9\
\xcas\xc8x\x97\xb5v\xbd\xdb\x812Rv\x1b\xb5\x12\
L\x5c\xa5UN\x15\xc2\x8a\xd1J\xae\xcbmEE:\
\x5c\xe9t\xa5\xd3\x0a\xc9s\x09\xbb\xc6\xb5a%\xc4\xf9\
R\x00\x00\xe5*\x16\x8b\xd9]\xbaB\xcaq\xec!\x87\
\xc32>\xca\x18\xa9\xf3\xe7I)\x22\xf2x\xe5?\xd9\
6\xb1\xcdn\xaf\x18''\xdb.\xb6\x11RPV\xca\
j\xa3V6\xe2\xfbR\xa9\xd4&\xb5s\xf7\x1e\xe9\x02\
\x06dC\x7fP\x1b\x9d\x94\x96)\xacR\x14\xb4V\x8e\
\xedt\xa5\xb7\x8a\xc8\xb5\x98\xdd\xf7Vn\xae\xa0\x92\x02\
\x00(W\x85\x938\xda\xf10a\x0f\xd3/\xcb\xa8l\
\xefK@\xf1\xce8_<\xb4\xca\xc8\xe3\x1f\x96\xc1~\
P\xae\x0dd\xd6?\xb9[\xb6]6;\x8e\xd3\x97_\
\x01(\x0fe\xb5Q\xbbl\xd9\xb2L,\x16\xdb\xb5\xfd\
G?\xdd'\xbd\xc0\x90\xf4f\xc3\xb2\xa1\x9f2\xd2!\
\x14V)\x16\xf2\xd0\xed._*,\x17\x22ZKP\
Q*\xc6\xf9R\x00\x00e.&\x1b\xf7\xf9\xf3\xa3\xd8\
]\xa2\xed\xee\xd1E\xb6\xbb\x97\x04\x94\x9c\xb7m\xa2L\
\xd2\x18=4\xfc\xf0\xa3\x9dv\xdb\xa5\xba\xba\xba\xab\xb0\
\x0aP\x16\xca\xf2\x9b\xf7\xc8\x17>\x99\x8e\x7f\xe5\xf3\xdd\
\xa1\xd7\xbd\xaeWi\xd3\xaf\x95\xad\xa8(\xe9\x0c\x8c\xef\
\xc3\x8aM'\xb6\xe3\x95\xc7,\x1d\xb1\xa9P\xae\xa9L\
\xde\xf2\xbfu\x83_\xbc\xb1~j6;\xc3\x1e\xe5k\
\xdd\xbauv\xf2 \x00\x00%\xcf\x8ey\xf6\xa8^g\
\x8d\x193K\xc6\xc2\x86\xe1\x7f\xffn\x9d\x8c\xe7\x95\x12\
N*e\xcc\x8c\x15\xcb\xf9Q\xe41\xa7\xe5\xb1\x0e\xcb\
rP\xc6\xf7\x81\xc8\x1b\xae\xe8M|\xf9s\xdd\x91\x0f\
} ]X\x05(+e\x19R\xc2\xa7\x9d\xe6F\x97\
\xbe\x7f \xfc\xe67\x0ch\xed\x0c\xcbM^EEk\
\x95\x96\xa5\xfc\xe7ov.\x8a\xb1\xe7LQ:f\x94\
\x89g\x1e|\xa8*\xf9\xe3\x9f\xd5\x98\x03\xed\xe3\xe5\xee\
\xc9UUU\x1c\x8a\x18\x00P\x16v\xed\xda%YD\
Mr\x22\x89I\xc9\x9f\xde^\x93\xba\xed\x97\xf6\xfc(\
\x09\x19-\xe3\xde\xe1\x87\x8b\xe4\xfc(ZiW6@\
\xd2\xb2-\x92\xb2\xbb{9\xb3g\x0dF?\xf4\x81\x81\
\xc8\xf5\xd7\xa5\x0a\xab\x00e\xa5,CJ \x10\xb0\x15\
\x93~m\xbf\xadP\xc6\x0b(J\x17\xe1Q\xbe$\xa0\
H\xe7[)a\xa5^\x1ey\xa3q\x9c&\xb9\xb11\
\x99L\xb2\xdb\x17\x00\xa0,L\x9c8\xd1\x8ey\x8d\xda\
\xd1MZ\x9bF;\x1e\xca\x16\x7f\xa52\xc6\xceO\xf1\
}89*\x7f \x9f\xac\x5c\xb2\xa1dH\x1bw@\
\x96\xfd\xa1P\x88J\x0a\xcaRY\x86\x14#d\x91\x94\
\x0bIY\xa6\xed!\xfe\xa4\x17s\xe5\xd6\xe2:\xca\x97\
\xd1\xf9\x93:jU!a\xa5Zn\xa8\x92[\xab\xe2\
\xf18\xbb{\x01\x00\xcaI\x95\xd2\xae\x1d\x03\xabeL\
\xac\x921\xdd\x9e\xc4\xd1\x1e\x8e\xb8\x88x\xdb&F\xc6\
\xf6\xac\xfcm\x0f=l\xc3\x89\xdd\x15\xdd\x06\x17\xa0\xec\
\x94eH\xc9d2\xb6jb?\xf8I\x89%I\xe9\
\xc8R\xd2!H'`\x0fK\x5c\x1c\xf2\xa5k\x13\x97\
\xce\xacB:\xb2Z\xe5\xbau\xc3\xff\xf7?\x9a\x06?\
\xf1\xe9q\x93\xc3\xe1\xb9\xae\xeb\xcecn\x0a\x00\xa0T\
\x15\xce0?\xf7\xac\x9a\x86\xb9\xfd2\xf6\x0d~\xe3\x9f\
\xc7\x9a\x9c\xa9\x93\xb1\xb1V\xee\xae\xd0F\xdbJJQ\
\xb1\xbb|\xc9\xc25\xdade\x1b\xc5\xee\xf5a[\x91\
\x9d&\x01\x18\x1de\x19R\xa4S\xb3\xdfVd\x94\x96\
\x0e\xc0\x1e\xd9\xcb\xe8\xac\x04\x95\x9c\x5c/\xaa\x8e ?\
7EE\xe5\x82w\x08\xe2\xdc\xe3OV'\x7fyg\
\x8d\xd9\xbb\xd7\xee\xf65\x81\xb9)\x00\x80R5\x7f\xfe\
|\xbb+\xd7x'\x11\x9b\x90\xfe\xf5\xdd5\x99\xbb\xee\
\xae\x91\x01\xbeBF\xc7\x0a\x19\xe4\xed^\x06\xd1\xfc\x17\
zE\xc3\xdb\xe5<\x7f\x9a\x14Y\xe4O\xe0X\x84\xbb\
\xa2\x03\xa3\xa3,C\xca\xc0\xc0@okk\xeb\xfa\xec\
\xf6\x96\x16\xf9\xe8\xf7\xd9\xa3hh{H\xe2\x22;_\
\xca\x08}tn\x8aj\x94\xc056\xeb\xaa\xf1\x99L\
f|:\x9d\x0e\x16V\x01\x00\xa0\xa4444x!\
E;f\xbcl\xc7\x8f\x95\xf1\xbcI\x06\xc4*\xd9\xc6\
/\xae\xb9(\x05\xde.\xe7v\xd7.\xad\xed\x99\xe6\xed\
\xae^v7/[Q\xa1\x92\x82\xb2T\x96!e\xd1\
\xa2E\x99I\x93&\x1dh\xf9\xe5\x9d\xedr5)=\
YR:\x87\x8c)\xbe\xf3\xa5x\x8c\xd1\xf6\x90\xc4\xb6\
\xa2R!W\xab\xa5C\xab6\xd9l\xb5\x5c.\x8a\xc3\
.\x02\x00p\xb2*++\xb5r\xddj\xe58\xd2\xf4\
3sQl\x15\xa5H\xc9v\x88\xab\x8d\xc9\xc9x\x9e\
\x93\x85\xad\xa2\xd8\x80B%\x05e\xa9,C\xca\x88\x8a\
/}&\x15\xff\xce7\xbb\xc2o~S\xb7tn}\
\xb2\xb5? \x1d\x9c=Fy\xd1\x1cIC\x1e\xaf\xfc\
gb\xd2\xb3\xd9\xe3\xc1\xd7K\xff\xd6\x90\xfa\xce\xbfN\
\x1d\xba\xe1\xb3\xd3f'\x12\xe7\xbb\xae\xfb\xaa\x95+W\
\x16\xd9\xe4A\x00\x00N\xac0\x17\xe5\x82\xd3\x9b&\x5c\
8p\xfd\xa7\xa6\x0d\xde\xf8\xf5\xa9:\xeb6\x1a\xa3\xec\
\x91.e,\xd4\xf1\xc2\xaa\xc5\xa5p\xa6y\xa3\xf4\xa0\
l\x8f\xf4g\x1f}r\x97\xdd\xeb\xa3\xad\xad\x8d\x938\
\xa2,\x95uH\x09/\x5c\xe8F\xdf\xf1\xb6\xa1\xd0\xeb\
\x96\x0ci\xad\x93Z{\x15\x15{\x8c\xf2\x8c)\xa2o\
.\xe4\xb1\x87\x8dwv]o\x22}\xa5yjc\x8d\
\xbb\xf2w\xf5\xa6\xadc\xb2\xdc=s\xea\xd4\xa9\xb6\xc2\
\x02\x00@\xd1\xf3\xe6\xa2\xb8\xeet\x1d\x0f\xcfH\xdds\
O}\xfa\xde\xdf\x8fQ\xc6\xad\x94a\xbb\xd2\x8e\x85\xb2\
\xb1_TsQ\xec\xf6\x86m\x12Pr\xde6\x88w\
\xb6y\x9d\x1c^\xf7\xc4\x11\xbb\xd7\xc7\x8c\x193z\x0b\
\xab\x02e\xa5\xacCJ*\x95\xb2\x15\x93#\xd2-t\
K\xff\xd0k\x8c\x1e\xf4:\x07{\xf8\xbf\x22$\x1d\xdc\
\x18\xa5M\x93\xb4\xa9\xc65S\x07\xbf\xb2bN\xdf\x07\
\xae\x9dwJu\xf5\xab]\xd7\xbd\x88\x8a\x0a\x00\xa0X\
\x15*(\xaf~\xcb%\x97\x5c\xdc\xbf\xf4\xbay\x03\x1f\
\xbba\xae\x8c\xdf\xd3d\xfc\x9eb\x8ci\xd2Z5\xc8\
jE\x13N\x8e2&\xa3\x95\x19\xb2\xd5\x13y\xf4}\
\xe1+/?R\xf9\xff\xfe\xb53\xfc\x85\xcfr\x12G\
\x94\xb5\xf2\xae\xa4\x84\xc3v\x7f\xcf!\xe9!\x86\x8d\xeb\
\x9dq>e\x94=\x1e\xb9wb\xc7\xa2\xe2}k\xa4\
\xed\xbe\xb8\xf6\x90\xc4\xca\x1e+\xbe&\xbb\xbdeL\xe6\
\xfe\xd5\x0df\x7f\xdbD\xe5\xbaSf\xcf\x9e]\xb4\xfb\
\xe9\x02\x00\xca\xdb\xe2\xc5\x8b\x1d\x19\xcb&\xcbx7%\
\xbd\xe6\xa1\xc6\xcc\x03\x7f\xaa79\xb7F\xae\xd7\xe4\xe7\
d\xea\x847\x16\x16\x19\x19\xbc]c\xb4\xdd\x83\xc3V\
Q\x92\xce\xe4\x89\xc9\xf0\x95o\x18\x8a\xfe\xddUE\xb3\
\xeb9\xf0R(\xeb\x90\xd2)\xb6o\xdf\xfep\xe6\xc9\
\xf5\x9b\xb42]\x12Pz\xb4\xceWS\x0a\xab\x14)\
=N\x82\x96\xed\xc8g\xe8\x5cn\xe6\xe0\x17\xbe4\xaf\
\xef\xbd\x1fZ0Y\x05/2\xc6,^\xb5j\x15a\
\x05\x00P\x14F\xe6\xa0\x5cx\xc6\x19\x8b\xfb?p\xed\
\x82\x81e\x1f[\xa0\xb3\xd9\x99r\x97m\x93\xa4\x8d\x97\
Vt\xe1\xe4(m\xb2v\xbbC\xc2\xca\xa02\xaa\xd7\
\xb8v\xef\x0eu$\x14\x0aQIAY+\xeb\x90b\
\x8f\xf25w\xee\xdc\xb6\x96\xfb\xfepP9zX\x9b\
\x91\xa3|\x15\xe7\xee^\x96tt\xb6\xa2\x12SZW\
*cj\x8c\xd2\xb5\xd9\xe6\x9dc2\x0f>\xd4`\xfa\
\xfb&\x9a\x5cn\xd2\xe4\xc9\x93\xd9\xed\x0b\x00P\x14\x0a\
\x15\x94I\xda\x98I\xe9\x87\xd66d\xd6>Ro\x5c\
\xb7V\xc6\xb8Z\x19\xef\xaad\xd8\xb3\x07\x8e)\xde\x90\
bw\xf8R\xc6\x9e\xaf\xcdVSR\xdaUI\xb9\xcd\
\x1e\xc4\xa7(\x8f8\x0a\x8c\x96\xb2\x0e)#*\xbe\xf6\
\xe5T\xc5\x7f\xdc\xd4\x19\xfe\xbb\xab\x8eH7\xd7k\xf7\
\x0b\xb5\xfb\x87\x16\xd3Q\xbeN\xccVT\xd4$\xe9\xb9\
g\x16**\xf3\xbd\x8a\x8a\x0e^l+*\xccQ\x01\
\x00\xf8U\xa1\x82\xf2\xaa\x0b\xcf8cI\xffG>q\
\xda\xb3*(FM\xd6ZM\x94\xcb\xc5\x1cN<\xde\
n^:_E\x91m\x8f#\xd9G\x1f\xdd\xb6\x7f\xff\
\xfe\xb5\xad\xad\xad\x07\x0b\xab\x00e\x89\x90\x22\xc2s\xe7\
\xba\xe1+.\x1b\x0a\x9ds\xf6\xb0\xf4v\xf9\xb9)F\
g\xa4\xd3\xc8\xda#n\x14V+*\xde\xb7J^E\
\xc5;\xb1U\xb5\xad\xa8\xe46l.TT\xfa'\x99\
\x5cn\xca\xcc\x993\x09)\x00\x00_*TP&j\
c&g\x1eZ[\x7fL\x05\xa5F\xc6\xb6J\x19\xe6\
\x8a\xba\x82b\xb7/l\x93'\xe0\xda\xbd8d\x9b#\
e\xb4\x1e\x1e\xdc\xb2\xb5g\xca\x94)m\x1c\xd5\x0b\xe5\
\x8e\x90\x22\x0aG\xf9\xea\x92\xce\xef\x88t\x14=\xd2s\
\xf4K\xa7\xe1\xed\xfa\x95_\xa3\xd8\xe9\xf1Z\x9b)\xd2\
\x95\xcf\x92\x0e\x7f\xd6\xc0'>yz\xdf\xdb\xdfs\xc6\
\xc4p\xf8M\x83\x83\x83ov]\xf7\x1cig\xac[\
\xb7.T\xf8\x01\x00\x00^V\xc6\x18-c\xd1\xa9\xd2\
\x16I{\xd3\xc5g\x9d\xf5\xe6\xbe\xbf\xbfvQ\xff{\
?\xb8P\xf5\xf7\xcf\x915f\xc9JS\xb5V\xf6\xf0\
\xfaE\xbf\xfd\x22\xe1+-\xdb\x1b}r\xf1\x88<\xa7\
\xc3\xa17]q\xb0\xf2\x07\xb7\xb4W|{\xc5@~\
\x0d\xa0\xbc\x11RD\xe1(_\x12J\x8c\x9d\xa4\x96V\
\xda\x1ee\xc3;\xc2\x97=\xd3kQ\x1b\xa9\xa8\x1c=\
\xea\x97Q\xd5\xb9\xe6\x96\xda\xec\xba'\xea\xdc\xee\xde\x09\
\xf6\xa8_\xb9\x5c\xaeQ\xe7rc\xaa\xaa\xaa\xf8}\x00\
\x00\xbc\x22\x96/_\xaeu6[\xadd<\xb2G\xf1\
r\x8d\x99\x9c[\xfft}\xee\x89\xa7\xe4z\xae\xda\x1b\
\xc3\xb4N\xc8\xb0VQ\xcc\x15\x94\xa3\xb4\xceim\xd2\
2>\xa7\x8cQ\xc9\xc0\xc4\x09\xc3\xe1%\x17\x0f\x05\xdf\
\xf8F\xe6\xa2\x00\xa2\xf8?\xe4\xa3\xc0V\x10jjj\
j\x9bn\xfe\xaf\xf9\xa9\x9f\xde\xfe\xb7F\x9b&\xd9\xb2\
?\xcdv\x88F+\xb9\x5c\xfc\xaf\x93WR\x96N\xd0\
\x1eE\xc4\x18\xbdW\x9eP\xd2\x99=s\xaf\xa9\xa8H\
9\xc6\xec\xd6\x81@2\xf1\xff\xfd\xdb\x96\xc0\x84\xb1\xb6\
s\xec\x90\x96]\xb3f\xcd\xc6%K\x96\x14\xedA\x04\
\x00\x00\xfee+'\xd2\x16\xc8E\xbb\xebq\x93\x1a\x1e\
\x0e\x0e,\xbdn\xb6;0\x183\x8e3CV\x08e\
\xd7o\x98\xae\xdd\x5cHV\x9d.\x1b\xf4\x01\xd9\xa0/\
\xca\xc3\x0c\x9f\x88\xddsC\x9eH\xa7<\x9b\xbd\xf2:\
\xec\x89-\xfb\xe0\xf6\xf8\x97>\xdb\x9cN\xa7\xb7E\xa3\
\xd1\xed\x85\xd5\x80\xb2\xc57\xe7\xc2\x1e\xe5k\xe6\xcc\x99\
\x87Z\x1fx\xb0K9NR6\xe6\xed\xb7\x1a#\xd5\
\x14o\x03\xdf[\xb1\x88y\x9d\xfaHE\xc5;\x1a\x8a\
\xaaq\x9b[\xc6\xb8O\xac\xaf\xcf\xad\xdf\xd0\x90Y\xff\
t\xa3\xce\xa6&\xablv\x92J\xa7\x1blee\xc2\
\x84\x09\x81\xc2 r\xb4\xe5\xff5\x00\x00^\xb8\xe3\xc7\
\x12\xdb\xbc\xcaI2[\xadR\xa9z\x9d\xcdNp3\
\x99\xc9\xd9\x9d\xbb\xc7f\x9fx\xaa!\xbb\xee\xc9\xfa\xec\
\x13O\xd6k\xd7\xad\x91\x11\xb8ZiS2\x15\x94\x91\
\xb9(\xf2\x9cr\xb2\x9daw7O*'0\xe4\x1a\
3(\x97\xedA{\xa8\xa4\x00\x82\x8d\xcec\xec_\xbd\
\xfa\x94\x06\x15xSv\xcd\x9aq\xc9[\xfe\xf7,\xe9\
D\xea\xa4\x1b\xb1\xe7\x1b\x89\xc8\xe6y\xb4T:G\x19\
\x1d\xec.m\xd29\xaa.\xb9l\x0fy\xd8iwq\
\x0b\x9e:\x7f\xbf\x0a\x04\xb2\xcauw\xebP(S\xf1\
\xbd\x9b\x9a\x9d\xa6\xa6\xac\xd6\xbaW:MYM\x0dK\
\xcb\xc9\xf5\xc7\xa4\xd9\xeb\x00\x00<\xafB(9M.\
J\xd0\x90\xb1TkG\xaeW\xaa\xe1\xe1@\xef\x07\x96\
\xcdP}\x831\xed8S\x8cr\xc3\xb9\x1d;'\x98\
\xa1\xa1\x90\xfc@\x93\x0c2\x01m\xcf\x22od\xfd\x12\
\x19\x83=\xc6\xa4$\xa1$\xe5\xb9\x1d\x92k\xad\xa1+\
.\xdd\x11y\xd7\xd5;\x02\xd5\xd5Olu\x9c\xf5\x03\
\x03\x03\xc9\x0b.\xb8\xc0\x8e\xb7@Y+\x8d\x0f\xfc(\
\xe9\xe8\xe8\x98\xde\xd8\xd8xY\xea\x17\xbf\x1a7\xf0\xf1\
\xcf.\x92\x17g\x8c\xd2f\xaa\xdc\xe5\x9d\xc9\xbdd:\
H!\x9d\xbf\x91?=\x925\xb2\xf2\xb4\xbae\xc0\xc8\
\xca\xb3k\x93\xc1@B\x89\xd9c$\xa4\xd4\xae\xf9\xc3\
>glcV:\xd4.\xf9\x11W\x96v2_v\
\xcd\xb7\x1e\xfe\xdd\xe2\x15Kr\xdewA\x00\x00<\x17\
\xd9\x12_~\xe3\x8d\xfa\xc6\xcf~\xf1B\xe5\xb8\xb5r\
=.\xb7\x06dY\xabR\x99`\xcfeWNr\xf7\
\xec\x0b\xcbX;E\x86\x94\xb0\xfc\xc08\x19\x83B\xb2\
\xac\x93A\xca\xb1K\x19xKm\xaf\x8f!\x19\x82\x07\
%\xbb\xd9C\x0c\x1f\x88-}\x7fs\xfc+\x9f\xdf>\
<<\xfcX\x22\x91X\x97_\x05\x00!\xe5\x18\x12R\
\x9a$\xa4\x9c\x93\xba\xe3\x97\xe3\x06o\xf8\xdc\x22\xe9D\
\xc6\xc9K4[\xee\xaa\x96\xcd\xf1\x86\x92\x0b)vw\
6\x19\x05\xb4\xd29yf\xae\xdc\xd0%\xc1#'\xd7\
\x0f\x1bGg\x833\xa7\x1d2N('\xeb\xd9s\xc7\
\xc8zf\xc0\xb8\xc6u\x0f\xec\xdf\xa7\xe2\x89l\xdd#\
k:U4jw\x89\xb3G'\xb1\x89\xa5\xc8\xcf+\
\x03\x00\xf8+\xd9\xa3D\xdaPQ\xa1\x5c7\xd8\xf3\xfa\
+\xc7\xb8\xdbw\x84\x9cI\x13\xc6\xeax,&A$\
.\xf7JHq\xec\x09\x87\x03nk{\x83\x19\xe8\x0f\
i\xa3\xea\x8d\xd6A\x19g\xeadT\x0a\xca\xd0\x14\x94\
q\xc9\x0e\xbb\x81R\x1a{-y\x0d\xba%\xbbu\xca\
\xc5\xfd\xd2vF\xdf\xff\xee\xe6\xf8\x8a/oO\xa7\xd3\
\xcd\xccE\x01\x9eQR\x1f\xfc\xbfV{{{\xe3\xd8\
\xb1cO\x1b\xbe\xf5\xf6\xf1\x83\x9f\xfe\xd2\x22\xd9\x86\x1f\
'\x9b\xde\xf3\xe4E\xaa\x91\xces\x5c\xa9u\x94\xc7\xf2\
B\x8b1\xb6\xe3\xb4\xa1\xc3\x1e\x8aY\xc2\x8a\xb7\x1b\x98\
+\xf7\x14B\x88\x19\xb0\xd7e\xc5.][\x9b\xaby\
\xe0\xf7mN\x22a+*\xb6\xd2b\x7f\xde\x1e\x1d\x0d\
\x00P\xae\xb4\xb6!\xc5VJ\xaaU&\x13\xeey\xeb\
;\x9br\x9b7Gd\x84\xa8\x911%d\x94\x8e\xcb\
R\xeeW\x09\x193$\x8c\xe8:\xafrbt\xad\xd1\
& \xff@\xadw\x7f\x09\xf2\xc6\xd9\xfc\xa5#r\xe9\
\xa0r\x9c}\xf2|wD\xdf\xf7\xae\xe6\x84\x84\x94T\
*\xb53\x16\x8b\xed\xca\xaf\x03\xa0d7\xba_\x0c[\
,\xd8\xb1cG\xe5\xf8\x9a\x9a\x19\xe1\xdd{_\x93\xfc\
\xe5\x9d\x13\xd3?\xf9\xf9\xe9\xd2\xab\x8c\x91\x0e\xc5\x9e\xb9\
=*\xafX\xac\xb0zI\xc9w\x9eG++v\xd7\
/\xb9d\xc3\x89\xb1\x15\x96\x91\xf0\x91\x94&c\x8a\xb6\
'\x98\xca\x05N\x99\xd1\xa9\x02A\x1bR\xfa\xec\x8b'\
\x8d\xc9~\x00P\xd6tP9\xdenZ\x15\xf6\xb2\xdb\
\xd6^g\xfa\xfb\xc32r\xc8u\x13\x94q4,c\
\x8a\xad\xb4\x84\xe5\xb2\xad\x95T\xc9\xa8\x13\x90\x01\xc4\x06\
\x13\xb9\xeeUNJm\xf7\xae<\xa3\x92\xf2\xdc\x9f\x99\
\x8br\xf9\xa5\xbbb\x1f|\xdfV\x1d\x8e>\xb9;\x11\
y\xa2\xb3\xb33\xc3\x5c\x14\xe0\x19\x84\x94\x13(\xccM\
\xb94\xf5\xa3\x9fM\x1a\xf8\xe2\x8d\x0bm\x19zdn\
\x8a\xbcd\x95\xf9\xb5J\x9b\x17Z\x8c\xe9\x97\xe7+\xa1\
\xa4\x10>\x8c\x84\x95|x\xb1\xb7\xbbrq\xa4\xd2\x22\
\xd7emo~\x0b\x00\xa0\x5ci\x09\x1c\xb2pd\xac\
\xc8WJ\xec\xdc\x13cB2V\xd8\xeb\x01\xaduH\
\x06\x11\xc7\xee\xd2eW\x97?v\xbegIVN\xfe\
\x8cQ\xc3\xf2\x02\x0d\x8c\xccE\x89\xbc\xfb\x1d;+\xbe\
\xf9\xd5-ry\x9d\xe38\x8fy\xeb\x008\x8a\x90r\
\x02v\xb7\xaf\xa6\xa6\xa6\xb3S?\xfc\xd9\x84\xc1/~\
e\xa1l\xa5\x8f\x95\x9bg\xd9}e\xa5\xc3\x1d\xeb}\
\xfbS\xe2\xbc\x90r\xf4d\x96\xc6^\xb6\xb7x\xd7e\
T\xb1sXlX\x19\xa9\xb4xsQ\xe4E\xf1\x0e\
\xd9\x0c\x00(O2\x1e\xd8*\x88\x1d#C\xf2\x97\x0d\
+\x95\xb6R\x22\xf78r\x9f\xbd\xdd\x06\x93\xc2\x18\xaa\
\xed\xd2\x91\xbf\x0a\xd7K\xdb\xf1sQ\xc2\xef\xbczg\
\xc5?~}\x8b\x04\xb7\x1d\xd2\xb6y+\x018\xaa,\
:\x86\x93\xd5\xd6\xd6\xd60v\xec\xd8S\x93?\xfc\xf1\
\xc4\xa1\xaf|\xfd4\xe9Y\xc6I\x9b#\x1d\xec\x18\xb9\
{\xb2]\xa7\x5c:\xd5\xe7\x22\xaf\xc5\xd1\x0a\x8a*T\
Pd\xdc)\xfa3\xf4\x03\x00\xfe\x1a\xc6\x1e\x9f^?\
S)1\x09\xf9\xcb^.[\xf2z\xc8\x7f\xde\xa5\xfc\
\x5c\x94\x80\xb3O\xf2\xd9\x8e\xe8\xd5\x7f\xbb\xb3\xe2\x9f\xbe\
\xb9\xd9\x18\xb3\xdbq\x9c\x9d\xf9u\x00\x8c \xa4\x9c\x80\
\x9d\x9b\xb2m\xdb\xb6\x8aIMM\xd3C\xbb\xf6\x9e\x93\
\xbe\xfd\x8e\x09\xc9\x9f\xdc:\xcf;n\xbb\xd6\xd3\xa4\x93\
\xa9\x94W\xae\xba\x9c\x83J\xa1\xd3=\xbe\xd2R\xe8\x88\
\x01\x00e\xabL+%\xcf)?\x17eX^\x8d\xc3\
r\xed@\xe8\x8d\x97\xef\x8e-\xfd\xfb-:\x14\xde\xd8\
\x12\xd2\x8ftttd\x96,Yb\xe7|\x028F\
yw\x1c\x7fA{{\xfb\xd4\xa6\xa6\xa6\xf3\x93?\xfa\
\xd9\xc4\xc1/\xaf\x98\xafrn\x93\xbc`3\x956\xd5\
F\xe9z\xbbN\xd9w\xbe\x00\x00\xe0\xb9=3\x17\xc5\
N\x98\xdf\x7f\xcc\x5c\x94\xa7\x1c\xc7Y\xeb\xad\x03\xe0\xcf\
\x94\xe6\x114F\xc9\xd8\xb1c\xf7>\xf6\xd8cwg\
\xdep\xe9\x03\x95\xbf\xfd\xe5\xd6\xf0\xff\xdf\xde\xbd\xc7\xe6\
U\xde\x07\x1c\x7f\x9es\xde\xf7\xf5%~\xfd\xda\x8e\x9d\
\x9b\x9d\xab\x93\x90\x90\x06Ba\x13j;\x95\xa8\x1d\x85\
\xd00\xfe\x80\x8cM\x9d\xe8\x8aP\xa5\xad\x9a\x84&\xd4\
\x15UK,u\xedhWu\xa3\xd2\xa4\x95n\x03\xb6\
\xd2\x11\x87\xcbh\x12\x05\xdaA\xdc&J\xb6B\x06\xe4\
F\xe28\x89CB\x0cI\xec\xf8\xf6^\xcf9\xcf~\
\xbfc\x1b\x18e,\x09v\xe2\xcb\xf7\xa3\x1c\x9f\xeb\xeb\
?\xf2Z\xcf\xef\xfc\xce\xef<\xcf\xf3\x95?\xea\x90\x94\
\xe4d\xdc\xe9M\x87\xeb\x1d\x9a\x81\x1d\x00\x00\xe0C9\
\xeb\xb2#\x9d\xe5\xe5\xbe\xa1\xc3\x86\xe11\xd9>n\xad\
\xed\x8e/\x00\xf0\xa1HR>\x824 \xee\xc6\x1bo\
\xec\xeb\xee\xef\xef\xf3\x96/\xcdy\xf3\xe6\xe5\x9c3\x05\
9\x5c\xb2\xf1|\x22\x8e>\x18\x00\x00\xe07\xe8k\xd1\
\xbaXcC\xb9g(Z\xdf\x16L2\x91\xd7\xd7\xbf\
\xe4t\xde9F\xc4\x04>\x0aI\xca\x05\xf0<\xaf7\
\x91H\x1c\xf1L\xd4n\x8d9\x22MN\xa7s\xb6K\
\x1a\x9a>m\x80\x86/\x03\x00\x00\x88Y\x9d\x00\xd9\x98\
7\x9dq\xc7$[iO}\xe1\xe6C\xe9m\xcf\x1d\
,\xfb\xda\xd7^\xdd\xbd{\xf7\xae={\xf6t\x0e]\
\x09\xe0\xc3\x90\xa4\x5c\x80\xf2\xf2r\xad\x98\xe4\xacI\xc4\
OA\x9c\xd5j\x8a)9ku\xc8\xdd\xf8II|\
!\x00\x00\x98\xd2\xf4\x9e ^\x9c\x8d\xac3E\xeb\xf9\
E\x93\xf0\xf36\x93\xce%\x97.\xce&\xe6\xcd\xce\xea\
\xa4\x8d7\xdcp\x03\x13 \x03\x1f\x81N\xdf\x17@[\
\x9a]\xbbv\x95\xaf\x5c\xb8\xb09u\xbe\xff\xb7\x8b\xff\
\xf6\xe4\xbc\xfc\x8f\x1f[f\x8d\x9b%\x89\xca\x02i\x91\
\xaa%i\xa9\x1d\xbe\x1c\x00\x00LU\xf1h^.k\
\x8d\xed\x96\xbb\xac7S\xb7\xddr\xa2\xfc\xfe?;h\
\x13\xc9\xd7\x8f\x94\xf2;\x8e\x1d;V\x5c\xb3fMa\
\xf8j\x00\xff\x07*)\x17@\xfb\xa6\xe8S\x8f\xb0\xa2\
\x22\x9b\xbcjq\xce\x9f3+\xafOE\x9c\xf5\x0a\x92\
\xe5\x15\xe5t0\xf2\xe4d\xf8#\x00\x00`\x8a\x8a\xfb\
\xad\xea\xbd\x81VR\xd2\xe9Bb\xa9\xdc;,\x9a\x9f\
]\xbe|y?\x09\x0apaHR.B&\x939\
\xb6{\xf7\xeegK\xbf\xb7v{\xfa\xa5\xe7\xf7\xa5\xee\
\xbd\xa7]\x0e\xbf94j\x87\xeb\xb6C\x9d\xe1\x00\x00\
\xc0\x14\xa5U\x14\xed\xb7*\x09\xca\x09\xd9=lJ\xa5\
C\xf1\xda\xc4\xf3\xa4\x00\xb8@$)\x17a\xa4\xa2\x92\
\xb76\xe75\xcd)\xfa\xf5uEi\x84JZI\xb1\
:\xb1\xa1e\xb4/\x00\x00\xa6\xa2\xe17*\xe4^\xc0\
8\xed\xb7j=\xbfd\x93\x89\xa2\xf1\xbc\xa2\x9c\xd6\x85\
\xd1\xbc\x80\x8b@\x92r\x09\x12\x89D\xb7,\x87m\xe8\
\xf4\xc9\xc8ai\x8e\x8e;cO\xcbZG\xf2\x00\x00\
\x00S\x8d3\xbd\x92\x9f\xb4\x1bc\xdf\x90\xbd\xfd\xc9[\
>\xbf\xaf\xa6\xed\xf9\xbde\xf7}\xf9\xe5#G\x8e\xec\
\xdc\xb3g\x8f\xce\x8f\x02\xe0\x02\x91\xa4\x5c\x02\xe7\xe2\x8a\
I\xc1K\xfa\x05\x9bJ\x14\x9co\x8b\xd6\x98\xc0\x99\xb8\
oJD\xdf\x14\x00\x00\xa6\x86w+(\xc6E\xce\xc9\
\xfd\x80\xd5\xf9P\x92y\x93*\xcb{s\xe7\xe6\x12\xcb\
\x96\x15\x97.]Z`4/\xe0\xe20\xba\xd7%\xda\
\xb8qc\xea\xd6\xcf}niE\xb6\xf0\xc9\xfc\x8f\x1e\
\x99\x97\xfb\xe7\x7fY\x22\xff\x99\x8d\xd2H5Jc\xd5\
`\x8d\x9d>|)\x00\x00\x98\xa4\x9cs}\xd6\x9a\xd3\
\xce\xd8\xb3\xd6\xb8c\xa9[n~\xbb\xf2/\xbf\xf9\x86\
+d\x8f\xec8yrw.\x97st\x96\x07.\x1e\
\x95\x94K\xb4n\xdd\xbab\xe8\xfby\xafqV\xdek\
h(\xd8d\xb2 )_\xc19[\xb2\xb2\xe8S\x15\
}\xba2|9\x00\x00\x98D4\xc6k\xac7\xc6\x8e\
TP\x8a.\x91,\xc8\x92\xf7\xe6\xcc\xcc\xf9\xcd\xcd\xf9\
\xd5\xabW\xe7IP\x80KC%\xe5c\xd0\xf9S\xb6\
o\xdf\xee\xdf\xb0|\xf9\xd5\x15\x89\xb2\x1br\x0f\xffp\
~\xfe\x9f\x1e_ g\xe6H\xeb\xd5(\xff\xbbZQ\
\xa9\x1f\xbe\x1c\x00\x00L\x12ZA\x91\xd5)cm\xb7\
\xac;R\xb7|\xbek\xda_\x7f\xebP\x94\xcdv\xec\
\xec\xe8\xd8y\xe6\xcc\x19\xb7n\xdd:\x9d\xf4\x19\xc0%\
\xa0\x92\xf21\xe8h_\xabW\xaf\x0e\x9255E\xaf\
.S\xb0U\xe9\xa2I$Jr\xa2$g\x03\xebl\
HE\x05\x00\x80\xc9\xe3\xfd\x15\x948\xd6{^`\x12\
~\xc9$R%\xaf\xa6\xa6\x90hj*\xe9\xbd\x01\x09\
\x0a\xf0\xf1PI\x19\x05#\x15\x95\xdfZ\xb1\xe2\x9ar\
\xcf[\x95{\xf8\xef\xe3\x8a\x8a\xf6Q\x91ss\xa8\xa8\
\x00\x0009|\xb0\x82\x92\xfc\x9d\xcf\x9c\xa9\xf8\xbb\xef\
\x1e\xb0\x03\x03\x1d;;;\xa9\xa0\x00\xa3\x84J\xca(\
x\xb7\xa2\x92\xc9\x14\xbc\xba\xba\xbc\xad\xae.\x98T\xaa\
\xe8<\x1bWU\xac\xb3:\xea\x97VU\xa8\xa8\x00\x00\
0\x01\xfd\xaf\x0a\x8a\xc6v}k\x22\x95*9\x89\xf7\
&\x93\xc9\x9b\xa6\xa6\x22\x15\x14`\xf4PI\x19EZ\
Qimm\xf5\xd6\xdct\xd35\xe5ee\xabr\x0f\
}\x7fA\xfe\xf1'\xe6\xcb\x99Fi\xdd\xb4\xa22\x93\
Q\xbf\x00\x00\x98\x88\xdc\x80d)'$A9/;\
G\x92\x9f\xd5\x0a\xca\xdf\xec\xf7\x9c\xeb|\xe6\xa5\x97\xda\
\xf6\xef\xdf\xefZZZ$\x89\x010\x1a\xa8\xa4\x8c\x22\
\xad\xa8\xe8\x13\x94d&S\xf4\xd2\xe9\x82M\xa7\xe3\xa7\
,F\xdfW\xb56\x90\x04E\xab)TT\x00\x00\x98\
 F*(\xf2C+(\xda\x07e\xa8\x82\x92H\x15\
\x8d\xc4z\x97\xc9\x944\xf6\x93\xa0\x00\xa3\x8bJ\xca\x18\
\x18\xa9\xa8\xdcu\xdbm\xab\xc2 \xb8f\xa4\xa2\x22\xff\
\xd9\xf3\xe4\xdcL\xb9d\x96$4uCW\x03\x00\x80\
\xf1k\xa4\x82b\xfa\xe4\xb6\xe9p\xf2S7\x9e\xad\xf8\
\xe1\xdf\xee\xf3<*(\xc0X\xa2\x922\x06F**\
\xae\xa2\x22\xeb\xa5\xd3\x83\xb6\xa1!o3\x99\x82\xf3l\
\xc1ZS\xb4F\xe7Q\x89g\xa7\xa7\xa2\x02\x00\xc08\
$\x01:\x8cc\xb5\xb3A\x1c\xbb+\xa7\x15l&\x9d\
w\xbe\x9f55\xe9,\x15\x14`lQI\x19C\xbf\
QQ\xd9\xf0\xed\xe6|\xebSs\xe5?}.\x15\x15\
\x00\x00\xc6378\x5cA\xe9\xd5\x0a\x8a\xff\xc9k\xbb\
\xa7=\xf2\x0f\xaf{\xbeys\xc7\xde\xbd\xdbED\x82\
\x02\x8c\x1d*)c\xe8\xfd\x15\x15\xbf\xbaz\xc06L\
\xcf\xd9\xda\xda\x9c\xb36o\xad)Xc\x8b\x92\xac\xe8\
\xec\xf4\xcc\xa7\x02\x00\xc08\x10\xc7d\x8d\xcdNG\xf0\
\x92X]Y\x99\xd7\xd8m\xbd\xb8\x822\xe8\xaa\xab\xe3\
Q\xbcHP\x80\xb1\xe5\x0f\xaf1\x86\xa4!;+\xab\
7~\xf7\xcf\xef\xcfW\xde{O!z\xe7\x9d|\xb0\
\xef`V\x8ei\xb2\x22k\x9d\xfc\xd1\xe9\xe4\x8f\xbe\xb1\
&\x11\x7f\x08\x00\x00\x5cv\xd6\xb8\x9c\xac\x8e\xca\xc6)\
\xd9;\x90\xbcv\xe5\xb1\x9a\x9fm\xda\x93\xbcc\xed\xbe\
g\xb7n\xdd\xf2\xd4SO\x9dhkk\xe3\xa1\x220\
\xc6x\xdd\xeb2\x8a\xa2h\xa5\xb5v\xd9\xe0\xb7\xbf\xbb\
$\xff\xd3\xd6&\xd3\xd7\xd7\xe4\xa2p\x865\xb6\xce8\
W%\xdfFZZ\xbdr\xf9Z|\xf9b\xf8n\x00\
\x00\x18c\x12w\x87+\x22.\x92\x1d\xd9\xb5\x03\xd6\xba\
NS9\xad\xd7\xa4\xca\x0e\xf9\x8b\x17\x9e\xcdlz\xe2\
5\xe3yg=\xcf{q\xe8Z\x00c\x8dJ\xcae\
\xd4\xd2\xd2\xf2\x8e\xac\xb4\xa2\x92\xad\xb8\xf7\x9elx\xfa\
\x9d\xfe\xf0\xe0\xc1\x1ei\x10\xb3\x92\x92\xf4KVR\xb0\
.\xae\xae$\xe5X\xd9\xd0\xa7\x00\x00\xc0\xd8q:\xf9\
b\x8f\xc4\xdf>\x89\xbf\x9d\x12\x7fO\xca\xfe\x81\xe4\xca\
\xab\x8fUoyzO\xea\x8e\xb5\xfb\x9e\xde\xbcyK\
kk\xebq*(\xc0\xe5\xc3\xd3\xfa+ \x8a\xa2\xab\
d\xb54\xf7\x83\x87\xe7\xe7\x7f\xbaq\xa6\xb1~\xa3\xec\
\xd7F]o\xcf\x94\x93\xd5\xc6\xba\x99\xd2X\xa6\x9d\xb5\
)**\x00\x00\x8c>\xc96B\xe3\x5cd\xad-9\
\xe7z\xf4A\xa1\xc4\xdd\xb7MeE\xbf\x97\xc9\xb4'\
\x9a\x17\x9dK?\xfa\xa3\xd7L*\xa5\x15\x94_\x0e\x7f\
\x0c\xc0e\xc2\x0d\xf0\x15\xa0\xa3~m\xd8\xb0\xc1\xae\xff\
\xc67\xae2A0\xb7\x14\x86\x8d62\xb5\xd9\xbfx\
p~\xb0y[\xbd3v\x9e\x5c\xa5\xa3~5I\xe3\
Y=\xf4)\x00\x000j\x9c+\xc8\xcfS\x92\xac\x14\
$\xd6\xbe%\x07\xb2\xb2}4\xb1\xea\xba\xbe\xf4O\xfe\
\xf1\xb0\xc4\xea\xb7\x9fy\xe1\x85\x17\x99\x07\x05\xb82H\
R\xae i\x00ur\xc7\xa60\x0c\x1b\xa2(\xaa-\
~\xef\x07KJ\xcfmi\x08\xbb\xba\x16\xd8P\x92\x14\
\xeb\xe6\x19g\xaa\x9d\xd5\xd7\xf2\xac~W\x9e\xfc\xe0;\
\x03\x00\xe0\x22I\x02\xa2\x89\x86\x8b\xab'\xf1\x88\x9a6\
/\xfb'\xe3\xd1\xbbj\xaaOZMR\x9c$)\xcd\
\x8bz\xd3\x8f=\xf2\x86-+\xeb\x91\xf3;u\xa4N\
\xfd<\x80\xcb\x8b\x1b\xde+l\xa4\xaa\xb2b\xc5\x0a{\
\xe7\x17\xbf\xf8i\x13\x04K\xfa\xef\x7f`Iq\xdb/\
f\xc8\x97\xb3H\xbe\xa1\x1aiH\xeb\xe4\xca\x0aMX\
\xa4\xb1L\x0d\x7f\x14\x00\x00\x5c \x9d\x98QV\xe7\xad\
\xb3\x81\xb1\xeem\xc9<r\x92~txW-\x1d\xac\
~\xea\x89\xc3^*5hJ\xee\xa81A\xf7\xa6\x17\
^\xf8o*(\xc0\x95E\x922\x8eDQt\x8d\x09\
\xc3\xc5\xd9\x87\xbe\xbf\xbc\xf0\xb3\xad3\xdd[]\x8b\x9c\
\x8bj\xe5K\xaa\x97\xc6\xb5R\xd6\x19ieSTV\
\x00\x00\xf8h\x92\x84\xe8\xbfP\xb3\x13\x09\x94\x91D\xcb\
@\x0eh\x07\xf9\xa2\xb3\xb6\xcbTVf\xfd\xda\xda\x0e\
o\xce\xcc\xbe\xea\x9f<\xba\xdf\x94\x97\xeb\xeb_'d\
\xe9\xf3<o_\xfcK\x00\x5c1\xdc\xe0\x8e3\xeb\xd7\
\xaf\xf7\xd6\x7f\xfd\xeb7\xca\xe6\xc2\xbe\xfb\xfe\xb4\xb9\xd4\
\xf6\xcbZ\xd9n\x92FV\xab(\xf5\xce\xb9\x0a\xf9\xd2\
2\xd2\xe2\xa6\x86\x8fQY\x01\x00\xe0\x03$!\x89\xe4\
g\xb7u64\xd6\xf5\xe8\xe4\x8c\xb2\x7f\xdaZS\x90\
sG\x13K\x96\x0c\xa6\x9f}\xf2\x90\xe7\xfb\xe76m\
\xdd\xbaM+'\x1b6l\x90S\xfa\x18\x90W\xbc\x80\
+\x8d$e\x1c\x92Dd\x99\x0b\x82\x05\x83\x0f}o\
i\xe9\x85\xed\xb5\xc6\xf7\xe2$%\xea\xe8\x98\xe1\xa2\xa8\
R\x1a\xcfZi=\xcb\xe4\xc2\x1akl\xca\x19\xa7\x93\
@\xcaw\xc9\xfc*\x00\x80\xa9I\xe2\xa2\xfe\x1b\xae\x9c\
\xc4\x89I\xe8\x8c=g\x9d\xd3\x0a\xcaY[UY\xf4\
f7\xbeeMT\x90\xf8y\xd4\x9b5{ \xfd\xd8\
\x8f\x0e\x98T\xaa_\xe2\xea\x0e\x12\x13`|\xe1\x86v\
\x9c\x8a+*\x0f>\xb8\xd2D\xd1\x0ciL\xe7\xc8\x92\
\xee\xbf\xefO\x9aJm;\xab\x9cu\xb3\xa5\x11\xae\xb2\
\xd64\xc8\xa5\xdaWE++I]K#\x9b\x1c\xfa\
\x0d\x00\x00L\x1d\x92ah\xe5\xa4'NP\x8c\xebv\
\xda\xf7\xc4\xb8\xb7$V\x16\xe5\xe4\x09o\xc1\xfcB\xcd\
\x96\xa7\x8f\xd9\xb22\xad\xa4\x1c\x97\xf8\xda\xb7i\xcb\x96\
_\xdfu\xd7]:\x0c1\x09\x0a0\xce\x90\xa4\x8cc\
Q\x14-\x94\x95&\x22\xd3e'\x9d\xfd\xab\x87\x16\x94\
^\xdc^\xed|o\xb6\x89lUt\xf4\xe8L\x17\x86\
\x15:c\xfd\xd0\xeb_qe%\x19WV\x945\x9e\
\xfc\xd0\xef\x98\xbe+\x00\x80IA\xb2\x09M(4!\
\x91p\x17\x8f\xd8%\x01.\xae\x9c\xe8\x88]\xe7\xe4\xb0\
N\xcex\xc6x^\xe077\x9f\x94\xfc\xa3(1\xb4\
\xd3\xd6\xd6\xe5\xaa\x9f|\xbc\xdd$\x93\xda\x81\xfe\x94,\
YIN\xf6\x91\xa0\x00\xe3\x137\xae\xe3\x9c\x8e\xfe\xa5\
\xebx^\x95\x07\x1eX%\x9b\x0d\xd6\xf7g\xbb(\xaa\
\xea\xfb\xd2W\xe6\x06\xff\xf5\xca49\xd6(-u\xa5\
VV\xa4\xc9.\x97\xbc\xa4\xca:\xe7Kc]!\xe7\
<\xf9\x96\xab\xe4\x97\x0c%.\x00\x00L`q\x92\xe2\
L\x9fn\xc6\xc3\x06\xc7\x87t?\xae\xa0\x9c\x96\xa4\xa3\
$\xc1\xf3\xb8\xad\xaf+e\xda~\xde\xe1\x95\x95\x15M\
\x18vZ\xcf\x1bh\xdd\xbcy\x17}O\x80\x89\x81$\
e\x02\x91\x84e\x91,ZY\xa93\xc5\xe2\xb4\x81\xf5\
\xdfj\x0e\x7f\xfdr\x95\xb3^\xa34\xd1\x95Q{\xfb\
\x0c9_.\xdb\xd5\xd2\xee&\xa4\xe5\x9d&\xcd\xaf\xf6\
W\xa9\x92\xa6\x5c\xf6\xdf_a\x897\xe8\xc3\x02\x00\x18\
\x97\x86\x92\x8f\xb8*\xa2[\xef\xab\x98\xc8\x9es\xbdr\
2\xb2\xd6\x0c8=g\xedy\xe3\xd9\xd0_\xbc\xe4\xd4\
P\x92\x12\x1d\xb755\xa5\xcc\xbf>z\xd0\x95\xc7\x95\
\x93\xd3\xb2\xe8\xa4\x8d\xaf\x92\x98\x00\x13\x037\xa8\x13\xd0\
Hu\xc5\x95J\xd7\x9b0\x9cn<IR\x82\xa0\xb2\
\xf7\x0f\xbf<'xeO\x854\xbf\x0d.\x1e\xf5\xcb\
\xd5\xcavR\xb6k\xe5C\x09i\xc4\xd3TX\x00\x00\
\x13A\x9c\xa48\xd7/\xb7*\x91\xe4%9MJ\xe4\
\xb0VLt\xff\xac\xc4\xb4H\x8e\x9d\x958\x17:\xeb\
\xbalm]P\xf3\xab\x9f\x9f\xf0*+K\x12\x1b\x8f\
\x1b\xe7\xe76m~v\x07}N\x80\x89\x89$e\x02\
\x8b\xa2h\x89\xac\xead\xa97\xc5bE\xdf\x1f\xfc\xf1\
\xf4\xe0\xe5W*\xfcE\x0b\x16H\xe2R\xe6<_\xce\
E\xc9\xa8\xbd}\xba\x8b\xb4c\xbd\xcbXk$Iy\
\xb7\xc2\x926\xce\xca\xfep\x85\xe5\x83\x7f\x0fV\xf7\xe9\
\xd3\x02\x00\x18}q\x12\xf2^\xa5d$\x89\x88\xd7\xef\
UL4)\x91\x08f\xed\x80\xae\x9d\xb1=\xb2\xed\xbc\
\xc5\xcd\xefh\x92\x22\x11\xea\x8c\x0d])\xec8r\xd4\
\xd4\xd7\x07\xd3w\xbe\xd8\xe5\xca\xcb\xa9\x9c\x00\x93\x007\
\x9e\x93\xc0HeE\xf3\x89\xd6\x8d\x1b\xbd\xbbn\xbdu\
\xb5K\xa5\xeaLd\x1bLPH\x9d\xbf\xe3\xf7g\x85\
\x87\x0e\xa5\xa4\x99\x9e\xe1\xacM\xca\xc5uZY\x91\xc6\
^g\xb2\xd7\x0aK\x95\xecK\x22be\xdb\xc8en\
\xe8u0'\xfbq\xac0\xd5$)\x00\x80\xd1\xa4\x19\
\x8a\xe4!\x03\x12\xc2$\x09q%=&\x01\xa8(\x07\
#\x098z<\x94\xf3\xe7$F\x85\x12\x97\xce\xc9\xd5\
\xda9\xbe\xcb\xa4Razw\xdb)o\xda\xb40\x91\
HtI\xfc\xca\xb5}\xe7;[oji\x09e;\
\xfe\xdd$&\xc0\xc4\xc7\x8d\xe7$\x14E\xd1\xb5\xb2\xaa\
\x91%cr\xb9T\xef\x9d_\xaa\x09\xf6\xef/\xf3W\
\x5c\xddl=/%\xad\xf7t\x1b\x85\x89`\xef\xfez\
\x17i\x92b\xaa%Zx\xd2\xa6'\xb5i\xd7m\x8d\
\x1d\x12(\xcad[\xdaz\xf9=\xfa\xb7\xe2\x8c&-\
\x1aX\xf8\xbb\x01\x00\x5c4\x09\x1e\xc3Y\x84\xd1j\x87\
\xee\xf5\xc6I\x893\x059\xa8)\x86\xce\xfa.\x91\xc7\
\xf4J\xbc\x8a\x12+?qF\xb6C\xe7\xa23&2\
A\xb0\xff\xc0a\x93*\x8f\xd2\xbb_<\xe3g2\x91\
$)\xdd\xce\xb9BKK\xcb\x7f\xca\x12\xf7[\x010\
9p\xb39I\xbd[]Q\xc3\x15\x96;\xd7\xac\xb9\
\xd9$\x93i\x09\x073L1\x97<\x7f\xf3\xda\xd9\xe1\
\xa9S\x9a\x98\xd4JhH\xc4I\x89^\xfd^\x05%\
\xad\x15\x16\x89\x16\xf5\xf2\x1b\xb5\x0f\x8b\xeck\xd2\xc2\x5c\
,\x00\x80K04\xb1\xa2\x93\xb0\xa4\x1d\xdeC\x09T\
q\xa5D\x0e\xf5\xcbQ\x1dVxPb\x8d\xf659\
\xa7\x15\x93\xda\xffx\xfe-\xafq\x96VH\xb4bR\
\xda\xf3\xd8c\xcf]\xff\xd5\xaf\x06\xb2=\xfc\x0b\x87P\
9\x01&\x1f\x92\x94)B\x93\x16Y\xae\x93\xcd*Y\
j\xcc\xc0@\xa2\xf7\xf6u\xb5Agg*\xb9b\xf9\
|\xe3\xe9\xe8_&%\xe7\xe4o\xc2\x93$DR\x16\
\xcf\xcb\xd8 \xf0\x82\xd7\xf6\xce0Q\xe4IT\xc9\x0c\
%)N\xaf\x03\x00\xe0\xa2H(\xd2\xd7\xba\xb4R\xd2\
/\x89J\x90\xb8v\xd5Y\x97\xf4\x03\x1bF}\x12\x83\
B\x09TY9\x1d\x94^\xdf{\x5c\x93\x94\x9am\xff\
~\xce_\xb80\x94\xc0\xd3#\x9f\x0bZ[[w\xad\
[\xb7n\xa8\x1f\x0b\x80I\x8d$e\x0a\xd3\xc4E\x1a\
|\xef\xce\xb5ko2\x89\x84\xce\xb7\xa2\x15\x12+i\
\x88&!\xda/\xa5.\x1a\x1c\xf4{\xae\xffT\x93\xc9\
\xe7\xb5\xcf\xcatM^$\x90\x94\xcb9\x00\x00.\x8a\
\xf69\x91(\x13I\xf8\xe91\xbe_\xca<\xfflW\
b\xc9\x12M\x5c\xbae\xd1$ePbL\xd0\xb6c\
\xc7/nZ\xbdZ_\xfd\xd2\x1b\x15\xaa$\xc0\x14D\
\x922\xc5\x0dWXV\xca\xe64km<\xca\x97\xec\
\xc7\xc9\x8a\xa8v\xfd\xfd\xde\xb9\xeb?]o\x5c\xe4'\
\x97/[(\x7f1\x9eD\x0b}-\x0c\x00\x80\x8b\x12\
')\xc6F\xc1\xbe\x03\x9d\xce\x85\xa5\xdagZ{\xbc\
k?\xa1I\xca\x80,Z!\xc9\xebz\xdb\xb6m\xaf\
\xaeY\xb3&NR\x00LM$)\xf8\x7fi\x22\xb3\
}\xc3v\xff\xb3\xdf\xfc\xcc\x17dW\x13\x19\xfa\xa4\x00\
\x00.\x85v\x98\x8f^\xdb\xb1\xe3W\xabV\xaf\xee\xd5\
\x03TJ\x00|\x18\x92\x14\x5c\x90\xf5\xeb\xd7{w\xdf\
}\xf7u\xd6Z/\x8a\x22MT\xf8\xdb\x01\x00\x5c\x14\
\xdf\xf7C\x89!Q{{\xfb\x81\xdbo\xbf=;|\
\x18\x00\x00\x00\x00\x00\x00\x00\x00\x00\x00\x00\x00\x00\x00\x00\
\x00\x00\x00\x00\x00\x00\x00\x00\x00\x00\x00\x00\x00\x00\x00\x00\
\x00\x00\x00\x00\x00\x00\x00\x00\x00\x00\x00\x00\x00\x00\x00\x00\
\x00\x00\x00\x00\x00\x00\x00\x00\x00\x00\x00\x00\x00\x00\x00\x00\
\x00\x00\x00\x00\x00\x00\x00\x00\x00\x00\x00\x00\x00\x00\x00\x00\
\x00\x00\x00\x00\x00\x00\x00\x00\x00\x00\x00\x00\x00\x00\x00\x00\
\x00\x00\x00\x00\x00\x00\x00\x00\x00\x00\x00\x00\x00\x00\x00\x00\
\x00\x00\x00\x00\x00\x00\x00\x00\x00\x00\x00\x00\x00\x00\x00\x00\
\x00\x00\x00\x00\x00\x00\x00\x00\x00\x00\x00\x00\x00\x00\x00\x00\
\x00\x00\x00\x00\x00\x00\x00\x00\x00\x00\x00\x00\x00\x00\x00\x00\
\x00\x00\x00\x00\x00\x00\x00\x00\x00\x00\x00\x00\x00\x00\x00\x00\
\x00\x00\x00\x00\x00\x00\x00\x00\x00\x00\x00\x00\x00\x00S\x8a\
1\xff\x03py\xf1\xed&\xb7?\xea\x00\x00\x00\x00I\
END\xaeB`\x82\
\x00\x00\x176\
\x89\
PNG\x0d\x0a\x1a\x0a\x00\x00\x00\x0dIHDR\x00\
\x00\x02\x00\x00\x00\x02\x00\x08\x06\x00\x00\x00\xf4x\xd4\xfa\
\x00\x00\x00\x01sRGB\x00\xae\xce\x1c\xe9\x00\x00\x00\
\x04gAMA\x00\x00\xb1\x8f\x0b\xfca\x05\x00\x00\x00\
\x09pHYs\x00\x00\x0e\xc3\x00\x00\x0e\xc3\x01\xc7o\
\xa8d\x00\x00\x16\xcbIDATx^\xed\xddK\xab\
\x1c\xd7\x92\x06P_#\x81\x04\x16t\x83\xef\xccC\xff\
\xff_\xe4\xa1\x87\x82nh\x83\x04\x12\xb8\xb3neY\
\xe7Y'\x1f\xfb\x15;\xd6\x02Su\xa6\xae\x1d\x11_\
Ff\x95~\x02\x00\x00\x00\x00\x00\x00\x00\x00\x00\x00\x00\
\x00\x00\x00\x00\x00\x00\x00\x00\x1a\xfa\xd7\xfa\x0a\x9c\xf4\xf9\
\xb7\xdf\xff^\xdf6\xf3\xeb\x9f\x7f\xa8a\xe0\x10\xcd\x03\
\xee\xe81\xd4k\x11\x16\x80\x874\x04\xd2\x9bi\xc8\x9f\
! @.\x0a\x9e4\x0c\xfa\xfd\x84\x02\x98\x97\xe2f\
J\x86}]\x82\x01\xc4\xa7\x88\x09\xcf\xb0\xefO \x80\
x\x14-\xe1\x18\xf8\xe3\x13\x08`|\x8a\x94\xe1\x19\xf8\
\xf1\x09\x040\x1eE\xc9\x90\x0c\xfd\xb9\x09\x04\xd0\x9f\x22\
d\x08\x06~^\xc2\x00\xf4\xa1\xf0\xe8\xc6\xd0\xe7)a\
\x00\xdaQl4e\xe8\xb3\x950\x00u)0\xaa3\
\xf49K\x18\x80\xf2\x14\x15\xd5\x18\xfc\xd4 \x0c@\x19\
\x0a\x89\xa2\x0c}Z\x11\x04\xe0\x1c\x05D\x11\x06?=\
\x09\x03\xb0\x9f\xa2\xe10C\x9f\xd1\x08\x02\xb0\x9dba\
7\x83\x9f\x08\x84\x01\xb8O\x81\xb0\x89\xa1OT\x82\x00\
\xbcLap\x97\xc1\xcf,\x04\x01xLA\xf0\x22\x83\
\x9fY-A\xe0\xfd\xf2\xf2\xfd\xfa\x17\xe4%\x00\xf0\x88\
\xc1O&\xb6\x02d\xe6\xf0\xf3\x1f\x06?Y\xd9\x08\x90\
\x95\x00\x90\x9c\xc1\x0fW\x82\x00\xd9\x08\x00I\x19\xfc\xf0\
2\xb7\x05\xc8\xc2AO\xc6\xe0\x87m\x04\x01f\xe7\x80\
'a\xf0\xc31n\x0d0+\x01`r\x06?\x94a\
#\xc0l\x1c\xe8\x89\x19\xfeP\x9e \xc0,\x1c\xe4\x09\
\x19\xfcP\xd7\x12\x02>./_\xaf\x7fAL\x02\xc0\
D\x0c~h\xcb6\x80\xc8\x1c\xdeI\x18\xfe\xd0\x8f \
@D\x0emp\x06?\x8c\xc1m\x01\xa2\x11\x00\x822\
\xf8aL\xb6\x01D\xe1\xa0\x06d\xf8\xc3\xf8\x04\x01F\
\xe7\x80\x06b\xf0C,B\x00#s8\x830\xfc!\
.A\x80\x119\x94\x833\xf8a\x0eB\x00\xa3\xf9y\
}e@\x86?\xccc\xad\xe7w\xd7\xbf\xa0?\x89t\
L\xef\x96f\xf1m}\x0fL\xc66\x80\x118\x84\x83\
q\xd5\x0f9,!\xc0\xbf2HW\x02\xc0@\x0c\x7f\
\xc8\xc76\x80^\x1c\xbc\x01\x18\xfc\x90\x9b\x10@\x0f\x1e\
\x02\xec\xcc\xf0\x07\xd6>\xf0\xe1\xfa\x17\xb4!uvd\
\xf8\x03O\xd9\x06\xd0\x8a\x0d@\x1f\x1f\x0c\x7f\xe0%z\
\x03\xadH\x9a\x8d)n`\x0b\x9b\x00j\xb3\x01h\xc8\
\xf0\x07\xb6Z\xfb\xc5/\xd7\xbf\xa0<\x09\xb3\x0d?\xec\
\x03\x1cf\x1b@\x0d\x0eUe\xae\xfa\x81\x12\x84\x00J\
s\xa0*2\xfc\x81\x92\x84\x00J\xf2\x0c@%\x86?\
P\xda\xdaW\xfc\x83B\x14!\x00T`\xf8\x03\xb5,\
\xfd\xe5\xf2<\x91\x1f\x0d\xe24\xeb\xa4\xc2\x0c\x7f\xa0\x15\
\xb7\x048\xc3\xe1)\xc8\xf0\x07Z\x13\x028\xca-\x80\
2\xfc\xb2\x1f\xd0\x85\xde\xc3Q\x02\xc0y\xff\xb5\x14\xe0\
\x97\xf5=@sB\x00GX\x1d\x9d\xa0\xe8\x80\x91\xb8\
\x1d\xc0\x1e\x0e\xcbA\x86?0\x22!\x80\xad\x1c\x94\x03\
\x0c\x7f`dB\x00[x\x06`'\xc3\x1f\x18\xdd\xda\
\xa7\xfc`\x10wI\x89;\x18\xfe@$\xbf\xfe\xf9\xc7\
\xfb\xe5\xe5\xfb\xf5/xL\x00\xd8\xc8\xf0\x07\x22\x12\x02\
x\x8d\x00\xb0\x81\xe1\xcf[z\xdesu>y\x8b\x10\
\xc0K\x04\x807h\xae\x5cD~\xa8\xca\x19\xe6B\x08\
\xe0)\x01\xe0\x0e\x8d3\xa7\xc8\xc3~\x0f\xe7;\x9f,\
g\x9bm\x1c\x86Wh\x8e9h\x88?8\xf398\
\xf3\xdc8\x08/\xd0\x08\xe7\xa5\xf9\xed\xa3\x16\xe6\xa4\x0e\
\xb8p\x08\x9e\xd0\xf0\xe6\xa2\xd1\x95\xa36\xe6\xa26p\
\x00\x1e\xbb\xfc\xc3>\xff\xb3\xbe'(\x8d\xad\x0d\x81 \
>\xb5\x92\x9b\x0f\xff\x07\xc3?0\x8d\xac/a .\
\xb5\x93\x97\x0f\xfe\xea\xf2\xef\xf9\xfb'}\x03Y\x9a\x96\
\xaf4\x0dJ\x18\x88G\x08\xc8\xc9\x87\xbe\xd0\xb0\xe2\xd0\
\xa8bQ[q\xa8\xad|\xd2\x7f\xe0\x1a\xd4\xf84\xa6\
\xf8\xd4Y\x0cj-\x97\xd4\x1f\xb6\xa646\xcdhN\
\xean\x5cK\xcd}Z^\xfe\xba\xfe\xc5\xec\xd26X\
MhL\x86~\x1ejpLB@\x1e)\x9b\xad\xc6\
3\x1e\x83?/\xf58\x9e\xa5\x1e=d\x9b@\xba\xa6\
\xab\xd9\x8c\xc5\xe0\xe7!\xf59\x0e\xb59\xbfl\x1f\xb0\
\xef\xfa\x0fBs\xe1\x1eA`\x0c\xeatn\x99>\xdc\
wKS\xf9\xb6\xbe\xa7\x13\x0d\x85=\x04\x81\xfe\xd4\xec\
\xbc\xd2|\xb0\x1aI_\x9a\x08g\xa8\xdf\xbe\xd4\xef\x9c\
~^_\xa7\xa6y\xf4si\x1c\x9a\x07g9C\xdd\
\xbd[_\x99\xc8\xf4Ee\xf8\xf7\xb14lO\x11S\
\x85\x9a\xeeC\x08\x9b\xcf\xec\x1b\x80\x0f\xeb+\x0d\xad\x8d\
\xc2\xf0\xa7\x8a\xcb\xf92\x8c\xda\x13\xbc\xe63u\x119\
\xb0mi\xcat\xe0\xe1\xde\xc6\xd4\xf9<\xa6\xdd\x00\x18\
\xfe\xed,\x0d\xe1\xbd\xa6@'\xdf\x9d\xbd\xe6~Y_\
\x09n\xca\xc21\xfc\xdb\xd1|\x19\x89\xdaoC\xdd\xcf\
a\xba\x0fQ\x03hC\x03`Tz@\x1bz@|\
\x02\x00\xbb)|\x22\xd0\x0b\xea\xd3\x0bb\x9b\xea\x19\x00\
\x05_\xd7\xa5\xd8\x15<Q8\xabM\xf8}\x80\xc0\xa6\
)\x10\xc3\xbf.\xcd\x94\xc8\xf4\x87z\xf4\x86\xb8f\xd9\
\x00H\xa1\x95\xb8\xeag\x06\xcep=\xc2U\x5cS\x14\
\x85\x03X\x87\xa6\xc9\x84\xfcn@%\xfaE<\xe17\
\x00\x86\x7fyK!\x7fR\xccL\xca\xef\x06\xc0*t\
!\x18\xfe\xe5-\xcd\xd1o\xf8\x93\x82\xfeQ\x9ep\x15\
\xcb\xec\xff\x16\x00;\xac\xc5k\xf8\x93\xc2\xe5\xbc/\xff\
}\x5c\xff\xa4\x00\xa1*\x96\xb0\x01\xc0A+Kr'\
\xa9\xaf\xce>Y\x85<\xf8\x86\x7f9K\xf3\xb3\xf2\x87\
\x85\xbeR\x8eP\x15\x83[\x00\x89\xadEj\xf8\xc3\xc2\
\xd0*G\x98\x8a!\x5c\x00p\xb0\xca\xd0\xec\xe09u\
A&\xa1\x0e\xbb\xe1_\x86&\x07o\xd3o\xce\xd3k\
\xc6\xe6\x16@2\x0a\x12\xb6Q+\xe7\x09Qc\x0b\x13\
\x00\x1c\xa4\xf344\xd8G\xcd03\x1b\x80\x04\x96&\
\xf6o\x8d\x0c\x8eQ;\xe7\xb8x\x1bW\x88\x00\xe0\x00\
\x1d\xb74\xaf\xff^^>_\xff\x02\x8e\x10\x02N\xf3\
\x0f\xb6\x0dh\xf8Cm\xf8\x1f\xb74\xadO\xcb\xcb_\
\xd7\xbf\x80\xb3\xf4\xa3\xe3\x84\xa8\xf1\xb8\x050\xa9\xf5\xca\
\xdf\xf0\x87\x82\x0c\xb1\xe3\x84\xa7\xf1\x0c\x1d\x00\x1c\x98c\
\xd6+\xff\xff\xbd\xfe\x05\x94$\x040\x0b\x1b\x80\xc9\xb8\
\xf2\x87\xfa\x84\x80c\x5c\xd4\x8de\xd8\x00\xe0\xa0\xec\xe7\
\xca\x1f\xda\x11\x02\x88n\xc8\x00`\xf8\xef\xe7\xca\x1f\xda\
\x13\x02\xf6\xd3\xdf\xc7\xe1\x16\xc0\x04\x96&\xf4\xef\xe5\xc5\
\x95?t \x04\xec'\x04\x8ca\xb8\x00\xe0`\x1c\xe2\
{\xfe\xd0\x91\x10@D6\x00\xc1i<0\x06\xb5\xb8\
\x8f\x8b\xbd\xfe\x86\x0a\x00\x0e\xc4>\x1a\x0e\x8ce\xa9\xc9\
\x8f\xeb[\x18\x9e\x0d@P\x86?\x0c\xe9\xebR\x9b\x97\
o\xe3\xb0\x81\x8b\xbe\xbe\x86\x09\x00\x0e\xc2v\x86?\x0c\
\xcd\xb7q\x08\xc1\x06 \x18\xc3\x1f\xc6\xa7N\xb7s\xf1\
\xd7\xcf\x10\x01\xc0\x01\xd8fi*\xef\xd7\xb7\xc0\xe0\x84\
\x00Fg\x03\x10\xcb\xf7\xf5\x15\x08@\x08\xd8\xc6E`\
\x1f\xdd\x03\x80\x0f~\x1b\x8d\x04bR\xbb\x8c\xca\x06 \
\x00\x0d\x04\x98\x9d\x8b\xc1\xf6\xba\x06\x00\x1f\xf8\xdb\x96\xe1\
\xef\xbe?\x04'\xc43\x22\x1b\x80\x81-M\xe3\xf2\x0f\
\xfc\xb8\xef\x0f\x13\x10\x02\xde\xe6\xa2\xb0\xadn\x01\xc0\x07\
\xbd\x89\x7f\xe0\x07&\x22\x040\x12\x1b\x80Ai\x140\
\xa7\xa5\xb6\xfdR\xe0\x1d.\x0e\xdb\xe9\x12\x00|\xc0\xf7\
\x19\xfe05\xbf\x14\xc8\x10l\x00\x00\x1a\x13\xf2\xefs\
\x91\xd8F\xf3\x00\xe0\x83\xbdOc\x80\x1c\x96Z\xf7\x0d\
\x1f\xba\xb2\x01\x18\x88\xe1\x0f\xa9\xf8\x86\xcf}\xef\xd6W\
*i\x1a\x00\x5c\xfd\x03\xfc \xf4\xbfn\x99\x17\xdf\xd6\
\xb7Tb\x030\x08\x8d\x00rR\xfb\xf4\x22\x00\x0c@\
\x03\x00x\xce\xd6\xb8\xaef\x01\xc0\x07\x09\xf02\x17\x01\
\xf4`\x03\xd0\x99\xc2\x07.\x96^\xf0q}\xcb\x03.\
\x1e\xebi\x12\x00|\x80/[\x0a\xde\xd7\x80\x80\x9b\xaf\
\xeb+4a\x03\xd0\x97\xaf\x01\x01\xff\xb0\x11\xa4%\x01\
\xa0\x13\x85\x0e\xb0\x8d-r\x1d\xd5\x03\x80\x0f\x0e`;\
\x17\x07\xb4b\x03\xd0\x81\x02\x07\xee\xf1|\xd0s.&\
\xcb\x13\x00\x1aS\xd8\xc0\x06\x9e\x0f\xa2\xba\xaa\x01@b\
{\x91\xc2\x06\xdedSHm6\x00\x0d)h\x80\xe3\
\x5cT\x96U-\x00\xf8\xa0\x00\xceq\xd1@M6\x00\
\x8d(d\x00F\x22\x00\x00\x0c\xcc\xc5\xc3c\xb6\xcb\xe5\
T\x09\x00>\xa0\xc7\x140\x00\xa3\xb1\x01\x00\x18\x9c\x8b\
\x08j\x10\x00*S\xb8\x00e\xd92\x97Q<\x00\xf8\
`\x00\xcas1Ai6\x00\x15)X\x00F%\x00\
\x00\x04\xe1\xa2\xe2\x07\xdb\xe6\xf3\x8a\x06\x00\x1f\xc8\x0f\x0a\
\x15\x80\x91\xd9\x00\x00\x04\xe2\xe2\x82R\x04\x80\x0a\x14(\
@}\xb6\xce\xe7\x08\x00\x00\x90P\xb1\x00 \x89\x01\xb4\
a\xcbH\x096\x00\x85)L\x00\x22\x10\x00\x00\x02r\
\xb1qe\xfb|\x5c\x91\x00\xe0\x03\xb8R\x90\x00Da\
\x03\x00\x00\x09\x09\x00\x00A\xd9:^\xd9B\x1f#\x00\
\x14\xa2\x10\x01\x88\xe4t\x00\x90\xbc\x00\xfaq\xf1\xc1Q\
6\x00\x05,\x05\xf8~}\x0b\x00!\x08\x00e|_\
_\x01\xe8\xc06z?\x01\x00 8\xb7\x018\xe2T\
\x00\x90\xb8\x00 &\x1b\x80\x93$o\x00\x22\x12\x00\x00\
&\xe0b\x84\xbd\x04\x00\x00\xa6\xe0\xb6\xf4>\x02\xc0\x09\
\x127\x00Q\x1d\x0e\x00\x92\x16\x00\xc4e\x03\x000\x09\
[I\xf6\x10\x00\x0eRh\x00D&\x00\x000\x0d\xb7\
\xa7\xb7\x13\x00\x00&b;\xc9V\x87\x02\x80\x84\x05\x00\
\xb1\xd9\x00\x1c a\x03\x10\x9d\x00\x00\x00\x09\x09\x00\x00\
\x93\xc9\xbe\xa5t\x9bz\x1b\x01\x00\x00\x12\x12\x00vr\
\xff\x1f\x80\x19\xec\x0e\x00V+\x00\x10\x9f\x0d\x00\x00$\
$\x00\x00L\xc8\xedJ\xde\x22\x00\x00@B\x02\xc0\x0e\
\x125@\x0c\x9eW{\x9b\x00\x00\x00\x09\x09\x00\x00\x90\
\xd0\xae\x00`\xa5\x02\x10\x87\xdb\x96\xdcc\x03\x00\x00\x09\
\x09\x00\x1bI\xd2\x00\xccD\x00\x00\x80\x84\x04\x00\x00H\
H\x00\x00\x80\x84\x04\x00\x00\xa6\xe4\x9bk\xf7\x09\x00\x00\
\x13\xf3\x003\xaf\x11\x00\x00 !\x01\x00\x00\x12\x12\x00\
6\xb0B\x03`6\x9b\x03\x80\x87)\x00`\x1e6\x00\
\x00\x90\x90\x00\x00\x00\x09\x09\x00\x00\x90\x90\x00\x00\x00\x09\
\x09\x00\x00\x90\x90\x00\x00\x00\x09\x09\x00\x00\x90\x90\x00\x00\
\x00\x09\x09\x00\x00\x90\x90\x00\x0009?g\xceK\x04\
\x00\x00HH\x00\x00\x80\x84\x04\x00\x00HH\x00\x00\x80\
\x84\x04\x00\x00HH\x00\x00\x80\x84\x04\x00\x00HH\x00\
\x00\x80\x84\x04\x00\x00HH\x00\x00\x80\x84\x04\x00\x80\xc9\
}\xfe\xed\xf7\xbf\xd7\xb7\xf0\x0f\x01\x00\x00\x12\x12\x00\x00\
 !\x01\x00\x00\x12\x12\x00\x00 !\x01\x00\x00\x12\x12\
\x00\x00 !\x01\x00\x00\x12\x12\x00\x00 \xa1\xcd\x01\xe0\
\xd7?\xff\xf8\xd7\xfa6\x1d?\xa2\x01\xc0ll\x00\x00\
 !\x01\x00\x00\x12\x12\x00\x00 !\x01\x00`b\x99\
\x9fa\xca\xfc\xec\xda\x16\x02\x00\x00$$\x00\x00@B\
\x02\x00\x00$$\x00l\xe4\xb7\x00\x00\x98\x89\x00\x00\x00\
\x09\xed\x0a\x00\x9e\xa8\x04\x809\xd8\x00\x00L\xca\xadK\
\xee\x11\x00\x00 !\x01\x00\x80\xe9\xb8e\xfd6\x01`\
\x07\xeb4\x00f!\x00\x00@B\x02\x00\xc0\x84l,\
y\x8b\x00\x00\x00\x09\xed\x0e\x00\xd9\x1f\xac\x90\xaa\x01\x98\
\x81\x0d\x00\x00$$\x00\x00L&\xfb\xa6\xd2W\x00\xb7\
\x11\x00\x00 !\x01\xe0\x00\xcf\x01\x00\x10\xdd\xa1\x00`\
\xbd\x02\x00\xb1\xd9\x00\x00L\xc4\x86\x92\xad\x04\x00\x00\xa6\
aC\xbd\x9d\x00p\x90\x94\x0d@d\x02\x00\x00$$\
\x00\x00L\xc2f\x92=\x0e\x07\x00\xf7Y\x00 .\x1b\
\x80\x13\xa4m\x80q\xb80\xddG\x00\x00\x98\x80\x0b\x12\
\xf6\x12\x00\x00 \xa1S\x01\xc0\xbaE\xea\x06 &\x1b\
\x00\x80\xe0\x5c\x88\xb8 =B\x00\x00\x80\x84\x04\x80\x02\
\xa4o\x00\xa29\x1d\x00\xac]\x00\xfaq\x01\xc2Q6\
\x00\x00\x84\xe6B\xf4\x18\x01\xa0\x10)\x1c\x80H\x04\x00\
\x80\xa0\x5cxpF\x91\x00`\xfdr\xa5\x18\x01\x88\xc2\
\x06\x00  \x17\x1cW.@\x8f\x13\x00\x00 !\x01\
\xa00\xa9\x1c\x80\x08\x8a\x05\x00k\x18\x806\x5ch\x5c\
\x99;\xe7\xd8\x00T\xa08\x01\x18\x9d\x00\x00\x10\x88\x0b\
\x0cJ)\x1a\x00\xacc~P\xa4\x00\xf5\x987\xe7\xd9\
\x00\x00\x04\xe1\xc2\x82\x92\x04\x80\x8a\x14+\x00\xa3*\x1e\
\x00\xace\x00\xcasAAi6\x00\x00\x84\xe2B\xb3\
\x0c\x01\xa02\xa9\x1d8K\x1f\xa1\x86*\x01@:{\
\xe6\xdd\xfa\x0a\x00C\xb0\x01h`I\xef\xdf\xd6\xb7\x00\
\xbb\xb8\xfa\x7f\xcc\x05f9\x02@#\x8a\x18\x80\x91T\
\x0b\x00R\x1a\xc09.\x1c\x1e3W\xca\xb2\x01hH\
1\x030\x0a\x01\x00`@.\x18\xa8\xadj\x00\xb0\xae\
yNQ\x03\xecg\x9e\x94g\x03\x000\x18\x17\x0a\xb4\
P=\x00Hm\xcf)n\xe0\x0e\xbf\x1bB\x136\x00\
\x9d\x08\x01\xc0K\x96\xde\xe0wC\x9ep!Y\x87\x00\
\x000\x08\x17\x06\xb4\xd4$\x00Ho/S\xec\x00\xf7\
\x99\x1f\xf5\xd8\x00\xf4\xe7~\x1f\xe0\x82\x80\xe6\x9a\x05\x00\
)\xeee\xee\xf7\x01\x8b\x0f\xeb+4c\x030\x00\xc9\
\x1fr[z\xc0\x97\xf5-\x0f\xb8p\xacK\x00\x00\xe8\
\xc8\x05\x00\xbd4\x0d\x00\xd2\xdc\xeb4\x01\x80\x1f\xcc\x8b\
\xfal\x00\x06\x22\x04@.j\x9e\x9e\x9a\x07\x00\xa9\x0e\
\xc0\xf0\xbf\xc7\x9ch\xc3\x06`0\x9a\x02\xccO\x9d3\
\x82.\x01@\xba\xbbOs\x00\xb22\x1f\xda\xb1\x01\x18\
\x97\xef\x05\xc3\x84\x04|F\xd15i)\x84\xfb$a\
\x98\x8b\x9ew\xdf\xd2\xf3\xde//\xdf\xaf\x7fQ\x9b\x0d\
\xc0\xc04\x0b\x98\x8a\xad\xde\xdb\x0c\xff\x86\x04\x80\xc1\x09\
\x010\x87\xa5\x96\xfd\xda\xdf\x1d\xeb\xd5?\x0du\x0d\x00\
V\xdc\x9b\xfd\xb2\xbe\x02\x01\x09\xf2\x9b\xb8\xfao\xcc\x06\
 \x80\xa5y\xfc\xdf\xfa\x16\x08\xc6\xf0\x7f\x9b\xab\xff>\
\xba\x07\x00[\x80m4\x11\x88G\xddn\xe6\xea\xbf\x03\
\x1b\x80@4\x13\x08\xc5C\x7f\x1b\xb8\xfa\xefg\x88\x00\
`\x0b\xb0\x9d\x10\x001,\xb5\xea\xa1\xbfm\x5c\xfdw\
2\xcc\x06@\x08\xd8N\x08\x80\xb1\xa9\xd1m\x5c\xfd\xf7\
\xe5\x16@P\x1a\x0c\x8cIm\xee\xe2\xea\xbf\xa3\xa1\x02\
\x80-\xc0n\xef\xd6W`\x00\x86\xffv\xfa}\x7f6\
\x00\x81-\xcd\xe6\xdb\xfa\x16\xe8\xcc\xf0'\x9a!\x13\x98\
B\xdaG\x92\x86\xbe\xf4\xac}\xf4\xac1\xd8\x00L@\
\xf3\x81~\xd4\x1fQ\x0d\x9b\xc2\x14\xd5~R5\xb4\xa5\
O\xed\xa7O\x8d\xc3\x06`\x22\x9a\x11\xb4\xa3\xde\x88n\
\xe8$\xa6\xc0\x8e\x91\xb0\xa1.\xbd\xe9\x18\xbdi,C\
o\x00\x96\xc3\xe2G\x22\x0e\xd0\x9c\xa0\x1e\xf5u\x8c\xe1\
?\x9e\xd1o\x01\xf8\x91\x88\x834)(O]1\x93\
\x10\x89L\xd1\x1d'uC\x19\xfa\xd0q\xfa\xd0\x98<\
\x0489M\x0b\xceSG\xcc(L*S\x80\xe7H\
\xe0p\x8c\xdes\x8e\xde3\xae0\x1b\x80\xe5\x10y \
\xf0\x84\xb5\x89\xf9\xb7\x03`\x07\xc3\xff\x1c\xc3\x7fl\x91\
n\x01x \xf0\xa4\xa5\x99]\xfe\xed\x80\x0f\xd7\xbf\x80\
{\x0c\x7ff\x17\xea\x19\x00i\xf2\xbc\xa5\xa9}Y^\
~\xbd\xfe\x05\xbc\xc4\xf0?\xcf\xd6v|\xe1\x06\xaa\xc2\
,G\xa0\x82\xe7\xf4\x98r\xd6\x10`{;\xa8p\xdf\
\x020\xb4\xca\xd1\xe8\xe0\x91\x0fj\xa2\xac\xe5\xff\xe7\xe5\
\xb6\xa3g\x8f\x06\x15v\x98*\xd4r\x84*\xb2\xd3O\
\xea\xb2\x09\x18S\xd8\xdf\x01X\x0e\xd4\xa7\xf5-'i\
~d\xe6\xfc\xd7g\x130\xa6\xd0W~\x0a\xb7<\xdb\
\x002\xd1C\xda\xb2\x09\x18K\xd8\x0d\xc0\x85aU\x9e\
\x86H\x12\xee\xf7w`\x130\x96\xf0\x03T\x11\xd7!\
\x5c1+=\xa3?\x9b\x801L\xd1\xe4\x15t=\x82\
\x003\xd1+\xc6!\x04\xf47MsW\xd8\xf5\x08\x01\
D\xa7?\x8cI\x08\xe8k\xa6\xc6\xfen)\xf2\xcb\xfd\
%*\x11\x04\x88\xc8\xf0\x1f\x9b\x10\xd0\xcfT\x0d]\xa1\
\xd7'\x04\x10\x85~\x10\x87\x10\xd0\xc7t\xcd\x5c\xd1\xb7\
!\x0802} \x1e!\xa0\xbd)\x9b\xb8\xe2oC\
\x08`4j?6!\xa0\xadY\x1b\xb8\xe7\x01\x1a\x12\
\x04\x18\x81\xe1?\x07!\xa0\x9di\x1b\xb7f\xd0\x96\x10\
@/j}>B@\x1bS7m\x8d\xa1=A\x80\
\x86l\xfa&&\x04\xd47}\xb3\x16\x02\xfa\x10\x04\xa8\
I]\xe7 \x04\xd4\x95\xa2Ik\x16}\x08\x01\x94\xa6\
\x96\xf3\x11\x02\xea\xc9\xd2\xa0/\xff\xf0\xc7\x97\xf5=\x8d\
\x09\x02\x9ce\xf0\xe7&\x04\xd4\x91\xa61k \xfd\x09\
\x02\xec\xa5n\xb9\x11\x02\xcaK\xd5\x905\x931\x08\x02\
\xbcE\xad\xf2\x12!\xa0\xact\x8dXc\x19\x87 \xc0\
S\xea\x93\xb7\x08\x01\xe5\xa4l\xc0\x9a\xccX\x04\x01\xd4\
${\x08\x01e\xa4m\xbc\x1a\xcex\x04\x81|\xd4!\
G\x09\x01\xe7en\xb8\xbe\x1900a`n\x06?\
%\x08\x01\xe7\xa4n\xb2\x9a\xd0\xf8\x04\x81y\xa87j\
\x10\x02\x8eK\xdf\x5c5\xa58\x84\x81\x98\xd4\x18\xb5\x09\
\x01\xc7h\xa8\x0b\x0d*\x1ea`lj\x8a\xd6\x84\x80\
\xfd4\xd1\x95\x86\x15\x93 0\x0e5DoB\xc0>\
\x9a\xe7\x03\x1aXl\xc2@{j\x86\xd1\x08\x01\xdbi\
\x98Ohh\xf3\x10\x08\xeaP#\x8cN\x08\xd8F\x83\
|\x81\x067\x1fa\xe08\xf5@DB\xc0\xdb4\xc5\
Whzs\x13\x08^\xe7\xec3\x0b!\xe0>M\xf0\
\x0e\x8d0\x97\xac\xa1\xc09gfB\xc0\xeb\x04\x807\
h\x8e\xb9\xcd\x14\x0a\x9ce\xb2\x12\x02^&\x00l\xa0\
q\xf2\x92Q\xc3\x81\xf3\x0a\xcf\x09\x01\xcf\x09\x00\x1bi\
\xaa\x94\xb2'88wP\x8e\x10\xf0\x98\x00\xb0\x83f\
\x0c\x10\x9b\x10\xf0\x83\x00\xb0\x93\x10\x00\x10\x9b\x10p%\
\x00\x1c \x04\x00\xc4&\x04\x08\x00\x87\x09\x01\x00\xb1e\
\x0f\x01\x02\xc0\x09B\x00@l\x99C\x80\x00p\x92\x10\
\x00\x10[\xd6\x10 \x00\x14 \x04\x00\xc4\x961\x04\x08\
\x00\x85\x08\x01\x00\xb1e\x0b\x01\x02@AB\x00@l\
\x99B\x80\x00P\xde\x87%\x08|Y\xdf\x03\x10L\x96\
\x10 \x00\xd4\xf1n\x09\x01\xdf\xd6\xf7\x00\x04\x93!\x04\
\x08\x00\x15\xb9%\x00\x10\xd7\xec!@\x00\xa8L\x08\x00\
\x88k\xe6\x10 \x004 \x04\x00\xc45k\x08\x10\x00\
\x1a\x11\x02\x00\xe2\x9a1\x04\x08\x00\x8d\x09\x02\x001\xcd\
\x16\x02\x04\x80\x0e\x84\x00\x80\x98f\x0a\x01\x02@'B\
\x00@L\xb3\x84\x00\x01\xa0/?\x1a\x04\x10\xd0\x0c!\
@\x00\x18\x80m\x00@<K\x08\xf8\xb4\xbc\xfcu\xfd\
+\x1e\x01`\x10B\x00@<\x917\x01\x02\xc0X\xfc\
\x840@0K\x08\xf8\xb8\xbc|\xbd\xfe\x15\x87\x000\
 \xdb\x00\x80X\x22\x86\x00\x01`\x5c\xb6\x01\x00\x81D\
\xbb\x1d \x00\x0c\xce6\x00 \x8eH!\xe0\xe7\xf5\x95\
A-\x87IH\x03\x08b\xdd\xdc~\xb8\xfe56\xc3\
%\x10\xdb\x00\x80\x18\x22l\x02\x04\x80`\x84\x00\x80\x18\
F\x0f\x01\x02@P\x82\x00\x8c\xe9r\xdbN}r3\
r\x08\x10\x00b\xf3S\xc20\x88\xa7\xcf\xeb\x08\x01\xdc\
,gc\xc8\xaf\x08\x0a\x00\x13\xd0h\xa0\xaf\xa7\xc3\xff\
Fmr3\xe2&@\x00\x98\x88f\x03m\xbd6\xf8\
\x1fR\x97\xdc\x8c\xb6\x09\x10\x00&\xa3\xd9@}[\x06\
\xffC\xea\x92\x9b\xe5\xec\x0c\xf3\x0f\x08\x09\x00\x93\xd2p\
\xa0\x8e\xbd\xc3\xffFMr3\xca&@\x00\x98\x9c\xa6\
\x03e\x1c\x1d\xfc\x0f\xa9GnF\x08\x01\x02@\x12\x1a\
\x0f\x1cSb\xf0?\xa4\x16\xb9\xe9\x1d\x02\x04\x80d4\
\x1f\xd8\xa6\xf4\xe0\x7fH\x1dr\xb3\x9c\xb3n\xcf\x04\x08\
\x00\x09i>\xf0\xba\xa5!7\xf9\xba\x96:\xe4\xa6\xd7\
&@\x00HL\x03\x82\x1fZ\x0d\xfe\x87\xd4 7=\
B\x80\x00\x80&Dj=\x06\xffC\xea\x8f\x9b\xd6!\
@\x00\xe0\x1f\x1a\x11\x99\xf4\x1e\xfc\x0f\xa9=nZ\x9e\
K\x01\x80g4#f6\xd2\xe0\x7fH\xddq\xb3\x9c\
\xd1&\x0f\x06\x0a\x00\xbcJCb&KS\x1d\xbe\xdf\
\xa99n\x96\xf3Z\xfdv\x80\x00\xc0\x9b4%\x22\x8b\
0\xf8\x1fRo\xdc\xd4\x0e\x01\x02\x00\xbbhND\x11\
m\xf0?\xa4\xce\xb8Y\xceq\xb5\xdb\x01\x02\x00\x87h\
P\x8c*\xf2\xe0\x7fH\x8dqS\xebL\x0b\x00\x9c\xa2\
I1\x82Y\x86\xfeS\xea\x8b\x9b\x1ag\x5c\x00\xa0\x18\
\xcd\x8a\xd6f\x1d\xfc\x0f\xa9+nJ\x9fw\x01\x80*\
4-j\xc90\xf4\x9fRO\xdc\x94<\xff\x02\x00U\
i\x5c\x94\x90q\xe8?\xa5\x96\xb8Xj\xa1\xd8\xefX\
\x08\x004\xa3\x81\xb1\x97\xc1\xff\x98\x1a\xe2\xa2T](\
.\xba\xd0\xc8x\x8d\xa1\x7f\x9f\xda\xe1\xa2D\x9d(4\
\xba\xd3\xd0r3\xf0\xf7S3,us\xfaV\x80\xc2\
c(\x1a[\x0e\x86\xfeyj\x85\xb3u\xa4\x08\x19\x9a\
&7\x0fC\xbf<\xf5\x91\xdbRS\xa7~%PA\
\x12\x86f\x17\x8b\x81\xdf\x86\xba\xc8\xedL\x9d)P\xc2\
\xd2\xf8\xc6b\xe0\xf7\xa3\x16r;Z{\x0a\x96\xa9h\
\x84\xed\x18\xf8cq\xf6\xf3\x12\x00\xe0\x15\x1a\xe3y\x86\
}\x0c\xcezNK}\x1e\xfaF\x80\xa2&%\x8d\xf2\
u\x86}l\xcevNG\xeaV\xa1\xc3\x0bfo\xa2\
\x86\xfc\xdc\x84\x80|\x04\x00hd\xe4\x06k\xb8s!\
\x04\xe4\xb3\xb7\xf65\x0a\x80I\x09\x01\xb9\xec\x0d\x00?\
\xaf\xaf\x00L\xc66\x88{\x04\x00\x80\x89\x09\x01\xbc\xc6\
\xc1\x00H\xc0\xed\x80\x1c\xf6\x04>\x1b\x00\x80\x04l\x02\
xJ\x00\x00HB\x08\xe0!\x01\x00 \x11!\x80\x1b\
\x07\x01 !\xcf\x04\xcckk\xc8\xb3\x01\x00H\xc8&\
\x00\x01\x00 )! 7\x01\x00 1! /\x01\
\x00 9! '\x01\x00\x00! !\x01\x00\x80\xff\
\x10\x02r\x11\x00\x00\xf8\x87\x10\x90\x87\x00\x00\xc0#B\
@\x0e\x02\x00\x00\xcf\x08\x01\xf3\x13\x00\x00x\x91\x100\
7\x01\x00\x80W\x09\x01\xf3\x12\x00\x00\xb8K\x08\x98\x93\
\x00\x00\xc0\x9b\x84\x80\xf9\x08\x00\x00l\xb2\x84\x80\xf7\xeb\
[\x06\xb5'\xa8\x09\x00\x00l\xf5\xdd&`\x1e\x02\x00\
\x00\xbb\xd8\x04\xccA\x00\x00`/\x9b\x80\x09\x08\x00\x00\
\x1cb\x13\x10\x9b\x04\x07\xc0\x19\xef>\xff\xf6\xfb\xb7\xf5\
=\x1d\xed\xdd\xca\xd8\x00\x00p\x86\xdb\x01A\x09\x00\x00\
\x9c&\x04\xc4#\x00\x00P\x84g\x02\xfa9\x12\xc0\x04\
\x00\x00Jq; \x10\x01\x00\x80\xa2\x84\x80\x18|H\
\x00T\xf1\xf9\xb7\xdf\xff^\xdfR\xd1\xd1\xc0e\x03\x00\
@\x15\x9e\x09\x18\x9b\x0d\x00\x005\xf9\x9d\x80\x8a\xce\xdc\
n\xb1\x01\x00\xa0\xa6\xcb\x83\x81\x1f\xd7\xf7\x0c\xc4\x06\x00\
\x80\x16l\x02\x0a;\xfb\xb0\xa5\x0d\x00\x00-\xd8\x04\x0c\
\xc6\x06\x00\x80\x96>|\xfe\xed\xf7/\xeb{\x0e:{\
\xf5\x7fa\x03\x00@K_\x97\xe1\xe5\xdb\x01',\xff\
\xff>\xadoO\x11\x00\x00h\xedr;@\x088\xee\
\xaf\xf5\xf5\x14\x01\x00\x80\x1e<\x13p@\x89\xd5\xff\x8d\
g\x00\x00\xe8\xc9\xb7\x036Z\xb7&\xdf\xaf\x7f\x9dg\
\x03\x00@O6\x01\xdb\x15\x1b\xfe\x176\x00\x00\x0c\xc1\
\xbf\x1d\xf0\xba\x92\xab\xff\x1b\x1b\x00\x00\x86\xb0\xae\xb8y\
\xa2\xc6\xf0\xbf\x10\x00\x00\x18\x85\xdb\x01O\xd4\x1a\xfe\x17\
n\x01\x000\x1a?\x16\xb4\xa89\xfc/\x04\x00\x00F\
\x94\xfa\xdb\x01\xb5\x87\xff\x85\x00\x00\xc0\xb02>\x18\xd8\
b\xf8_\x08\x00\x00\x0c-S\x08h5\xfc/\x04\x00\
\x00\x867{\x08X\x06\x7f\xd1\x1f\xf9\xd9B\x00\x00 \
\x8c\x19\x83@\xcb\xab\xfe\x87\x04\x00\x00B\x99%\x04,\
\x83\xff\xf2\xaf\xfa\x15\xf9\x87}\x8e\x10\x00\x00\x08)r\
\x10\xe8u\xd5\xff\x90\x00\x00@d\xa1\xbe.8\xc2\xe0\
\xbf\x11\x00\x00\x08o\xf4m\xc0H\x83\xffF\x00\x00`\
*#\x85\x81\x11\x07\xff\x8d\x00\x00\xc0\x94z\x05\x81\x91\
\x87\xfeC\x02\x00\x00)\xd4\x0c\x04Q\x86\xfeC\x02\x00\
\x00)\x1d\x0d\x04\x11\x87=\x00\x00\x00\x00\x00\x00\x00\x00\
\x00\x00\x00\x00\x00\x00\x00\x00\x00\x00\x00\xd0\xd7O?\xfd\
?I\x10\xcb\xfa\x88\xc0\xbd\xcc\x00\x00\x00\x00IEN\
D\xaeB`\x82\
\x00\x00#\xc1\
\x89\
PNG\x0d\x0a\x1a\x0a\x00\x00\x00\x0dIHDR\x00\
\x00\x00\x80\x00\x00\x00}\x08\x06\x00\x00\x00j2k\x0c\
\x00\x00\x00\x09pHYs\x00\x00\x0e\xc4\x00\x00\x0e\xc4\
\x01\x95+\x0e\x1b\x00\x00 \x00IDATx^\xed\
\x9dyp\xd4G\x96\xe7\xdf\xcb\xcc\xdfU\x87$\x10\x12\
\x02q\x19\x83\x11\xa7\xc1`\xb0\xb1\xf1\x81m06\xbe\
\xbb\xed\xeev\xdb}\xda\xd33\xb3\xbd\xc7D\xcc\xc4\xee\
?\xbb\x1b\xbb\x11\xbb\xb1\x13\xb3\xb3\xb3;\xb3==\xbd\
=n\x8f\xdd\xddn\xec\xb6\x8d\xdb\xf7m\xdc\x06\x0c\x18\
s\x9f\xe2\x90\x908$\xd0U\xd7\xef\xca\xcc\xb7\x7f\x14\
\x05rY\x88RUI\x16X\x9f\x08\xfe\xa1\xb2JU\
\xbf\xf7\xcd\x97\x99/\xdf\xcb\x04\x18\xe1k\x0d\xe6\xff\xc7\
@\xc1\xb3\x9f\x81\x00\x88\x80g?\x8fz7\x19\xa1l\
 \x10\x10\x11\x00Q\x99\x1er\xd1\x02@\x00\x14\x88\x22\
\x86,^\xcdxM=\x17\x13Gs6\xc6\x02\xb4l\
d\x0eC`\xf9\xef\x19\xa14|M~\x17\xa9\xce\x0e\
\xadO\x9fV\xb2\xadC\xab\xd3i\xadS\x0a@\x15+\
\x88\x01\x0b\x80\x01\xb08c\x15\xe3\xb9\x980\xc7\xb0\xe6\
_c\xda\x8b'\x091e\x227\xa6\x8c\xe5\xbc\xceA\
\x8cX\xc8l\x0e\xc0\xf3\xdf;Bi\x04DA\xb7\xd6\
\x9d\xedZ\xb6\x9dP\xb2e\x7f\x18\xec\xd9\xec{\x1b\x0e\
\xc8`o\xbbR\xa72\xa4\xd3\x03\x15B\xc1\x02@\x00\
\x8c \x8bN\x10b\xd2mvd\xd52\xcb\xb9u\x9a\
0\x1b\xea\xb9\x98`\x22Z\xf9\xedG\x18\x5c\x08\x80\x5c\
\xd2\x99\x93J\x1do\x0c\x83\xfd\x1b\x02w\xdd\xbbn\xe6\
\x8dV%\x8fy\xa4\xddB\x85P\x90\x00\x04\xa0\x98(\
\xc4\x94;\xed\xe8=+\x9d\xe8=s\x0ck~\x8ca\
\x9c\x03\xf2\xdc\x1c`\x84\xaf\x0e\x05\xa0\xd2Z\xa7v\x05\
\xfe\xb6\xb7\xfd\xf4\xab\xef\xb8\xe9\xd7\x8fIy4\x00\x0a\
\xf2\xdb\xe6sQ\xe3\x99\x80\xe6U\x869\xeb\x91h\xec\
\xf1Uv\xec\xde\xf1#=~\xd8\xa2\x00\xd4i%\xdb\
\xde\xf2\xd2\x7f\xf8u:\xf1\xcf\xfb\xc2`\xb7O\xe4\xe5\
\xb7\xebM\xbf\x02\x10\x00\xe2Z\xcbY\xfap$\xfe\xd8\
\xedVdU\x8d\xe0c\x05\xa0\xc8o7\xc2\xf0\x81\x00\
\xa8S\xab3o\xb9\xe9W\x9f\xcb$~\xf5y\xe0o\
\x0e\xe8\xc2\x9e\xe0\x82\x020\x00\x8dy\xa6\xb5\xf0/+\
F\xff\xc7E\xa6}]%cU#\xee\xfe\xd2\x80\x00\
\xa8G\xeb\xee\x8f\xfd\xcc\xfb\xff\x98\xec\xfe\xdb]\xa1\xbf\
\xdd#r\xf3\xdb\x01\x00\xf4\xd9\x9b9\x00\x9fj\x18\xd3\
\x1f\x8bV\xfcx\xb1i/\x8d1\x16\xef\xcf\xf8\x04@\
!Q\xe0\x13\xf9!PH\x00\xba\xd0I\xc8\x08\x85\x81\
\x00\xc8\x00\xb8\x00\x14\x16\xa2e \x9a\x17\xb2\x09\x02`\
%cU\xcb,gy\x9bR'\xfd\x0c\xf9\x07\xc2`\
\x8fO\xe4\xe7\xb7\xedS\x00\xd5\x8c\xd7|'R\xf1\x83\
;\x9d\xe8=q\xc6*\xfa\xfaC\x04@\x1a@\xa7\xb5\
N\x9dR\xf2\xc4\xbe0\xd8\xdd(\x83\xfd\xa7\x94<\xd1\
C\xba\x9b\x08t\xfe{F(\x1e\x86\xc8G!\x1b]\
\xcdy\xcdda\x5c1\xdb0\xe7\xd5s1)\xceX\
E_\x93q\x04\xc0*\xc6G\xad\xb2\xa3\xf7eH\xa7\
\x9f\xd3\x89\xf4Q\x19\x1eR\x00\xaaw\xbb/\x09@\x00\
\x8a\x9b\xed\xc8\xed\xf7Eb\x0fW3^\x93\xff\xc1\x00\
\x00\x1a@gH\xa7\x9bdx\xf8S\xdf\xfbd\xa3\xef\
~\xbcO\xfa\xbb;\x94>\x9d\x22\x9d\x0a\x88\xfc\x11\x0f\
P^\x10\x00-D;\x82,\x12g\xacr\xba0\x1a\
\x96\x9a\xceM7\xd9\x91\xdb\xae\x14\xc6UQ\xc6b\x0c\
\xbe\x18|C\x00\xac\x13|\xfcmvd\xd51)\x9b\
\xce\xe8d{\x8f\xd6\xdd\xbdm\xf3\x05\x010\x006\x86\
\xf3\xda\x87\x22\xf1o\x8fe|\x5c_\xc6'\x00Jh\
\xd5\xf3Y\xe0\x7f\xfa\x9a\x9bz\xf1c?\xf3~\x9bR\
\xa7F\x8c>\xb8\x10\x00yD\xaeG\xca\xed\xd4\xaa\xe3\
\xa4\x92\xad{\xc3`\xe7>\x19\xec~0\x12\xfb\xd6\xb5\
\xa6\xb3\xb4\xafy\x9a\x00\x14W\x0as\xfar\xdbY\xf1\
Y\xe0}\x9a\xa6 \x15\x12\x85\xe7_\xef\x85\x85h\xdf\
jEV^cZK\x0cD\xa3\xf7k\x00\xd9/\x91\
\xd4:\xf1\xb6\x97yuM:\xf1\xcc\xd6\xc0\xdf\x94&\
\x9d\xcao7\xc2\xe0\x13\x10\x05'\x94l}\xcdM\xbd\
\xd8\x22\xc3\xa6\xef\xc5\xf4\x93\xab\x9c\xe8\x03Qd\xd1|\
\x118\x88\x91\x05\xa6\xbd\xf8:\xcb\xbe\xb1M\xc9\x93\x1d\
\xa4N\xe7:\xeb9\x01\xe4&\x0e7\xda\xce-qd\
\x15\xe7\xdf~\x9e\x0c\xe9\xf4\xd6\xc0\xdb\xf4|:\xf9\xec\
\xd6\xc0\xdf\x94!\x9d\xceo3\xc2\xd0\xe2\x12\xb9\xdbC\
\x7f+O'\x9e\xaa\xe3\xa2~\xa1i-\x89 \x8b\xe6\
\xb7\x1b\xc3x\xcd\x22\xc3\xben\x0b\xf76ti\xd5\x91\
\x9b\x0b\x9c\x13\x00\x03`S\x859}\x9a0f\x08\xfc\
\xf2Z_\x03\xe8&)\x8f\xbc\xe2\xa6\x9e\xdf\x1ax\x9b\
\x8a\x89;\x8f08xD\xee\xb6\xc0\xdf\xf2\xfbL\xf2\
\xb7\xa3\x18\xab\x9eiXs\xf2\xf7b\x0cDs\x86i\
\xce\x9af\x18\x0d\x8d28\xe0\x12e\x00z\x09\xc0F\
\xe6\x5cmX\xd7L\x11\xc6\xd4|\x17\x02\x90\xed\xfd\xeb\
\xfd\xccG\x9f\xfa\xee'i\xd2\xa9\x11\xe3\x0f/\x5c\xd2\
\x99\xf5\xbe\xfb\xe1<\xc3Z0\x89\x1bS*\x18\xab\xec\
\xfd:\x02`=\x17\x13g\x08s\xd6\x1f\xd1\xfd\xc0%\
u^\x00\x08\x80\x15\x8cU\xce0\xcc\xd9q\xfc\xe2\x1b\
s\x9cV\xaam\x9d\xe7\xbew\x5c\xc9\x96b\x8c\x8f\x00\
\xd8\x97\xb0r\x9fU\xccg\x8ep\x1e\x02\xa06%O\
m\xf0\xddu7Z\xce\xadqf~i\xf9n!\xda\
u\x5c\x8c\xaf\xe2|T\x87V\xa75\x80>\xe7\x01*\
\x18\xab\x9a*\x8ci}\xed\xe3+\x00\xb5'\x0cv\x1e\
\x91a\xe3\xc5b\xcb\xbdA\x00<\x1b\xb8\xb0\xc7qQ\
?\x9e\x8b\x09q\xc6*L\x04\x13\x00@\x12\xc8\x84V\
=g\xb4noW\xb2\xad\x87twH\x14h\x18\x89\
!\x14\x83G\xe4\x1e\x94\xc1\xbeC2<p\x850\xa6\
\x99\x88f\xef\xd7\x0d@c<\x17\x13\xc60Vs\x14\
\xf1\xb0&:/\x80\x18\xb2\xd8x.&0\xc0/\x09\
\x80\x80\xe8\xa4\x92\xc7\x93\xa4\x13\x85\xf4T\x04@\x13\xd1\
\xaacb\xdc5\x96\xb5d\xb6\xb0\xe6\xcd1\xac\xf9\xd3\
\x0d\xa3\xa1\x96\x8b\xb16\xa2\x83\x00\x18\x12\x85\x9dZ\x9d\
iU\xf2\xd8\x11\x196\xee\x08\xfc\xad\x1f\xfa\x99w\x9a\
dxddYY\x1cg\x94j?\x22\x83\xc6\x00\x1c\
\xdf\x84/\x0a@ \x1ac8\xaf\x89#\xab\xccy\x87\
sC@\x041Z\xcbx]~0\x01\x00\x80(\xbb\
\xc1\xe0\x91\xee3\x9e\xdc\x1b\x06\xc0j\x99\xa8[f;\
\xcb\x1f\x88\xc4\x1e\x99iXsk\x18\xaf\xb5\x11\x9d\xfc\
\xb6\x06\xa21\x96\x8bqc\xb9\x18\xb7\xc0\xb4\xaf]a\
GW\xaf\x0ec\x0f\xbd\xe1\xa6\xd6\xbe\xe9\xa5_i\x95\
\xb29\x84\xf3k\xd6K\x1d\x04@\x0e\xc8mD\xc7A\
t\x0cDS\x00\x08\x04D\x02\x22\x09 =\x22/C\
:\xe5\x17\xd1\x01\x08\x80\xd2\xa4\xd3\x9dZwH\x02\x99\
?\xe0\x22\x00\x1a\x80\xa6@\x14_\x10\x00\x00\x00\x03d\
}\xcd\xfes\xf4\x90\xeev\x89\xfaM4\xb0\x11\xedi\
\xc2l\xf8a\xb4\xf2OW9\xd1\xfb\xaa9\xaf\xe9K\
P}\xc1\x00X%cUK,\xfb\x86\xf9\xa6\xb5\xf0\
.'z\xdf?$\xbb\xfffc\xe0~\x9c\xd0\xba\xa7\
\xbf\xbf;\xdc1\x00\x8d\x0a\xc6*\xa7\x08q\xe5La\
\xcdi0\xcd9\xb3\x0dk\xdeD.&\x8fb\xbc\xda\
D4\x09\x88\xba\xb5\xeen\x92\xe1\xa1\xcf\x02\xef\xd3]\
\xa1\xbf\xfd@\x18\xeci\x96\xf2\xa8K:S\xe8\xb0\x18\
\x00\xf8i\xd2)\x05\xf4\x85\x90/@\xf6\x19;\x08\x11\
\x13\xd1\xfa\x92\x00\x0a\xa1?#X\x88\xd6\x5c\xc3Z\xf0\
x\xb4\xe2\xc9\xbb\x9c\xd8\xfd\x15\xec\xbc\x9b\x19\x08\x08\x80\
6\xa2s\x8di/\xfe\xd3x\xd5_T\xa6y\xd5\xdb\
^\xea\xd5n\xad\xbb\xf2\xdb\x0ew\x10\x00\x1d\xc4\xc8\x12\
\xcb\xb9\xe1\x06\xcb\xb9e\x91i_7C\x18\xb3\xe2\x8c\
Wp\x00\xc1\x10\x19\x03`\xd9\xe7\x84\xe0p\x16\xa9\xe5\
|\xecB\xd3^\x92\xa2l\x82\xc7\xfa\xc0]\xf7\x9e\x9b\
y\xa3Q\x06\xfb/\xb4\xa3\xd7\x1b\xa2l\xd2h\xfe\xff\
\xf7\xa6\xb7]\x06$\x80\x0ba\x02\x9as\x0dk\xc1\xf7\
b\x95\x7f\xb2\xc2\x8e\xac.\xd6\xf8\xbd1\x11\xadE\xa6\
\xbd$\x8a,j\x00\x18k\xdd\xd4\xf3\x97\xd2\xf2S\x00\
\x8a\xc9\xc2\x98z\xaf\x13\xfd\xc6}\x91\xd87'q\xe3\
\x8a\x08\xc3h_\x1b79\x10\xb2\x93f\x81 L\xe4\
\xd62;\xb2|\x81i/\xbe\xdd\x8e\xaez\xc7M\xbf\
\xb66\x93Zs\x5c\x85-\x12@\xe6\xbf\xb7XJ\x16\
\x00\x07\xe0\xe3\xb9\x98\xf8h\xb4\xe2\x87+\xec\xc8\xeaQ\
\x8c\x8f\xbe\xd0\x0f\x1c(\x16\xa2=\xcb0\xe7~+Z\
\xf1\xfd\x16%\x9b?\x0d\xdcO\x06\xb2\x0a\xf9\xaa\x10\x80\
b\xb1e/},Z\xf1\xc4M\x96s[\x0d\x17c\
\x0b\x1d\x0as \x00r\x00^\xc9X\xe5\x22\xd3\xben\
*7\xa6\x8d\xe3\xa2~M&\xf1\xcc\xbe0\xd8]\x88\
7(\x84\x92\x05\x10E\x16\xbb\xd6\xb2\xaf_f9\xcb\
\xcbi\xfc\x1c\x06\xa29\xc30f\xddl9\xb77\xc9\
\xf0\xf01\x156\x0dg/\x80\x008\xd50\xa6\xff4\
^\xf5W\xd7[\xceM\x11d\xd1\x81\x1a?\x1f\x0e\xc0\
\xc7p^{\x8f\x13}\xc8A\x8c\xfc6\x9d\xf8\xd5\xb6\
\xc0\xdf\x5cH\xce\xdf\xc5(I\x00\x06\xa01\xcb0\xe7\
\xdd\x1f\x89=<\x9e\x8b\x89\xe56>@\xf6\x81V2\
^\xb5\xdc\x89\xdcy@\x06{O\xbb\xaa}\xb8\xeeA\
p\x00~\x95a\xce\xfc\xd3X\xd5_\xdcdEn\xb3\
\x10\xed\xfc6\xc5\x82\x00X\xcbE\xddj'\xf6\xa0\x81\
hx\xc9nw\x9f\x0cv\x07}$y\x0c\x84\x92\x04\
 \x10D\x83a\xcdn\x10\xe6\x9c\xbev\x0f\xcb\x05\x03\
`\xf5\x5cL\x5cl\xd9K?\x0d\xbcO\x8eI}t\
\xb8y\x01\x06\xc0j\xb9\xa8{0\x12\xff\xf6mv\xe4\
\xcer\x1a?\x07B6b{\xb3\xe5\xdc\xde\x22\xc3\xe6\
\x9e\x8c\xee>&\xc3\xa3\x85\xae\x10\xfa\xa2h\x01 \x00\
\xc6\x91UN3\x8c\x19\xd5\x9c\x8f\x19\x8c\xde\xdf\x9b(\
\xb2\xd8L\xc3\x9a\xbb\xca\x8e\xdc\x9b&J\x9b0x\x82\
\x1b(\x12H\x1eW\xaa\xb5\x9a\xf11\xab\xec\xe8}c\
\xb8\xa8\xcdoS.\x10\x00\xc7pQ{\xab\x1dY\xb1\
_\x06{r\x05!\xf9\xed\x0a\xa5h\x010@6I\
\x18S\x1a\x0cs\x8e\x09\x83\x9f&n \x1a3\x849\
\xfb\xcf\xe3\xa3\xae\x18\xcdx\xb5\x95\x17\xe6\xfc*!\x00\
jU\xb2\xa5[\xab\x8e\xa9\xc2\x98\x9e\xbf\x13Wn8\
\x00\x9f.\xcc\x86\xe5Vd\xe5\xee\xd0\xdf~8\xd4\x07\
\x8b\xf5\x02E\x0b\x00\x10p4\xe3c&p1\xb1\xbf\
\x00R\xb9\xc8\xb9\xbf8\xb0\xcaAu5E\x80\x008\
\x81\x8bI\xf5\x8cOb\xb9\xfa\xd8A&\xc2X\xf4j\
\xd3^\xd4 \xac\xd9-R6\x17\xbb*(\xdap\x08\
\xd9 G%\xf2\xaaRg\xb9\x85\x82g\xff\x0dG\x10\
\x00p\x88\x8c\x0f\x90\xf5\x02u\x9c\x8f\x9bn\x18\x0d\x9b\
|\xb6\xde'\xe5\x153/*Z\x00\x00\x00\x88\x88\x88\
\xc3\xd6&C\x06\x9d\xfd7$\xbd\xa0\x17\x11d\x91\xe9\
\xc2l\xa8\xe1\xbc\xb6C\xab\xd3\xf9\x19\xbf\x85P\x92\x00\
4\x90&\x1a\xb8\xeaJ\x81`\xf8y\x01\x02\x00 \x82\
s\xc7#\x0c\x11\x06\xa29\x8e\x8b\xfa8c\x95\x0c\x91\
)\xfar\xfc\xffb\x94\x22\x00\xcah\x9dN\x92NT\
C\xe1\x9b>\xa5@\x00\xd9\xe3\x11\x86\x99\xdba\x00C\
n|\x80\xec0\x10G\x16\xb7\x00\xadb\xbba\xd1\x02\
\xd0D\xfa\x94R'\x8e\xc8\xb0q\x02\x17\x93\xf3\x93\x0f\
\x06\x8b\x911\xa7\xbc\x14-\x00\x02\xa0SJ\x1e?\x10\
\xfa{\x97\x98\xf6\x8d\x83-\x00\x0d\xa05\x90\xe6\x80\x1c\
\x86\xd9(\x90\x9b|\xe1\x10\x7f/\x02 \x0dTR\x19\
^I\x02Hj\x9d\xf8<\xf4\xb7\xdc\xaa\xe4\xca\x99\xcc\
\x9c3\x98\x0f\xa0K\xab\xce]\x81\xbf\xadC\xab\xd3\x83\
\xf9w\x8a\xa1\x82\xb1\xca\xe9\xc2\x9c9A\x18\x93\x06;\
\x06\xd0\x9b\x90(\xec\xd0\xfa\x8cK\x94!\xa0\xa2DP\
\xb4\x00\x00\x00B\xa0po\xe0\xef\xdc\x1d\xfa\xdb\xa7\x0a\
c\xba=\x08\xe1O\x80l\xa4\xed\x88\x0c\x1b\xd7d\x92\
\xcf|\xecg\xde\xf7tqk\xde\xc1b\x9aa\xce\xf8\
I\xac\xea\xdf\x8d\xe3b<G\x1c2\x01\xf8D^\x8b\
\x0a\x9b{H}\xa1\xdck \x94$\x00\x0d\xa0\x9b\x95\
<\xfa|:\xf9\xec\x5c\xc3\x5c0\xc3\xb0f\x95{2\
H\x00tF\xa9\xf67\xdd\xf4+\x1b\x03\xf7\xe3\xd3J\
\xb5\x15\x1b\xf5\x1a,N*y\xbcY\x85G\x03\xa0p\
(\xa2\xa2\x00\xd9\xe7\x92 \xdd\xb3+\xf0\xb7\xb7)u\
\xb2\xd8gR\x92\x00\x00\x00B\xa2`W\xe8o{\xc5\
M?\xff8\xe3O\xd6q1\xbe\x5c\x22 \xc8\xd6\xb9\
o\xf4\xbd\x8f\xff\xe8\xbb\x1f\x0cG\xe3\xdb\x88\xce\xadv\
d\xe5-\x96\xb3R\x00\x0c\x8a\x07\xec\x8b\x90(<\xae\
dk\xab\x92\xc7.\x96\xaa\xd7\x1f%\x0b\x80\x00\xa8K\
\xab\xce\x973\xc95qd\x15\x0fDb\xdf\x1a\xc7E\
}9\xc6\xe9\xa4\xd6\x89M\x81\xfb\xc9\x0b\x99\xc4o\x0e\
\x84\xfe\xde\xfeN\xba\xf8*\xa8`\xac\xf2V;\xb2\xf2\
\xc9X\xd5\xbf\x9e.\x8c\x99\x02K\x7f\x9e\x85\x92 \xdd\
\xbd3\xf0\xb7\x1e\x95\xe1!\xd9\xab\xd8s\xa0\x94\xe5\x0b\
k\x00\xdd,\xc3#\xbfJ\xf7\xfc\xbcS\xab\x8e\xc7\xa3\
\x15ON\x14\xc6\xe4b=\x81\x06\xd0]Zu\xbe\xe3\
\xa6_{\xd1M\xfdv\xab\xefm\xca\x10\x15\xbd\xe3U\
n,D\xbb\x9e\x8b\x89\xcb\xac\xc8\xf2\xc7\xa3\x15O\xcc\
4\xcc9\x0c\x80\x11d\xbba\xc9\xca\xbf\x08\x01\x91\xbf\
/\x08vo\xf0\xdd\x8f\xdb\x95:U\x8aW,\x8b\x00\
\x00\x00$\x80l\x95a\xf3K\x99\xe4s\x1a@\xdf\xeb\
\xc4\xbe\xd1`\x98\xb3\x1d\xc4H~\xdb\xfe\x90@\xb2E\
\xca\xa6\x8f\xbc\xcc\xbbk2\xc9g\x0f\xc8`\xcfp\xaa\
@\xb6\x11\xed\x05\xa6\xbd\xf8\xb1h\xe5\x8f\xe7\x1b\xe6\xa2\
\xc9\xc2\xb8\x22't\x04\x00}v2>X\xfb\x02\x1a\
@\x1fW\xb2\xe5#?\xf3\xee\x9e\xd0\xdfQj\x8a\x5c\
\xd9\x04\x00pV\x04J\x1e{:\xd5\xf3\xf3-\x81\xb7\
\xf1\x0e;r\xd72\xcbY>Y\x18WD\x90E\x05\
\x80\xd1;'\x9d\x00H\x01\xa9\x90 H\x93N\x9dR\
\xf2\xe4\xae\xc0\xdf\xf6\x89\xef~\xb89\xf06\x0c\xb7\xba\
\x00\x071r\xa3\xe5\xdc\xfa\xfdX\xe5\x9f,\xb3\x9c\xe5\
\x0e\xb2H\xfeP\x87\x88\xd9h%\x94\xdf\x13(\x00u\
B\xc9\xd6\xd7\xdd\xf4\xda\xb7\xbc\xf4\x1fZ\x95l\x96@\
%%\x88\x96U\x00\x00g\xe3\x03\xa4\x13[|w\xc3\
\x81\xd0\xdf\xf3\xae\x97~}\x8ea-h0\xccYg\
O\x13\x1d\xe7 ;W\x19\xd4\xa5U\xc7a\x196\xee\
\x0a\xfdm\xc7d\xd8\xd4(\xc3\xfdmJ\x9d\xf4H\xbb\
\xa5\xb8\xb6r\x22\x00\xc4\x18\xcek\xe7\x9b\xf6\xa2\x1fE\
+\xff|\xb1e/\xed\xab\x04\x1b\xe0\xac\xd1\x11\xcf\xcd\
\xc8\xca%\x02\x05\xa0Ze\xd8\xfc\x86\x97~e\xad\x9b\
\x5c\xd3$\xc3\xc3}\x9d\xf93P\xca.\x80\x1c\x0a@\
ui\xdd\xb9\xc5\xf76\xee\x0a\x82\xed\xa3\x18\x1b]\xc1\
Xe\x0cy\x85\x81` \x00\x12\x80v\x89\xdcn\xad\
\xbaNk\xd5\xe6\x13y\x92H\x0e\x17\xc3\x03dS\xbd\
\xae\x14\xe6U\xdf\x8a\xc6\xbfw\x93\x15\xb9m\xbaa4\
8\xc8\xfa\x1d\xd6\x10\xb2\xe3\xf4q%[\xa2\x80\xd1j\
\xc1kJ9^/ \x0aZ\x95l~%\x93z\xe1\
5/\xf5Rc\x18\xec/\x87\xf1\x01\x06Q\x009\x14\
\x80J\x93N\xa5\x95N\x0d|\xb3\xf2\xab\x83\x01\xb0\xdc\
\xd1\xb8\xff*>\xea/\xef\xb2\xa3\xf7_\xe8\xc0\xac\xde\
(\x00\xe5\x91v\xd7y\xee{\xcf\xa6\x13\xbf\xac\xe5\xbc\
\xee^'\xf6\x8dY\x869wt\xb6\x0a\xe8\x5cUN\
\x7fh\x00\x1d\x12\x05]Zu\xee\x08\xfd\xado\xbb\xe9\
W\xdf\xf72o\xb5+u\xaa\x9c\xc3\xe2\xa0\x0b\xe0R\
\x04\x01p\x0c\xe3\xb5\xab#\xb1\x07\xaf7\x9d\x9bn\xb6\
\x9d\xdb\x0b1\xbe\x04\x92G\xc2\xb0\xf1m/\xfd\xeak\
n\xfa\xa5\xdd\xa1\xbf\xc3\x004\x0e\x84\xc1\x9ey\xa6u\
\xcd\x0d\x96s\xcb\x02\xc3\xba\xb6\x8a\xf1Q6\xa2-\x10\
\x8d\xdc\x0427\x1fR\x042 \x0a:\xb5\xea\xd8\x1d\
\x04\xdb7\x87\xee\x86\xcf\x02\x7f\xe3\xe108\xd8\xa5U\
g1{\xfe\xfd1\x22\x80<\x10\x00\xab\x19\xaf\xf9N\
\xb4\xe2\x07?\x8aU\xfey5\xe35\x06\xa2q1\xe3\
\x87D\xe1Q\x19\x1c\xfa\xbf\xa9\x9e\xbfy\xc3M\xaf\xed\
\xd1\xaa[\x03h\x1f\xc8\xfb<\xf06\xef\x0a\xfd\xed\xef\
\xba\x997&\x0bq\xc5U\xc2lX`\xd9K&s\
1\xa5\x82a%\x02c\x92t\xd8E\xba\xeb\xb8\x94\xc7\
\x0e\xca`\xdf\x9e \xd8\xd1\xa2ds\xbb\x96\xa7\x5c\xad\
3\x0a\x8a?\x12\xbe?F\x04p\x16\x06\xc08 \xcf\
\x9e\x92\x16\xfb\xf6\x0fc\x95\x7f6\x8e\x8b\xfa\xfcv\xf9\
\xe4\x5c\xf5\x11\x19\x1e\xfa\xa7d\xcf\xdf\xbd\xec&\xd7\xe4\
\xc7,4\x80>\x1b\xb7ojUa\xf3g\x81\xb7q\
\xad\x9bz\xc1F\xb4ss\x03B\x22\x99\xed\xfd\xbeK\
\xda\xf5\x88\x86d\x12<\x22\x00\xc8\xf6\xfa(\xb2\xd8\x12\
\xcb\xbe\xf1\xfeH\xfc\xe1\xebM\xfb\xa6:.\xc6\xe7\xb7\
\xeb\x8b\x1e\xad\xba_\xcc\xa4~\xf3\xb1\x9f\xf9\xe0\x13\xdf\
\xfd0\xdf\xf8\xf9\x10\x00yD\x9eG\xaa\xa4\xf5{\xb9\
\x18\x11\x00\x00\x8cf\xbc\xfan'\xfa\xe0\x13\xb1\xaa\x9f\
6\x18\xe6\xec\x8b\xb9{\x80\xac![\x95<\xf6L\xaa\
\xe7\x17\xbfL\xf5\xfcC\x8atr0\x5c\xf4`\xf3\xb5\
\x16\x00\x02`\x1cY\xc5\x1dv\xe4\xee\xc7\xa3\x95OL\
7\x8c\x86B\x8c\x9f\x22\x9d\xdc\x1e\xf8\x9f\xbd\xefe\xde\
z%\x93|>I:\x91\xdf\xe6R\xe1k+\x00\x1b\
\xd1\x9eoZ\x8bn\xb3\xa3\xabn\xb3#w6\x08s\
N!k\xf5N\xad:^wS/=\x93N\xfc\xbf\
&\x19\x1eNh\xdd\x93\xdf\xe6R\xe2\xa2?\xf8r\x03\
\x01\xd0A\x16Yb\xd97<\x19\xab\xfa7\xb9\xd3\xd0\
\x0b\xc9\xe4\xe9\xd2\xaa\xf3\xb9t\xf2W\xcfe\x12O7\
\x86\xc1\xfer/\xc9\xbe\x0a\xbeV\x02\xe0\x00|\xb20\
\xa6.2\xed\xeb\xeer\xa2\xf7/1\xed\x1b\x0aY\xdf\
\x07D\xc1A\x19\xec[\xe7\xb9\xef>\x97N<}D\
\x86\x8d\x97\x83\xf1\x01\xbeF\x02\xb0\x10\xed\x19\x869\xeb\
\x89h\xe5O\x97Z\xce\xcdc\xb9\xa8\xeb\xeb\xe0\xaa|\
\x02\xa2\xe0m/\xfd\xda\xd3\xa9\x9e\x7f\xdc#\x83\x9d\xdd\
Jw\x96\xba\x013\x9c\xf8Z\x08\xc0D\xb4f\x19\xe6\
\xdcoF\xe2\xdf]\xe1D\xef\x1e\xcd\x0a\xabf\xce\x90\
No\xf6\xbd\x0d\xbfL\xf5\xfc\xfd\xd6\xc0\xdbTl\xfd\
\xddp\xe6\xb2\x16\x00\x03`U\x8c\x8f\x9eg\x9a\x0b\xee\
\xb2c\xf7\xdfnG\xee*\xc4\xf8\x1a@\xb7\xc8\xb0i\
\x8b\xefm|\xd9M\xfe\xee\xf3\xcb\xd4\xf8\x00\x97\xb1\x00\
8d\xaf\xbdy\xd0\x89\x7f{\xb5\x13{p\x02\x17\x93\
.v\xf5\x0d@6\xa4\xbb7\x0cv\xfe,\xd5\xfd\xb7\
\xeb\xfd\xccG]Zw\x94k\xe7m8rY\x0a\x80\
\x01\xb0\xb1\x5c\x8c\xfb\x86\x13\x7f\xf4\x81H\xfc\x91\xc9\xc2\
\x98z\xb1Y\xbe\x04\x92=Zw7\x86\xe1\xfe5\x99\
\xc43\xefy\xe97z\xb4\xee\xceow\xb9qY\x09\
\x00\x010\x86,>\xd50\xa6\xdfdEn\xfbf$\
\xfe\xddzaL\xbc\x98\xf1s\xfb\xed\xefx\xe9\xd7_\
uS/\x1e\x0c\x83\xbd\x97\xfa\xfa\xbeP.\x1b\x010\
\xc8\x9e4\xba\xc2\x8e\xae~8\x1a\x7fl\x860g\x8d\
\xe5\xa2\xcfkoz#\x81d\x93\x0c\x0f\xbf\xec\xa6~\
\xf7B&\xf9\x9b&\x19\x1e\xceos9sY\x08\xc0\
@4G#\xab^h\xd9K\x1e\x8bV>\xb1\xf0\x02\
W\xde\xf4F\x03h\x8f\xb4\xdb\xa6\xe4\xc9?\xb8\xa9\xdf\
?\x9fI\xfe\xbaU\x86\xcd\xf9\xed.w.i\x01\xe4\
\x5c\xfeB\xd3Z\xf2p\xa4\xe2\xb1\xabMk\xe14\xc3\
\x9cq1\x97\xaf\x01t\x97V\x1do\xb9\xe9W\xdft\
\xd3k\xb7\x06\xde\xe6\xd3Z\xb5\xe5\xb7\xfb:pI\x0b\
 \x86,~\xade_\xff\xbdh\xc5\x93\xb7\xda\x91\x95\
\x17J\xd4\xec\x8d\x06\xd0\x1dJ\x9d\xfe\xc0\xcf\xbc\xfdT\
\xba\xe7g{\xc3`W8\xcc\x0aN\x86\x92KR\x00\
\x0c\x80\xd9\xc8\x9c\x85\x96\xb5\xe4\xbb\xd1\x8a\x1f\xddlG\
\xee(\xc4\xf8\x0a@\x9dQ\xb2\xfd\x03/\xf3\xf6\xb3\xe9\
\xc4/\xf7\x04\xc1\x8e\xcb)\xaaW\x0c\x97\x9c\x00r\xe7\
\x07\xaf\xcc^e\xbfz\x9a0g\x14R|\x92&\x9d\
\xfa,\xf07=\x97N\xfcjK\xe0ml\x95a\xf3\
\xe5\x12\xcf/\x85KJ\x00\x02@\xcc4\xcc9\x8fE\
+\x7f\xbc\xc2\x8e\xac.4k\xc7%\xcal\xf0\xddu\
\xff\x92N\xfcb\x9d\xe7\xbe\xe7\x92\xce\xe4\xb7\xf9\xbar\
I\x08\x80\x01\xb0\x18c\xf1\x19\xc2\x9c\xf5X\xb4\xe2\x89\
\x95N\xf4\x9eQ\x8c\x8f\xceo\x97O@\xe4\xef\x97\xc1\
\x9e\xb7\xdd\xf4k\x1fx\x99\xb7\xf6\x84\xc1\xce\x11\xe3\x7f\
\x91!\x11\x00\x07\xe01\xc6\xe2Qd1\x1b\xd11{\
\xdd|-\x09d\x86t\xba[\xeb\xae\xben\xc6`\x00\
l<\x17\x13\xee\x8f\xc4\x1fYj\xd97-0\xed\xc5\
\xa3\x19\xaf.d}\xbf-\xf4?{*\xd5\xf3\xb3\x0f\
\xbd\xcc\xdb\x09\xad{\xfa\xbaE\xe3\xeb\xce\xa0\x09\x00!\
{\x90\xe48.\xea\xeb\xb9\x988]\x98\x0d\x93\x851\
u\x1c\x17\xe3+\x19\x1b%\x10\x05\x01QZS\xea\xb8\
\x0a[v\x86\xc1\xb6c2<zL\x86GOju\
B\x11I\x04\xc0q\x5c\xd4\xafr\xa2\xf7}'\x12\xff\
\xc1da\x5c\xd1\xdf\xb5\xe99r\xf9\xf9\xcf\xa4z~\
\xf1\x91\x97y\xb7[\xab\xae|a\x8d\x90\xa5\xec\x02@\
\xc8^[>\xc30g/1\xed\x1b\x16\x18\xd6\xb5\x0d\
\xa69\xbb\x9a\xf1\x1a\x0b\xd12\x00M\x8e\xc8s\x05\x11\
\x0a@)\x22\x99&\x9dNh\xdd\xbd;\x0cv\xac\xf7\
\xddu;BokR\xeb\xc4\xddN\xec\x81\x87\x22\xf1\
\xefL\x15\xc6\xb4\xdc{.\x84\x06\xd0\xadJ\xb6|\xec\
\xa5\xdf{\xdfs\xdf|\xcfK\xbf\xe1^\xa6\xbbx\xe5\
\xa2\xac\x02`\x00l\x0c\xe3\xb5w\xd8\xd1\xbbV8\xd1\
\xd5W\x9b\xd6\xc2\xd1\x8cU[\xc8\xec\x0b\x05g8\x00\
\xe7\x88\xdcDnU2^U\xcbE\xdd\xd5\xa6\xb5\xf0\
`\xe8\xef\xeb\xd4\xbac\xbei/\x9a\xcc\xc5\xb9\x12\xec\
\x0b!\x81d\xbbT\xa7\x9e\xcf$\x9ey!\x93\xfc\xf5\
\x09\xa5ZG\x8c\x7fq\xca&\x00\x0b\xd1\x9a&\x8c\x19\
+\xec\xe8\xea\xfb\x22\xf1\x87\xaf\xcc\x1e\x1a\xe5\x5c\xcc]\
\xf7\x86\x010\x071R\xcf\xc5\xc4:\xce\xc7+\x02\xcd\
\x11\x05\xef\xc7\xf8\x04@\x01\x91\x7fT\x06\x87\xdfp3\
k\x7f\x93I\xfc\xf3q)[\x86\xab\xcbg\x00\xcc@\
4b\xc8*F16\xba\x92\xf1\xaa(\xb2\x18G\xe0\
\x00\x80D\xa0\xd3\xa4\xd3\xedJ\x9d\xec\xd4\xaa\xc3\x03r\
%\x91\x1c\xac\x94\xf3\xb2\x08\xc0@4f\x1a\xd6\xdcG\
#\xf1\x1f\xdefGVM\x10\xc6\xa4\x8b\xf5\xd8\xfe@\
8wy\x12\x10\x9c\xff\xe5\xf9J\x92@\xb2C\xa9\xd3\
[\x03\x7f\xd3\x87~\xe6\x9d\x0f\xbc\xcc\xdb\xadR\x1e\x1b\
\xac\x87U\x0a\x02QD\x11cc\xb9\x18w\x950g\
\xcd2\xcc\xb9\x93\x841\xa5\x9e\xf3\x89\xd5L\xd4Xg\
\x8bF%\x91\xec&\xddu0\x0c\xf6\x1d\x0a\xc3\x03\x87\
Up\xf0@\x18\xecmS\xea\xe4`\x5c\xd8]\xb2\x00\
8\x00\xafe\xbcn\x95\x1d\xb9\xef\x0e'z\xf78.\
\xeaK1~>9\xa3\xe7\x8b\x80\x00\xe8\x8cR\xa7?\
\xf2\xddw\x9eK'\x9e\xde\x15\xfa\xdb\xd2zx\xde*\
fg\xef\xec\xad_l\xdaK\x17\x98\xf6\xb5W\x9b\xd6\
\xc2\xa9\xc2\x98\xe6 Fr\x179\xe6\x9e\x19A\xb6H\
t\xb6a\xce\xcbhJ\x1fSa\xd3\xb6\xc0\xdf\xb2)\
p\xd7o\xf2\xbdON+\xd56l\xaa\x83\x11\x00\xc7\
r1\xeen'\xfa\xc0C\x91\xf8\xb7\xb3W\xcf\x96\xcf\
\xf89\x10\xce{\x02\x0d\xa0\x93Z\xf7\xb4\xa8\xb0\xe9\x8f\
^\xe6\x83W\xdd\xf4\x8b\xdbC\x7f\xebp\x8c\xe73\x00\
V\xc9\xf8\xa8\xeb-{\xd9\xadvd\xe5\x0d\x96s\xcb\
DnL\xb2\x10\xed\x0b=\xa7\xf3\xde\x0fcQ\x0e\xb1\
1\x9c\xd7\xce5\xac\x05\xab\x9c\xe8}\x1fz\x99\xb7_\
sS/}\x1e\xf8[\xba\xb5\xea,\xc70W\x92\x00\
LDk\x9ei]s\x97\x13\xbb\x7f<\x17\x13/\xf4\
\xa3\xca\x01\x83\xac\x00\x12Z'\xd6\xfb\xee\xba\xd7\xdc\xd4\
\x8b\x9f\x06\xde'mJ\x9e\x1c\x8e\xc6G\xc8\x96\x98/\
\xb7#+\x1f\x8eV<6\xdb0\xaf\xaeb|\xd4\x85\
&\xc3\x17\x02\x01\xd0D4\xeb\xb9\x98x\xaf\x13\xfbf\
=\x17\x93^\xc8$\x7f\xfd\xbe\x97y\xab\xbb\x0c\xe5\xe2\
E\x0b\x00\x01\xb0\x9a\xf11\xd7\x9b\xce\xb2\x99\x869g\
\xb0\xcf\x0a\x06\xc8.\x19\x9bUx\xe4U7\xf5\xfbw\
\xbd\xf4\xeb\xc39ek\x14\xe3\xa3W9\xb1\xfb\x1e\x8d\
\xc6\x7f8\xdb\xb0\xe6\x15z0D\x7f\xc4\x19\xab\xb8\xde\
r\x96U0V)\x00\xc5{^\xfa\xcd\xd3Z\xb5\x95\
2\xec\x15-\x00\x8e\xc8\xa7\x0ac\xfau\x96\xbd\xac\x02\
YU\xfe\xeb\x83\x01\x02\x00\x10P\x08\x14(\x02%J\
\xf8\xfe\x83\x05\x01\x90\x89\xcc\xbc\xd3\x8e\xdc\xf3\x83X\xfc\
'3\x845\xfbb\xc9)\x85\x82\x90\xbdVw\x9ea\
]\xf3\xfdX\xc5O\x00\x01^sS/\x95\x92\xbeV\
\xf4\x034\x00\xccz.&\xd6\x0f\xd1\x9dA\x00\xd9\x09\
\xe7X\xce\xc7\xcd7\xadEI\xad\x93\x8a\x86\xdfVn\
\x8a(\xc9\x00\xd8C\xd1\xf8\xa3\xd3\x85\xd5P.\xe3\xf7\
\xc6@4f\x18\xe6\xac\x95v\xf4\x9e\xfd\xa1\xbfgW\
\x10l+vbX\x94\xe1\xce\x8eo5\xb3\x0d\xeb\xea\
BJ\xab\xca\xc9(\xc6G\xdfm\xc7\x1e\xba\xdb\x8e>\
X\xc3\x06\xefz\xb6b \x00j\xd7\xaa\xadE\x86\xcd\
\x8bMg\xe9`\xdc\x1d\x98#\x82,\xba\xd4\xb2o>\
,c\x07\xdbU\xcf\xa9\x13J\xb6\x163),Z\x00\
\x95\x8c\x8f\xba\xca0\x1b\x86\xeap\xe4\x1c\x16\xa2=E\
\x18W\x22\xd1\xa0\x1d\xc6X\x0aq\xc6*\xaf\xe4\xe2\xaa\
\xc1\xfen\x08\x80\x15\x8cW\xde`9\xb7l\x0e\xbc\x0d\
\x1d\x9e:\xe3\x12\x0dx\xa7\xb3h\x01\xd8\x88\xce(\xc4\
\xea\xa1r\xff\xbda\x00\xf0U\x5c\xd1r1\x08\x00h\
\x08\x85\xc9\x01\xf8\x14a\x5c\xb9\xd4tn\xda\x13\xf8;\
Z\x94l\xceos1\x8a6\x1e\x83\xec\x99:C\xe9\
\xfe\x87;\x080d\xc6\xcfQ\xc9XU\x83a\xce\xa9\
\xe3b\xfcq%[\xf2_\xbf\x18E\x0b\x00\x00\x88\x10\
\x8b^~\x5c\x8eh8+\x82\xfc\x17\x06\x11\x04\xc4\x1a\
\xcek'\x0a1yG\x80[\x07\x9a\xf3P\x94\x00\x08\
\x80\x02\xa0 I*\xa9\x00\xd4@\x83\x1b\xa5\xf2U<\
\xe8\x828{\x87\xdePz\x01\x06\xc0j\x18\x1f;\x99\
\x1bS\x0dDS\x0dp\x07\xb4(\x01\x00\x00$\xb4\xee\
9&\xe5\xd1\xc5&]\xcf\x0b\xa8\xb3/;_\xc1=\
}\x17c\xa8\xae\x8d\xed\x0d\x02`\x04Y\xb4\x8a\xb1\x01\
G\x19\x01\x8a\x14\x00\x01P\xb7V\x9d\x87\xc2\xf0\x80G\
\xe4\x15r\xd0B\xb9\xc8-u\x10q\xd0\xc2\xce\x97\x1a\
\x0c\x81\xf1^\xa7\xb0\x0f\x84\xa2\x05\x90\xd4:\xb1W\xfa\
;O(\xd9\x1agfE1\xea\x1b(\x12H\x9e\x90\
\xb2\xb5U\xc9\xe6b\xd6\xbc\x83\x09\x03\xe0\x13\x851\xb9\
~\x90\xf7D\xfa\xa2\x94\xdb[\x8b\x12\x00@\xf6n\x80\
\xc328\xb85\xf06M\x12bJ\x0cY<\xbfM\
9!\x00r5e6\x07\xde\xfa\xe73\xc9gO)\
y\xa2\x94\x18x\xb9q\x90E\xbe\x19\x89\x7f\xf7\xd1h\
\xfc\x87\x85\x14\xa9\x94\x8b\xdc|\xcc#\xf2\x8a\xe9\x14E\
\x0b\x80\x00\xa8]\xa9S\x7f\xf4\xdd\x0f\x16\x98\xd6\xa2Y\
\x865o0\x95\x1f\x12\x85-R6o\xf4\xdd\x8f?\
\x0f\xbc\xcd\xddZw\xe5\xb7\xf9*\xb1\x10\xedY\xa1\xb9\
\xa3GG\xbb\x1d\xfe\xe5\x8b$\x06\x0b\x02\xa0\x94\xd6\x89\
N\xad\xce\x0c\xa9\x00\x00\x00<\x22\xefS\xdf\xfd\xe3T\
aL\xab\xe3b|5\xe35\x83\xf1\xc3\x15\x80:\xa9\
\xe4\xf1\xf7\xfc\xf4\x1b\x7f\xf4\xdd\x0f\x93z\xf8\x1d\xcc(\
\x89\xc2}a\xb0\xbbU\xc9c\x85\x94\xa5\x97\x0b\x0d\xa4\
\xdb\xb4:\xd5\x22eS1\x97G\x95$\x00\x02\xa0\xd3\
J\xb5\xbd\xe6\xa6^\x9a!\xccY+\x9c\xc8\xea(\xb2\
X~\xbbR \x00Jk\x9d\xda\x12x\x1b\xde\xf72\
o\xb6*y\xac\xd4=\xf0\xc1@A\xf6:\x97V)\
\x8f]m\xd05&\x0eM\x88\xdc'\xf2\x8eK\xd9\xd2\
,\xc3\xa3\x01P0P/\x5c\x92\x00\x00\xb2\xb7\x87\x1e\
\x96\xe1\xc1_\xa4\xba\xff\x8f\x06\xd2\xb7\xd8\x91;\x0a9\
\x88\xa9\x10\x14\x80Jh\xd5\xb35\xf0?\xfdM:\xf1\
\xd4\xd6\xc0\xdb\x1c\x0c\xe3\xf3z\xba\xb5\xeaZ\xef\xbb\x1f\
-4\xad%\x93\x841%\xff\xf5r\x93\x1b\x86\xb7\x87\
\xdeg\xedZ\x9d*fNT\xb2\x00\x00\xb2\xe3\xf3\xf6\
\xc0\xff\xec\xef\x92]\xff\xbdM\xa9\x93\xdf\x88\xc4\x1f\x1d\
\xc3y\xed@\xd5\xd8\x1b\x05\xa0\xda\x94<\xb9\xdew?\
\xfa}&\xf9\x9b-\x81\xb7q\xb8\x9f\xd4\xe5\x13y\x9b\
\x02\xf7\x93\x9d\x81s\xc7x!&\x14r\xf4l)x\
D\xee\xee\xd0\xdf\xf9y\xe0o\xee\xd2\xaa3\xff\xf5B\
(\xdb\x17\x0c\x81\xc2\x03a\xb0\xf7\x9fR\xdd\xff;E\
:\xf5@$\xf6\xc8\xd9\xe8\xd4E/[\xc8\x91Sp\
H\x14\x9cT\xf2\xc4Z7\xf5\xbb\x973\xa95\x8d2\
8P\xea\xf5hC\x81\x06\xd0\xcd2<\xfa\x96\x97\xfe\
\xc3\xf5\xb6\xb3\xac\x9a\xf1\x9a\xfc6\xe5B\x01\xa8v%\
\xdb6\xf8\xde\xba\xc60\xd8_\xacg,\x9b\x00\x00\xb2\
\x0f\xe0\xb8\x92-\xff3\xd1\xf9__wS/\xdf\xeb\
\xc4\xbeq\xbd\xe5,\x9b&\xcc\x19\x15\x8cU\x0a\x04\xa3\
\xf7\x06\x12\x01\x90\x06\xd0\x8aHI\xa00\xad)\xd5\xa4\
\xc2#\x9f\x07\xde\xe6\x0f\xbc\xcc[\xeb}w\xddp\xef\
\xf5\xf9d\x88\xd2o\xb8\xe9\xb5\xf3M\xfb\xda\x87#\xf1\
\xef\x0eF\xbe\xc4\xd9\xe7\xdc\xfa\x86\x97^\xfb\x91\x9f~\
\xa7K\xab\x8eb\xdc?@\x99\x05\x90C\x01\xa8=a\
\xb0\xe3\xa0\xec\xda;%\x93\xbar\x86a\xcc\x9acX\
\xf3\xe7\x9b\xf6\xc2\xa9\xc2\x98^\xc9\xd8(\x06\xc0$A\
\xd8\xa5Ug\xab\x92\xc7\xf6\x86\xfe\xce\x832\xdc\xb77\
\xf4w\x1d\x0a\xc3\x03i\x1a\x9e)\xde\x85\x90 \xdd\xb3\
&\x93\xf8\x97z.&\xdcd;\xb7\x95sbL\x00\
\x94\xd0\xbagc61\xf6\xa5&)\x8f\x942)\x1e\
\x14\x01\xe4\x08\x89\xc2F\x19\xec?$\x83\x03\xefy\x99\
7\xa3\xc8b\x0e\xa2\x93\x0b[\x12\x00)\x22\xe9\x01y\
\x19Mi\x9f\xb4W\xca\x8f\x19N\xec\x0c\xfc\xcf\xffW\
\xb2\xf3\xbf\x850*\x5cnGVF\x91\xc5J\xf5\x04\
\x1a\xb2W\xea\xae\xf32\xef>\x9d\xea\xf9\xf9\xae\xd0\xdf\
^jF\xf4\xa0\x0a \x07\x01\x90G\xe4z\xa4.)\
w^\x0a\x0a@}\x1e\xf8\x9b\xffKO\xc7\xbfoS\
\xea\xe4\x9dN\xf4\xde\xf1\x5cL(&dN\x90-\x16\
i\x92\xe1\xe1W2\xa9\x17\xd6\xba\xa9\xe7\x0f\x87\xe1\x81\
\x00J3>\xc0\x10\x09\xe0\xeb\xcc1\x19\x1e\xfd\xfbd\
\xd7_o\x0d\xbcM\x0fG\xe2\x8f-4\xed%\x85\xde\
O\x00p\xee\x04\xd3\x9e=a\xb0\xe3w\xe9\xc4\xd3\x1b\
|w]\xbbV\xa7\xcaa|\x80^\x02\xd0@\xba?\
\xf7\xcb\x09F\xb2\x7f\x8a@\x03\xe8\x13J\xb6\xae\xcd\xa4\
\xd6|\xec\xb9\xef_cZ\x8bo\xb1#+\xae1\xad\
kk\xb9\xa8\xabDV\xe50\x8c\xe0\xd9\xbdmE$\
=\x22/A\xba\xa7[\xab\xae\xcf\x03\x7f\xd3\x9b^\xfa\
\x0f\x87\xc2`\xff)%OzDn\x7fs#Dd\
\x0c\x80\x15j+\x01\x90u1!P\x98!\x9d\xb6\x91\
\x7f\xa9\xa2\x17\x110\xc6X\xdc\x02\xb4\x02 \xbf\xbf/\
0B\xdfH \xd9\xae\xe5\xa9\x0f<\xf5\xd6\xe6\xc0[\
?\x96\xf3q\x0d\x869\xfb*a\xce\x1c\xcb\xc58\x01\
`h \xed\x13y\x9dZ\x9f9\x22\xc3\xc6\xc32l\
lU\xe1\xb1\x1e\xad\xbb\x03*\xec\xb9;\x80N67\
\x00\xbf\xe4a\x08\x80$`\xa8\x08\xceU\x1b\x9f\xf3\x00\
\x92 Li\x9d\x1au\x81\xe3W\xc6r1.\xc2X\
4\xa9\x86_\x1c\xfeR\x22\x80\xec\xad\xa0\xddZu\x1d\
\x96a\xe3;\x90y]\xe0y;d'\xc6\xa0$\x90\
\x94Da\x7f^9\x1f\x84l\xb2n%\xb2\xaa\xb3\xe5\
\xe6_@\x12\xc9.\xad:\x93\xa4\x13_\x12@\x82T\
\xcf1%\x9b\xea\x85\x98\xc8\xe0\x8b\xc9\x16\x1c\x90\xcf4\
\xcc\xb9\xb5\x9c\xd7\x9dQ\xb2]\x02\x0c\xbb\x82\x8cK\x0d\
\x0d\xa0\x03\x22?\x00\xf2/\xde\xaf\x0bg\x14\xe7\xa3'\
\x09\xe3\x8a\xbe\xd2\xf5\x15\x80<\xadd[B\xeb\x1e:\
\xbbsxn\x08\xe8R\xba\xb3I\x86\x87\x96\x98\xf6\x0d\
\xf9\xfd\x1f\x01p2\x17W\xcc\x14\xe6\x9c\xa32<4\
\x1cw\xe3F\xc8nIO\xe3\xc6\x8c+\xb9yU_\
\x15I!QxZ\xeb\xb6.\xad:5\xd1y\x01\x00\
\x00$I\xf7\x1c\x0c\x83}.Q\xa6\xafB\xcf\xd1\x8c\
W\xdf\xe1D\xef\xde\x1b\x06;\xf7h\x7fg1{\xcf\
#\x0c\x1e\x0c\x80])\x8c\xe9\xab\x9c\xe8}\xf5BL\
\xca\x1f\xc6\x09\x80\xceh\xd5~ \x0c\xf6\xf5\xce\x1d8\
'\x80\x90(\xdc\x13\xfa;[T\xd8\x5c\xc1\xac\xca\xfc\
\x0f0\x10\xcd\x05\x86u\xed2\xdbY\xde\xac\xc2\xa3I\
}~\x1c\x19\xe1\xab\x05\x01\xb0\x92\xb1\xaa\x9b\xad\xc8\xed\
\x0b-\xfb\xba\x18\xfbr\xe4\x91\x00\xa8I\x86G\x1ae\
\xb0/\xd3\xab\x82\xa8\xd72\x10\xf4!\x19\x1e\xd8\x17\x06\
\xbb\x1b\x0csv\xfeN\x16B\xf6\xc8\xb6\xbb\x9d\xd8\x83\
\xbb\x03\x7f\xc7\x96\xc0\xdbXL)\xd2\x08\xe5\x8c\xd4\xb6\
\xec\x00\x00\x03gIDAT\x05!{b\xfa|\xd3\
^t\xa7\x13\xbdw\x127&\xf7\xb5\x0b\x1b\x12\x05\xcd\
*<\xda*\xc3c\xbd\x13G\xbe0\xfb<\xa3U\xfb\
\xef3\xc9_/\xb7#+\xfa\xda\xc92\x11\xcdE\xa6\
}\xdd\xbf\x8d\x8f\xfe\x0fO\xa5{~\xb6\xde\xcf|\xd4\
\xadu\xd7\x88'\xf8j`\x00\xac\x9a\xf317\x98\xce\
-\x8fD\xe3\x8f_c\xda\x8b\xfb*H%\x00j\x96\
\xe1\xd1-\xbe\xb7\xe1\xb4\xd6\xed\xbd\xed\xf5\x85^\x1e\x12\
\x85\xdb\x02\x7f\xcbg\x81\xb7\xe96;rg\xbe\x17\x00\
\xc8\xd6\xa3-\xb6\xec\xa5\x11\x86\xd1:\xce\xc7\xbf\xe5\xa6\
\xff\xd0\xa6\xd4\xc9b\xcb\x93G\x188\xb9\xe5\xdeX.\
\xean\xb1\x9c\x15\x0fD\xe2\x8f\xcc5\xac\x05\x16\xa2\x9d\
?t\x03d\xaf\xbf\xdb\x1d\x06;v\x85\xfe\xf6T\xaf\
% @\x9e\x00\x08\x80z\xb4\xea~:\x95\xf8\xf9t\
a\xce\x98\x22\x8c+\xfbr'6\xa2\xb3\xc0\xb4\xaf\xbd\
B\x18W^g9\xcb^\xca$\x9f\xdb\x15\xfa\xdb\x92\
Z'\x03\x02? ]P\xd0b\x84\xc2a\x80\xcc@\
4\x1d\xc4H5\xe7c\x16\x19\xd6u\xb7;\xd1\xbb\x16\
\x1a\xf6\x92\x1a\xcek/t\x82\xaa\x04\x92Gd\xd8\xf8\
\xb6\x97z\xb5Y\xca#2\xefL\x85/\xbd\x01\x00 \
\x8a,\xf6\xbdX\xc5\x93?\x8d\x8d\xfa\xab\x1a\xce\xc7\xe6\
\xbf\xde\x1b\x02\xa0\x9c\xc2\x8e\x84A\xe3\x19\xad\xdaOk\
\xd5N4\xb2J('\x0c\x80W2^5A\x88I\
\x0d\x869{27\xa6F\x10\xa3\xa2\x9f\x82\x10\x02\xa0\
#2l|6\x95\xf8\xe5\xcbn\xf2w'\x94l\xcd\
\xef\x98}\xbe\x11\x00\xa0\x96\xf3\xba\xbf\xaa\x18\xfd\x9f\xbf\
\x13\xa9\xf8~!\x09\x8e\x04@\xe7\xff\x11\x95R\xac0\
B\xdf f\xed\xc5\x00\x19\x02\xe0\x85\x0c\x9f#\xa1u\
\xcfS\xe9\x9e\x7f\x5c\x93I\xfeKS\x18\x1e\xeek\x98\
\xfe\xd2\x18\x9f\xe3\xb4Rm\xff\xa3\xa7\xf3?\xc5\x91\xc5\
o\xb5#+G1>\xba\xbf?\xf8\xc5/\xd4_\xcb\
\x11\x06\x1b\x02\xa0N\xad\xce\xbc\xee\xa6\xd7\xfe6\x9dx\
\xaaY\x86\x17L\x1a\xe9\xd7L\x08\x80\x13\x851\xf9\xfb\
\xd1\x8a\x9f<\x12\x89?^\xcbE\xdd\x88i\x877\x04\
@\xedJ\x9ez>\x93\xfc\xf5\x0b\x99\xd4\xb3\x87\xc2\xa0\
\xdf\xbc\x81\x8b\x1a\x13\x01\xb0\x96\xf3\xba\x87\x9d\xf8w\x7f\
\x10\xab\xfc\xb3\xa1\xc8v\x1d\xa18\x02\x22\xbfI\x86G\
~\xef&\x7f\xfbr&\xf5\xbb\x16)\x9b.v'\xd2\
E\x05\x90#\x82\x18\xbd\xd6\xb4\xaf\x7f(\x12\xff\xce2\
;\xb2|,\xe3\xe3\xfa\x0a\x19\x8f0\xb4\x10\x00\xf9D\
\xde)%O|\xe2\xbb\x1f\xbd\xe3\xa5_\xdf\xec{\xeb\
\x0b-\x15+X\x00\x00\x00\x16\xa0U\xc7\xc5\xf8\x1bm\
\xfb\xd6E\xa6s\xfdLa\xce\x99fd3~\xfbZ\
.\x8e0x\x10\x00\xb9\xa43GdxhO\xe8\xef\
\xf8\xd4\xf7>\xd9\xe4{\x9f\x9c\xd4\xf2xZ\xebT!\
\xc6\x07\x18\xa0\x00\x00\xb2C\x82\x8d\xcc\x893\xac\x98\xc4\
\x8d)sMk\xc1U\xc2\x989Y\x18S\xc7r1\
\xae\x86\xf1\xda\x11\xcfP~\x14\x91\xf2\x88\xdc$\xe9\xe4\
)\xa5N4\xc9\xf0\xf01\x156\x1d\x08\x83=Gd\
\xd8\xd8\xa1\xd5\x99\x9c\xe1\xf3\x97z\xfd1`\x01\xf4\x86\
\x03p\x1b\x99S\xc9XU\x15\xe3\xa3+\x90U\xc6\x18\
\xc6D\x1f[\x91#\x94\x08e\xcb\xc0}\x22?\xa9u\
\xa2K\xab\x8e\x84\xd6=.PF\x12\xc9B{|>\
%\x09 \x07\x02`6\x0f\x0d1\xb7V\x1dap \
:\x1bg\xe9\x15w\xc9o3\x10\xfe?\xaf\xa4\x8c\xf7\
U7+\xf6\x00\x00\x00\x00IEND\xaeB`\x82\
\
"

qt_resource_name = b"\
\x00\x04\
\x06\xcb\x15\xe7\
c\x09\
\x94\xaeV\xfeh\x07\
\x00\x06\
\x05\xe0Kg\
\x00W\
\x00i\x00n\x00d\x00o\x00w\
\x00\x03\
\x00\x00x\xc3\
\x00r\
\x00e\x00s\
\x00\x09\
\x09_\x97\x13\
\x00q\
\x00s\x00s\x00_\x00i\x00c\x00o\x00n\x00s\
\x00\x0e\
\x0dN{G\
\x00b\
\x00r\x00a\x00n\x00c\x00h\x00-\x00e\x00n\x00d\x00.\x00p\x00n\x00g\
\x00\x17\
\x04\xb5\xb5\xa7\
\x00r\
\x00a\x00d\x00i\x00o\x00b\x00u\x00t\x00t\x00o\x00n\x00_\x00c\x00h\x00e\x00c\x00k\
\x00e\x00d\x00.\x00p\x00n\x00g\
\x00\x09\
\x00H\xad'\
\x00v\
\x00l\x00i\x00n\x00e\x00.\x00p\x00n\x00g\
\x00\x1e\
\x00\xa9\xc0G\
\x00c\
\x00h\x00e\x00c\x00k\x00b\x00o\x00x\x00_\x00u\x00n\x00c\x00h\x00e\x00c\x00k\x00e\
\x00d\x00_\x00d\x00i\x00s\x00a\x00b\x00l\x00e\x00.\x00p\x00n\x00g\
\x00\x10\
\x0f\xb2\x81'\
\x00b\
\x00r\x00a\x00n\x00c\x00h\x00_\x00c\x00l\x00o\x00s\x00e\x00.\x00p\x00n\x00g\
\x00\x0c\
\x07\x22\x1b\x07\
\x00a\
\x00d\x00d\x00_\x00l\x00e\x00f\x00t\x00.\x00p\x00n\x00g\
\x00\x1f\
\x00W\x97G\
\x00r\
\x00a\x00d\x00i\x00o\x00b\x00u\x00t\x00t\x00o\x00n\x00_\x00c\x00h\x00e\x00c\x00k\
\x00e\x00d\x00_\x00d\x00i\x00s\x00a\x00b\x00l\x00e\x00.\x00p\x00n\x00g\
\x00\x1c\
\x07\x12\xa0'\
\x00c\
\x00h\x00e\x00c\x00k\x00b\x00o\x00x\x00_\x00p\x00a\x00r\x00c\x00i\x00a\x00l\x00_\
\x00d\x00i\x00s\x00a\x00b\x00l\x00e\x00.\x00p\x00n\x00g\
\x00\x0f\
\x06S%\xa7\
\x00b\
\x00r\x00a\x00n\x00c\x00h\x00_\x00o\x00p\x00e\x00n\x00.\x00p\x00n\x00g\
\x00\x16\
\x0d*\xdf\xe7\
\x00c\
\x00a\x00l\x00e\x00n\x00d\x00a\x00r\x00_\x00n\x00e\x00x\x00t\x00m\x00o\x00n\x00t\
\x00h\x00.\x00p\x00n\x00g\
\x00\x19\
\x08\x11)G\
\x00r\
\x00a\x00d\x00i\x00o\x00b\x00u\x00t\x00t\x00o\x00n\x00_\x00u\x00n\x00c\x00h\x00e\
\x00c\x00k\x00e\x00d\x00.\x00p\x00n\x00g\
\x00!\
\x09ne'\
\x00r\
\x00a\x00d\x00i\x00o\x00b\x00u\x00t\x00t\x00o\x00n\x00_\x00u\x00n\x00c\x00h\x00e\
\x00c\x00k\x00e\x00d\x00_\x00d\x00i\x00s\x00a\x00b\x00l\x00e\x00.\x00p\x00n\x00g\
\
\x00\x14\
\x09Z\x17'\
\x00c\
\x00h\x00e\x00c\x00k\x00b\x00o\x00x\x00_\x00p\x00a\x00r\x00c\x00i\x00a\x00l\x00.\
\x00p\x00n\x00g\
\x00\x1c\
\x02\x9fZ'\
\x00c\
\x00h\x00e\x00c\x00k\x00b\x00o\x00x\x00_\x00c\x00h\x00e\x00c\x00k\x00e\x00d\x00_\
\x00d\x00i\x00s\x00a\x00b\x00l\x00e\x00.\x00p\x00n\x00g\
\x00\x16\
\x0b\xac\x1f\xe7\
\x00c\
\x00a\x00l\x00e\x00n\x00d\x00a\x00r\x00_\x00p\x00r\x00e\x00v\x00m\x00o\x00n\x00t\
\x00h\x00.\x00p\x00n\x00g\
\x00\x16\
\x01u\xcc\x87\
\x00c\
\x00h\x00e\x00c\x00k\x00b\x00o\x00x\x00_\x00u\x00n\x00c\x00h\x00e\x00c\x00k\x00e\
\x00d\x00.\x00p\x00n\x00g\
\x00\x11\
\x0bv0\xa7\
\x00b\
\x00r\x00a\x00n\x00c\x00h\x00-\x00c\x00l\x00o\x00s\x00e\x00d\x00.\x00p\x00n\x00g\
\
\x00\x0d\
\x02\xa3\x87'\
\x00a\
\x00d\x00d\x00_\x00r\x00i\x00g\x00h\x00t\x00.\x00p\x00n\x00g\
\x00\x0f\
\x06\x16\x91\xe7\
\x00b\
\x00r\x00a\x00n\x00c\x00h\x00-\x00m\x00o\x00r\x00e\x00.\x00p\x00n\x00g\
\x00\x0b\
\x0b\xac\x03\x87\
\x00a\
\x00d\x00d\x00_\x00t\x00o\x00p\x00.\x00p\x00n\x00g\
\x00\x0e\
\x0e\x17c\xc7\
\x00a\
\x00d\x00d\x00_\x00b\x00o\x00t\x00t\x00o\x00m\x00.\x00p\x00n\x00g\
\x00\x14\
\x07\xec\xd1\xc7\
\x00c\
\x00h\x00e\x00c\x00k\x00b\x00o\x00x\x00_\x00c\x00h\x00e\x00c\x00k\x00e\x00d\x00.\
\x00p\x00n\x00g\
\x00\x0f\
\x06S\x91\xa7\
\x00b\
\x00r\x00a\x00n\x00c\x00h\x00-\x00o\x00p\x00e\x00n\x00.\x00p\x00n\x00g\
\x00\x06\
\x0a\x9e]\xe7\
N\x0a\
y\xfb\x00.\x00p\x00n\x00g\
\x00\x0a\
\x0f\xb8\x96\x07\
\x00g\
\x00i\x00t\x00h\x00u\x00b\x00.\x00p\x00n\x00g\
\x00\x06\
\x06\xb7Y\xa7\
n\x05\
\x96d\x00.\x00p\x00n\x00g\
\x00\x06\
\x05\x8c['\
^.\
R\xa9\x00.\x00p\x00n\x00g\
\x00\x06\
\x0bQE'\
\x8b\xbe\
\x7fn\x00.\x00p\x00n\x00g\
\x00\x08\
\x04[x\x07\
[\xfc\
Qec\x07N\xe4\x00.\x00p\x00n\x00g\
\x00\x06\
\x0a\xae]\xe7\
N\x0b\
y\xfb\x00.\x00p\x00n\x00g\
\x00\x08\
\x08]\x82g\
O\xee\
e9c\x07N\xe4\x00.\x00p\x00n\x00g\
\x00\x06\
\x09+]\xe7\
O\xdd\
[X\x00.\x00p\x00n\x00g\
\x00\x06\
\x09#\x5cG\
R7\
e\xb0\x00.\x00p\x00n\x00g\
\x00\x07\
\x07\xa7W\x87\
\x00a\
\x00d\x00d\x00.\x00p\x00n\x00g\
\x00\x06\
\x08g\x5c'\
R \
\x96d\x00.\x00p\x00n\x00g\
\x00\x06\
\x04\x1c]\x87\
O\xee\
e9\x00.\x00p\x00n\x00g\
\x00\x06\
\x05\xc1]\x87\
Qs\
N\x8e\x00.\x00p\x00n\x00g\
\x00\x09\
\x0a\xb8\x8bG\
\x00g\
\x00i\x00t\x00e\x00e\x00.\x00p\x00n\x00g\
\x00\x06\
\x02cZ\xc7\
cP\
\x8d`\x00.\x00p\x00n\x00g\
\x00\x06\
\x03\x09\x5c\x87\
Y\x0d\
R6\x00.\x00p\x00n\x00g\
\x00\x06\
\x05^Z\xa7\
g\xe5\
w\x0b\x00.\x00p\x00n\x00g\
\x00\x06\
\x07\xea\x5c\xe7\
V\xfe\
h\x07\x00.\x00p\x00n\x00g\
"

qt_resource_struct = b"\
\x00\x00\x00\x00\x00\x02\x00\x00\x00\x01\x00\x00\x00\x01\
\x00\x00\x00\x00\x00\x00\x00\x00\
\x00\x00\x00\x00\x00\x02\x00\x00\x00\x01\x00\x00\x00\x02\
\x00\x00\x00\x00\x00\x00\x00\x00\
\x00\x00\x00\x0e\x00\x02\x00\x00\x00\x02\x00\x00\x00\x03\
\x00\x00\x00\x00\x00\x00\x00\x00\
\x00\x00\x00 \x00\x02\x00\x00\x00\x13\x00\x00\x00!\
\x00\x00\x00\x00\x00\x00\x00\x00\
\x00\x00\x00,\x00\x02\x00\x00\x00\x1c\x00\x00\x00\x05\
\x00\x00\x00\x00\x00\x00\x00\x00\
\x00\x00\x00\x9a\x00\x00\x00\x00\x00\x01\x00\x00\x06\x8a\
\x00\x00\x01\x9f\xbcK\xd7&\
\x00\x00\x018\x00\x00\x00\x00\x00\x01\x00\x00\x0a\x90\
\x00\x00\x01\x9f\xbcK\xd7$\
\x00\x00\x00\xb2\x00\x00\x00\x00\x00\x01\x00\x00\x07\x9c\
\x00\x00\x01\x9f\xbcK\xd7#\
\x00\x00\x03.\x00\x00\x00\x00\x00\x01\x00\x00\x19\xd2\
\x00\x00\x01\x9f\xbcK\xd7!\
\x00\x00\x02\xbe\x00\x00\x00\x00\x00\x01\x00\x00\x17H\
\x00\x00\x01\x9f\xbcK\xd7 \
\x00\x00\x03\x88\x00\x00\x00\x00\x00\x01\x00\x00\x1b\x18\
\x00\x00\x01\x9f\xbcK\xd7\x18\
\x00\x00\x00f\x00\x00\x00\x00\x00\x01\x00\x00\x03\xb0\
\x00\x00\x01\x9f\xbcK\xd7#\
\x00\x00\x03\xa8\x00\x00\x00\x00\x00\x01\x00\x00\x1b\xf2\
\x00\x00\x01\x9f\xbcK\xd7\x1c\
\x00\x00\x01\xba\x00\x00\x00\x00\x00\x01\x00\x00\x0e\xb6\
\x00\x00\x01\x9f\xbcK\xd7\x1e\
\x00\x00\x01\xba\x00\x00\x00\x00\x00\x01\x00\x00\x0f\xc0\
\x00\x00\x01\x9f\xbcK\xd7\x1e\
\x00\x00\x048\x00\x00\x00\x00\x00\x01\x00\x00\x1f.\
\x00\x00\x01\x9f\xbcK\xd7\x1d\
\x00\x00\x01|\x00\x00\x00\x00\x00\x01\x00\x00\x0d\xc5\
\x00\x00\x01\x9f\xbcK\xd7!\
\x00\x00\x01\x1a\x00\x00\x00\x00\x00\x01\x00\x00\x09\xb1\
\x00\x00\x01\x9f\xbcK\xd7\x18\
\x00\x00\x04\x0a\x00\x00\x00\x00\x00\x01\x00\x00\x1e\x09\
\x00\x00\x01\x9f\xbcK\xd7 \
\x00\x00\x02\x10\x00\x00\x00\x00\x00\x01\x00\x00\x124\
\x00\x00\x01\x9f\xbcK\xd7$\
\x00\x00\x02\x90\x00\x00\x00\x00\x00\x01\x00\x00\x16\x98\
\x00\x00\x01\x9f\xbcK\xd7 \
\x00\x00\x02H\x00\x00\x00\x00\x00\x01\x00\x00\x14C\
\x00\x00\x01\x9f\xbcK\xd7$\
\x00\x00\x03`\x00\x00\x00\x00\x00\x01\x00\x00\x1a[\
\x00\x00\x01\x9f\xbcK\xd7\x1a\
\x00\x00\x03\xcc\x00\x00\x00\x00\x00\x01\x00\x00\x1c\x9a\
\x00\x00\x01\x9f\xbcK\xd7\x1a\
\x00\x00\x02\xfc\x00\x00\x00\x00\x00\x01\x00\x00\x18y\
\x00\x00\x01\x9f\xbcK\xd7\x1f\
\x00\x00\x01\xde\x00\x00\x00\x00\x00\x01\x00\x00\x10\xca\
\x00\x00\x01\x9f\xbcK\xd7\x1f\
\x00\x00\x00D\x00\x00\x00\x00\x00\x01\x00\x00\x00\x00\
\x00\x00\x01\x9f\xbcK\xd7\x1a\
\x00\x00\x00D\x00\x00\x00\x00\x00\x01\x00\x00\x00\xec\
\x00\x00\x01\x9f\xbcK\xd7\x1a\
\x00\x00\x00D\x00\x00\x00\x00\x00\x01\x00\x00\x01\xd8\
\x00\x00\x01\x9f\xbcK\xd7\x1a\
\x00\x00\x00D\x00\x00\x00\x00\x00\x01\x00\x00\x02\xc4\
\x00\x00\x01\x9f\xbcK\xd7\x1a\
\x00\x00\x03\xe8\x00\x00\x00\x00\x00\x01\x00\x00\x1dP\
\x00\x00\x01\x9f\xbcK\xd7\x18\
\x00\x00\x00\xf4\x00\x00\x00\x00\x00\x01\x00\x00\x08)\
\x00\x00\x01\x9f\xbcK\xd7\x1d\
\x00\x00\x00\xf4\x00\x00\x00\x00\x00\x01\x00\x00\x08\xed\
\x00\x00\x01\x9f\xbcK\xd7\x1d\
\x00\x00\x05\x82\x00\x00\x00\x00\x00\x01\x00\x01\x81\xa5\
\x00\x00\x01\x9f\xbcK\xd71\
\x00\x00\x05\x94\x00\x00\x00\x00\x00\x01\x00\x01\xde\xaa\
\x00\x00\x01\x9f\xbcK\xd7/\
\x00\x00\x05F\x00\x00\x00\x00\x00\x01\x00\x01B\xc9\
\x00\x00\x01\x9f\xbcK\xd7*\
\x00\x00\x04\xbe\x00\x00\x00\x00\x00\x01\x00\x00\x93b\
\x00\x00\x01\x9f\xbcK\xd7/\
\x00\x00\x05\xa6\x00\x00\x00\x00\x00\x01\x00\x02\x82\x16\
\x00\x00\x01\x9f\xbcK\xd73\
\x00\x00\x04\x9a\x00\x00\x00\x00\x00\x01\x00\x00c\xdd\
\x00\x00\x01\x9f\xbcK\xd71\
\x00\x00\x05X\x00\x00\x00\x00\x00\x01\x00\x01Q\x0a\
\x00\x00\x01\x9f\xbcK\xd7,\
\x00\x00\x04\x88\x00\x00\x00\x00\x00\x01\x00\x00V\x86\
\x00\x00\x01\x9f\xbcK\xd74\
\x00\x00\x05 \x00\x00\x00\x00\x00\x01\x00\x01>\xcb\
\x00\x00\x01\x9f\xbcK\xd7'\
\x00\x00\x05\xb8\x00\x00\x00\x00\x00\x01\x00\x02\x99P\
\x00\x00\x01\x9f\xbcK\xd7.\
\x00\x00\x04\xe6\x00\x00\x00\x00\x00\x01\x00\x00\xa9a\
\x00\x00\x01\x9f\xbcK\xd7,\
\x00\x00\x054\x00\x00\x00\x00\x00\x01\x00\x01AR\
\x00\x00\x01\x9f\xbcK\xd7,\
\x00\x00\x05\x0e\x00\x00\x00\x00\x00\x01\x00\x01(u\
\x00\x00\x01\x9f\xbcK\xd7.\
\x00\x00\x04\xfc\x00\x00\x00\x00\x00\x01\x00\x01\x19\x5c\
\x00\x00\x01\x9f\xbcK\xd7)\
\x00\x00\x04\x5c\x00\x00\x00\x00\x00\x01\x00\x00\x1f\xe4\
\x00\x00\x01\x9f\xbcK\xd7(\
\x00\x00\x04\xd4\x00\x00\x00\x00\x00\x01\x00\x00\xa5\xbb\
\x00\x00\x01\x9f\xbcK\xd7)\
\x00\x00\x05j\x00\x00\x00\x00\x00\x01\x00\x01k\x14\
\x00\x00\x01\x9f\xbcK\xd7'\
\x00\x00\x04\xac\x00\x00\x00\x00\x00\x01\x00\x00|\x89\
\x00\x00\x01\x9f\xbcK\xd76\
\x00\x00\x04n\x00\x00\x00\x00\x00\x01\x00\x00#\x8a\
\x00\x00\x01\x9f\xbcK\xd7'\
"

def qInitResources():
    QtCore.qRegisterResourceData(0x03, qt_resource_struct, qt_resource_name, qt_resource_data)

def qCleanupResources():
    QtCore.qUnregisterResourceData(0x03, qt_resource_struct, qt_resource_name, qt_resource_data)

qInitResources()
